"","workerid","item","slide_number","language","MUsharedother","target","obj2","obj3","itemCode","MUnumchoices","MUsharedlistenerpick","MUalign","utterance","response","gender","age"
"1",0,242560,6,"english",NA,233,232,321,"2diff2NA",2,2,"diff","circle",0.6,"Male","28"
"2",0,74461,7,"english",NA,332,312,112,"2sameNANA",2,NA,"same","square",0.1,"Male","28"
"3",0,4700,8,"english",NA,311,321,231,"2sameNANA",2,NA,"same","square",1,"Male","28"
"4",0,268730,9,"english",NA,222,112,333,"1sameNANA",1,NA,"same","circle",1,"Male","28"
"5",0,269301,10,"english",1,311,322,333,"3diff11",3,1,"diff","square",0.15,"Male","28"
"6",0,1261,11,"english",NA,321,311,211,"2sameNANA",2,NA,"same","square",1,"Male","28"
"7",0,58480,12,"english",NA,232,231,121,"1sameNANA",1,NA,"same","red",1,"Male","28"
"8",0,79780,13,"english",2,332,132,122,"3diff12",3,1,"diff","red",0.7,"Male","28"
"9",0,150810,14,"english",NA,231,213,123,"1sameNANA",1,NA,"same","polka-dotted",1,"Male","28"
"10",0,73251,15,"english",NA,212,332,231,"2diff1NA",2,1,"diff","red",0.4,"Male","28"
"11",0,67820,16,"english",NA,222,232,132,"3sameNANA",3,NA,"same","red",1,"Male","28"
"12",0,15842,17,"english",1,112,212,311,"3diff21",3,2,"diff","solid",0.25,"Male","28"
"13",0,131242,18,"english",2,213,211,313,"3diff22",3,2,"diff","solid",0.5,"Male","28"
"14",0,217610,19,"english",NA,232,332,133,"3sameNANA",3,NA,"same","polka-dotted",0.85,"Male","28"
"15",0,144131,20,"english",NA,132,131,123,"3sameNANA",3,NA,"same","cloud",0.8,"Male","28"
"16",1,285700,6,"English",NA,221,323,333,"1sameNANA",1,NA,"same","circle",1,"Female","27"
"17",1,60600,7,"English",NA,211,212,232,"3sameNANA",3,NA,"same","circle",0.7,"Female","27"
"18",1,208420,8,"English",NA,321,312,133,"1sameNANA",1,NA,"same","blue",0.9,"Female","27"
"19",1,14451,9,"English",NA,231,121,212,"2sameNANA",2,NA,"same","blue",0.7,"Female","27"
"20",1,84300,10,"English",NA,131,113,231,"2sameNANA",2,NA,"same","cloud",0.85,"Female","27"
"21",1,248922,11,"English",2,113,213,233,"3diff12",3,1,"diff","green",0,"Female","27"
"22",1,171050,12,"English",NA,113,223,332,"2sameNANA",2,NA,"same","green",0.75,"Female","27"
"23",1,3181,13,"English",1,131,211,321,"3diff11",3,1,"diff","blue",0.05,"Female","27"
"24",1,120540,14,"English",2,312,313,212,"3diff22",3,2,"diff","solid",0.05,"Female","27"
"25",1,227170,15,"English",NA,133,232,223,"2diff1NA",2,1,"diff","polka-dotted",0.05,"Female","27"
"26",1,272610,16,"English",NA,131,232,333,"3sameNANA",3,NA,"same","polka-dotted",0.95,"Female","27"
"27",1,4850,17,"English",1,321,121,231,"3diff21",3,2,"diff","blue",0.1,"Female","27"
"28",1,63962,18,"English",NA,232,222,211,"3sameNANA",3,NA,"same","circle",0.95,"Female","27"
"29",1,207170,19,"English",NA,133,311,212,"1sameNANA",1,NA,"same","polka-dotted",0.9,"Female","27"
"30",1,60760,20,"English",NA,232,212,311,"2diff2NA",2,2,"diff","circle",0,"Female","27"
"31",2,37730,6,"English",NA,321,322,121,"2sameNANA",2,NA,"same","square",0.75,"Male","33"
"32",2,248921,7,"English",1,113,213,233,"3diff21",3,2,"diff","green",0.2,"Male","33"
"33",2,274450,8,"English",NA,332,331,333,"1sameNANA",1,NA,"same","red",0.65,"Male","33"
"34",2,171200,9,"English",NA,211,213,223,"3sameNANA",3,NA,"same","circle",0.3,"Male","33"
"35",2,226000,10,"English",NA,321,223,133,"1sameNANA",1,NA,"same","square",0.7,"Male","33"
"36",2,206002,11,"English",2,111,112,133,"3diff12",3,1,"diff","cloud",0.35,"Male","33"
"37",2,187442,12,"English",2,322,323,122,"3diff22",3,2,"diff","striped",0.65,"Male","33"
"38",2,150810,13,"English",NA,231,213,123,"1sameNANA",1,NA,"same","polka-dotted",0.25,"Male","33"
"39",2,280920,14,"English",NA,213,313,333,"3sameNANA",3,NA,"same","green",0.6,"Male","33"
"40",2,227170,15,"English",NA,133,232,223,"2diff1NA",2,1,"diff","polka-dotted",0.35,"Male","33"
"41",2,17230,16,"English",NA,221,211,312,"2diff2NA",2,2,"diff","circle",0.1,"Male","33"
"42",2,7120,17,"English",NA,111,131,331,"3sameNANA",3,NA,"same","blue",0.4,"Male","33"
"43",2,171050,18,"English",NA,113,223,332,"2sameNANA",2,NA,"same","green",0.65,"Male","33"
"44",2,76881,19,"English",1,332,212,222,"3diff11",3,1,"diff","red",0.3,"Male","33"
"45",2,70451,20,"English",NA,231,121,332,"2sameNANA",2,NA,"same","blue",0.6,"Male","33"
"46",3,181731,6,"ENGLISH",NA,212,211,323,"2sameNANA",2,NA,"same","circle",0.5,"Male","29`"
"47",3,292052,7,"ENGLISH",1,233,333,313,"3diff21",3,2,"diff","green",0.6,"Male","29`"
"48",3,86270,8,"ENGLISH",1,113,211,212,"3diff11",3,1,"diff","solid",0.5,"Male","29`"
"49",3,153570,9,"ENGLISH",NA,123,132,313,"1sameNANA",1,NA,"same","striped",0.5,"Male","29`"
"50",3,285700,10,"ENGLISH",NA,221,323,333,"1sameNANA",1,NA,"same","circle",0.5,"Male","29`"
"51",3,4700,11,"ENGLISH",NA,311,321,231,"2sameNANA",2,NA,"same","square",0.7,"Male","29`"
"52",3,175160,12,"ENGLISH",NA,223,211,123,"2diff1NA",2,1,"diff","circle",0.65,"Male","29`"
"53",3,178531,13,"ENGLISH",NA,321,323,221,"2diff2NA",2,2,"diff","square",0.5,"Male","29`"
"54",3,284951,14,"ENGLISH",NA,223,113,333,"3sameNANA",3,NA,"same","green",0.7,"Male","29`"
"55",3,58940,15,"ENGLISH",NA,331,232,211,"2sameNANA",2,NA,"same","polka-dotted",0.6,"Male","29`"
"56",3,142642,16,"ENGLISH",2,322,321,123,"3diff12",3,1,"diff","striped",0.5,"Male","29`"
"57",3,102610,17,"ENGLISH",NA,311,312,213,"3sameNANA",3,NA,"same","solid",0.5,"Male","29`"
"58",3,7020,18,"ENGLISH",NA,221,321,331,"3sameNANA",3,NA,"same","blue",0.5,"Male","29`"
"59",3,174922,19,"ENGLISH",2,213,223,313,"3diff22",3,2,"diff","green",0.5,"Male","29`"
"60",3,150810,20,"ENGLISH",NA,231,213,123,"1sameNANA",1,NA,"same","polka-dotted",0.6,"Male","29`"
"61",4,159100,6,"ENGLISH",NA,131,212,223,"1sameNANA",1,NA,"same","cloud",0.8,"Female","40"
"62",4,15842,7,"ENGLISH",1,112,212,311,"3diff21",3,2,"diff","solid",0.7,"Female","40"
"63",4,157210,8,"ENGLISH",NA,221,223,331,"2sameNANA",2,NA,"same","striped",0.35,"Female","40"
"64",4,3081,9,"ENGLISH",2,131,111,321,"3diff12",3,1,"diff","blue",0.15,"Female","40"
"65",4,280951,10,"ENGLISH",NA,313,333,213,"3sameNANA",3,NA,"same","green",0.6,"Female","40"
"66",4,236180,11,"ENGLISH",NA,233,131,312,"1sameNANA",1,NA,"same","green",0.6,"Female","40"
"67",4,273140,12,"ENGLISH",NA,232,333,312,"2sameNANA",2,NA,"same","polka-dotted",0.3,"Female","40"
"68",4,131242,13,"ENGLISH",2,213,211,313,"3diff22",3,2,"diff","solid",0.75,"Female","40"
"69",4,266431,14,"ENGLISH",NA,312,333,112,"2diff1NA",2,1,"diff","square",0.3,"Female","40"
"70",4,269301,15,"ENGLISH",1,311,322,333,"3diff11",3,1,"diff","square",0.7,"Female","40"
"71",4,111621,16,"ENGLISH",NA,312,332,213,"2diff2NA",2,2,"diff","red",0.8,"Female","40"
"72",4,118772,17,"ENGLISH",NA,313,311,212,"3sameNANA",3,NA,"same","solid",0.25,"Female","40"
"73",4,205400,18,"ENGLISH",NA,311,331,133,"2sameNANA",2,NA,"same","square",0.85,"Female","40"
"74",4,87210,19,"ENGLISH",NA,211,312,113,"3sameNANA",3,NA,"same","solid",0.85,"Female","40"
"75",4,142430,20,"ENGLISH",NA,322,121,123,"1sameNANA",1,NA,"same","square",0.85,"Female","40"
"76",5,7522,6,"english",1,221,131,331,"3diff11",3,1,"diff","blue",0.6,"Male","27"
"77",5,154701,7,"english",1,211,221,223,"3diff21",3,2,"diff","circle",0.5,"Male","27"
"78",5,267420,8,"english",NA,331,333,122,"1sameNANA",1,NA,"same","blue",0.65,"Male","27"
"79",5,171200,9,"english",NA,211,213,223,"3sameNANA",3,NA,"same","circle",0.65,"Male","27"
"80",5,200150,10,"english",2,123,323,313,"3diff12",3,1,"diff","green",0.25,"Male","27"
"81",5,201670,11,"english",2,323,322,223,"3diff22",3,2,"diff","striped",0.35,"Male","27"
"82",5,14451,12,"english",NA,231,121,212,"2sameNANA",2,NA,"same","blue",0.65,"Male","27"
"83",5,35040,13,"english",NA,312,112,222,"2diff2NA",2,2,"diff","solid",0.5,"Male","27"
"84",5,280920,14,"english",NA,213,313,333,"3sameNANA",3,NA,"same","green",0.8,"Male","27"
"85",5,89940,15,"english",NA,222,321,113,"2diff1NA",2,1,"diff","striped",0.3,"Male","27"
"86",5,65170,16,"english",NA,232,322,111,"1sameNANA",1,NA,"same","polka-dotted",0.75,"Male","27"
"87",5,269020,17,"english",NA,122,222,333,"2sameNANA",2,NA,"same","red",0.65,"Male","27"
"88",5,117530,18,"english",NA,331,313,231,"2sameNANA",2,NA,"same","square",0.55,"Male","27"
"89",5,7020,19,"english",NA,221,321,331,"3sameNANA",3,NA,"same","blue",0.75,"Male","27"
"90",5,150040,20,"english",NA,113,123,332,"1sameNANA",1,NA,"same","solid",0.8,"Male","27"
"91",6,209900,6,"eng",NA,112,122,133,"3sameNANA",3,NA,"same","cloud",0.65,"Female","32"
"92",6,276650,7,"eng",NA,113,333,222,"2sameNANA",2,NA,"same","green",0.25,"Female","32"
"93",6,188441,8,"eng",NA,132,331,323,"2sameNANA",2,NA,"same","polka-dotted",0.75,"Female","32"
"94",6,6350,9,"eng",1,221,211,331,"3diff21",3,2,"diff","blue",0.15,"Female","32"
"95",6,87210,10,"eng",NA,211,312,113,"3sameNANA",3,NA,"same","solid",0.5,"Female","32"
"96",6,280920,11,"eng",NA,213,313,333,"3sameNANA",3,NA,"same","green",0.7,"Female","32"
"97",6,18001,12,"eng",NA,111,131,312,"2diff2NA",2,2,"diff","cloud",0.35,"Female","32"
"98",6,94680,13,"eng",NA,113,212,232,"1sameNANA",1,NA,"same","green",0.7,"Female","32"
"99",6,273450,14,"eng",NA,232,322,333,"2diff1NA",2,1,"diff","red",0.7,"Female","32"
"100",6,5522,15,"eng",1,321,131,231,"3diff11",3,1,"diff","blue",0.3,"Female","32"
"101",6,208170,16,"eng",NA,133,311,312,"1sameNANA",1,NA,"same","polka-dotted",0.35,"Female","32"
"102",6,81150,17,"eng",2,232,332,312,"3diff12",3,1,"diff","red",0.7,"Female","32"
"103",6,1940,18,"eng",2,221,121,321,"3diff22",3,2,"diff","striped",0.3,"Female","32"
"104",6,153570,19,"eng",NA,123,132,313,"1sameNANA",1,NA,"same","striped",0.5,"Female","32"
"105",6,255681,20,"eng",NA,233,323,121,"2sameNANA",2,NA,"same","green",0.7,"Female","32"
"106",7,17450,6,"English",NA,221,121,312,"2diff2NA",2,2,"diff","blue",0.15,"Male","33"
"107",7,280110,7,"English",NA,312,313,333,"2sameNANA",2,NA,"same","solid",0.9,"Male","33"
"108",7,272460,8,"English",NA,333,232,221,"1sameNANA",1,NA,"same","square",0.95,"Male","33"
"109",7,34021,9,"English",1,112,212,222,"3diff21",3,2,"diff","red",0,"Male","33"
"110",7,77331,10,"English",NA,322,332,311,"3sameNANA",3,NA,"same","square",1,"Male","33"
"111",7,292451,11,"English",NA,233,133,333,"3sameNANA",3,NA,"same","green",0.9,"Male","33"
"112",7,103410,12,"English",NA,212,213,312,"3sameNANA",3,NA,"same","solid",0.8,"Male","33"
"113",7,103511,13,"English",NA,111,213,122,"2diff1NA",2,1,"diff","solid",0.85,"Male","33"
"114",7,143442,14,"English",2,322,222,123,"3diff12",3,1,"diff","striped",0.85,"Male","33"
"115",7,54110,15,"English",NA,331,132,222,"2sameNANA",2,NA,"same","polka-dotted",0.85,"Male","33"
"116",7,291642,16,"English",2,233,232,333,"3diff22",3,2,"diff","polka-dotted",0.8,"Male","33"
"117",7,125150,17,"English",NA,132,131,313,"1sameNANA",1,NA,"same","red",1,"Male","33"
"118",7,5522,18,"English",1,321,131,231,"3diff11",3,1,"diff","blue",0.85,"Male","33"
"119",7,206850,19,"English",NA,112,133,331,"1sameNANA",1,NA,"same","red",1,"Male","33"
"120",7,117530,20,"English",NA,331,313,231,"2sameNANA",2,NA,"same","square",0.8,"Male","33"
"121",8,8910,6,"english",NA,311,112,121,"2sameNANA",2,NA,"same","solid",0.8,"Male","29"
"122",8,64230,7,"english",2,222,221,232,"3diff22",3,2,"diff","circle",0.7,"Male","29"
"123",8,21930,8,"english",NA,212,112,312,"1sameNANA",1,NA,"same","circle",0.65,"Male","29"
"124",8,76081,9,"english",NA,332,222,311,"2sameNANA",2,NA,"same","red",0.35,"Male","29"
"125",8,63962,10,"english",NA,232,222,211,"3sameNANA",3,NA,"same","circle",0.7,"Male","29"
"126",8,190900,11,"english",NA,311,332,323,"3sameNANA",3,NA,"same","square",0.3,"Male","29"
"127",8,83162,12,"english",NA,113,111,131,"3sameNANA",3,NA,"same","cloud",0.7,"Male","29"
"128",8,114040,13,"english",1,211,111,313,"3diff21",3,2,"diff","solid",0.35,"Male","29"
"129",8,17450,14,"english",NA,221,121,312,"2diff2NA",2,2,"diff","blue",0.75,"Male","29"
"130",8,268730,15,"english",NA,222,112,333,"1sameNANA",1,NA,"same","circle",0.4,"Male","29"
"131",8,244212,16,"english",1,131,332,233,"3diff11",3,1,"diff","polka-dotted",0.7,"Male","29"
"132",8,134270,17,"english",NA,123,321,311,"2diff1NA",2,1,"diff","striped",0.3,"Male","29"
"133",8,158961,18,"english",2,223,221,212,"3diff12",3,1,"diff","circle",0.75,"Male","29"
"134",8,150810,19,"english",NA,231,213,123,"1sameNANA",1,NA,"same","polka-dotted",0.3,"Male","29"
"135",8,14371,20,"english",NA,212,311,231,"2sameNANA",2,NA,"same","solid",0.7,"Male","29"
"136",9,211330,6,"english",NA,222,312,133,"1sameNANA",1,NA,"same","circle",0.8,"Male","25"
"137",9,87371,7,"english",1,113,311,312,"3diff11",3,1,"diff","solid",0.25,"Male","25"
"138",9,284951,8,"english",NA,223,113,333,"3sameNANA",3,NA,"same","green",0.8,"Male","25"
"139",9,11201,9,"english",NA,111,112,331,"2diff2NA",2,2,"diff","cloud",0.3,"Male","25"
"140",9,4700,10,"english",NA,311,321,231,"2sameNANA",2,NA,"same","square",0.75,"Male","25"
"141",9,73251,11,"english",NA,212,332,231,"2diff1NA",2,1,"diff","red",0.2,"Male","25"
"142",9,125150,12,"english",NA,132,131,313,"1sameNANA",1,NA,"same","red",0.25,"Male","25"
"143",9,288341,13,"english",NA,133,333,231,"3sameNANA",3,NA,"same","polka-dotted",0.75,"Male","25"
"144",9,20371,14,"english",2,312,311,112,"3diff22",3,2,"diff","solid",0.3,"Male","25"
"145",9,156562,15,"english",NA,223,221,231,"3sameNANA",3,NA,"same","circle",0.85,"Male","25"
"146",9,124232,16,"english",2,322,312,313,"3diff12",3,1,"diff","square",0.85,"Male","25"
"147",9,273161,17,"english",NA,333,312,232,"2sameNANA",2,NA,"same","square",0.1,"Male","25"
"148",9,148781,18,"english",NA,123,113,221,"2sameNANA",2,NA,"same","green",0.4,"Male","25"
"149",9,149100,19,"english",NA,331,113,123,"1sameNANA",1,NA,"same","square",0.8,"Male","25"
"150",9,153880,20,"english",1,123,113,313,"3diff21",3,2,"diff","green",0.25,"Male","25"
"151",10,159911,6,"English",NA,221,223,312,"2diff2NA",2,2,"diff","striped",0.75,"Male","28"
"152",10,200150,7,"English",2,123,323,313,"3diff12",3,1,"diff","green",0.75,"Male","28"
"153",10,267420,8,"English",NA,331,333,122,"1sameNANA",1,NA,"same","blue",0.15,"Male","28"
"154",10,7151,9,"English",NA,131,111,331,"3sameNANA",3,NA,"same","blue",0.65,"Male","28"
"155",10,274412,10,"English",2,331,332,333,"3diff22",3,2,"diff","polka-dotted",0.7,"Male","28"
"156",10,188380,11,"English",NA,323,231,132,"1sameNANA",1,NA,"same","green",0.9,"Male","28"
"157",10,87172,12,"English",NA,113,111,312,"3sameNANA",3,NA,"same","solid",0.65,"Male","28"
"158",10,31580,13,"English",NA,222,211,331,"1sameNANA",1,NA,"same","red",0.1,"Male","28"
"159",10,157210,14,"English",NA,221,223,331,"2sameNANA",2,NA,"same","striped",0.35,"Male","28"
"160",10,56861,15,"English",NA,232,221,311,"2sameNANA",2,NA,"same","circle",0.95,"Male","28"
"161",10,122310,16,"English",NA,321,222,313,"2sameNANA",2,NA,"same","striped",0.7,"Male","28"
"162",10,185270,17,"English",1,323,121,222,"3diff11",3,1,"diff","striped",0.4,"Male","28"
"163",10,87210,18,"English",NA,211,312,113,"3sameNANA",3,NA,"same","solid",0.6,"Male","28"
"164",10,21560,19,"English",NA,312,321,212,"2diff1NA",2,1,"diff","square",0.35,"Male","28"
"165",10,25902,20,"English",1,121,122,112,"3diff21",3,2,"diff","cloud",0.65,"Male","28"
"166",11,292052,6,"english",1,233,333,313,"3diff21",3,2,"diff","green",0.3,"Female","46"
"167",11,192111,7,"english",NA,322,323,332,"2diff2NA",2,2,"diff","striped",0.6,"Female","46"
"168",11,14371,8,"english",NA,212,311,231,"2sameNANA",2,NA,"same","solid",0.6,"Female","46"
"169",11,273801,9,"english",1,311,332,333,"3diff11",3,1,"diff","square",0.4,"Female","46"
"170",11,99760,10,"english",NA,213,111,331,"1sameNANA",1,NA,"same","circle",0.95,"Female","46"
"171",11,81771,11,"english",2,113,111,311,"3diff12",3,1,"diff","solid",0.15,"Female","46"
"172",11,273161,12,"english",NA,333,312,232,"2sameNANA",2,NA,"same","square",0.7,"Female","46"
"173",11,83970,13,"english",NA,113,311,231,"2diff1NA",2,1,"diff","solid",0.15,"Female","46"
"174",11,209600,14,"english",NA,131,133,122,"3sameNANA",3,NA,"same","cloud",0.8,"Female","46"
"175",11,84300,15,"english",NA,131,113,231,"2sameNANA",2,NA,"same","cloud",0.8,"Female","46"
"176",11,188380,16,"english",NA,323,231,132,"1sameNANA",1,NA,"same","green",0.75,"Female","46"
"177",11,267420,17,"english",NA,331,333,122,"1sameNANA",1,NA,"same","blue",0.6,"Female","46"
"178",11,155412,18,"english",2,221,223,321,"3diff22",3,2,"diff","striped",0.7,"Female","46"
"179",11,92731,19,"english",NA,132,131,113,"3sameNANA",3,NA,"same","cloud",0.65,"Female","46"
"180",11,187300,20,"english",NA,312,322,323,"3sameNANA",3,NA,"same","square",0.75,"Female","46"
"181",12,292220,6,"English",NA,223,233,333,"3sameNANA",3,NA,"same","green",0.8,"Male","39"
"182",12,269020,7,"English",NA,122,222,333,"2sameNANA",2,NA,"same","red",0.8,"Male","39"
"183",12,11980,8,"English",NA,112,231,331,"1sameNANA",1,NA,"same","red",0.3,"Male","39"
"184",12,143442,9,"English",2,322,222,123,"3diff12",3,1,"diff","striped",1,"Male","39"
"185",12,103412,10,"English",2,212,213,312,"3diff22",3,2,"diff","solid",0.9,"Male","39"
"186",12,219380,11,"English",NA,133,113,232,"2diff2NA",2,2,"diff","green",0.3,"Male","39"
"187",12,111360,12,"English",NA,213,331,332,"1sameNANA",1,NA,"same","circle",0,"Male","39"
"188",12,157210,13,"English",NA,221,223,331,"2sameNANA",2,NA,"same","striped",0.15,"Male","39"
"189",12,209900,14,"English",NA,112,122,133,"3sameNANA",3,NA,"same","cloud",0.95,"Male","39"
"190",12,49871,15,"English",NA,132,231,112,"2sameNANA",2,NA,"same","polka-dotted",0.85,"Male","39"
"191",12,287221,16,"English",1,213,323,333,"3diff11",3,1,"diff","green",0.75,"Male","39"
"192",12,288341,17,"English",NA,133,333,231,"3sameNANA",3,NA,"same","polka-dotted",0.75,"Male","39"
"193",12,58480,18,"English",NA,232,231,121,"1sameNANA",1,NA,"same","red",1,"Male","39"
"194",12,228580,19,"English",NA,133,323,331,"2diff1NA",2,1,"diff","green",0.75,"Male","39"
"195",12,266360,20,"English",1,333,331,312,"3diff21",3,2,"diff","square",0.7,"Male","39"
"196",13,213480,6,"english",NA,133,132,321,"1sameNANA",1,NA,"same","green",0.75,"Male","25"
"197",13,276650,7,"english",NA,113,333,222,"2sameNANA",2,NA,"same","green",0.75,"Male","25"
"198",13,138130,8,"english",NA,212,131,123,"1sameNANA",1,NA,"same","circle",0.65,"Male","25"
"199",13,275600,9,"english",NA,121,113,333,"2sameNANA",2,NA,"same","cloud",0.7,"Male","25"
"200",13,212840,10,"english",NA,322,222,133,"2diff2NA",2,2,"diff","striped",0.7,"Male","25"
"201",13,63520,11,"english",NA,112,122,232,"3sameNANA",3,NA,"same","red",0.7,"Male","25"
"202",13,132011,12,"english",1,112,213,313,"3diff11",3,1,"diff","solid",0.6,"Male","25"
"203",13,103511,13,"english",NA,111,213,122,"2diff1NA",2,1,"diff","solid",0.75,"Male","25"
"204",13,7120,14,"english",NA,111,131,331,"3sameNANA",3,NA,"same","blue",0.7,"Male","25"
"205",13,273161,15,"english",NA,333,312,232,"2sameNANA",2,NA,"same","square",0.7,"Male","25"
"206",13,23372,16,"english",NA,122,121,321,"3sameNANA",3,NA,"same","striped",0.7,"Male","25"
"207",13,79780,17,"english",2,332,132,122,"3diff12",3,1,"diff","red",0.3,"Male","25"
"208",13,7281,18,"english",1,331,131,211,"3diff21",3,2,"diff","blue",0.6,"Male","25"
"209",13,134311,19,"english",2,121,123,321,"3diff22",3,2,"diff","striped",0.3,"Male","25"
"210",13,147480,20,"english",NA,123,331,332,"1sameNANA",1,NA,"same","green",0.4,"Male","25"
"211",14,287680,6,"english",NA,333,133,111,"2diff2NA",2,2,"diff","green",0.75,"Male","25"
"212",14,15842,7,"english",1,112,212,311,"3diff21",3,2,"diff","solid",0.85,"Male","25"
"213",14,227620,8,"english",NA,123,133,223,"3sameNANA",3,NA,"same","green",0.9,"Male","25"
"214",14,66382,9,"english",NA,232,122,322,"3sameNANA",3,NA,"same","red",0.85,"Male","25"
"215",14,282350,10,"english",NA,123,333,222,"2sameNANA",2,NA,"same","green",0.75,"Male","25"
"216",14,142442,11,"english",1,322,121,123,"3diff11",3,1,"diff","striped",0.85,"Male","25"
"217",14,95501,12,"english",NA,121,113,332,"2diff1NA",2,1,"diff","cloud",0.75,"Male","25"
"218",14,117200,13,"english",NA,221,331,313,"1sameNANA",1,NA,"same","circle",0.9,"Male","25"
"219",14,102610,14,"english",NA,311,312,213,"3sameNANA",3,NA,"same","solid",0.85,"Male","25"
"220",14,64230,15,"english",2,222,221,232,"3diff22",3,2,"diff","circle",0.85,"Male","25"
"221",14,125150,16,"english",NA,132,131,313,"1sameNANA",1,NA,"same","red",0.8,"Male","25"
"222",14,64980,17,"english",2,232,222,312,"3diff12",3,1,"diff","red",0.85,"Male","25"
"223",14,269020,18,"english",NA,122,222,333,"2sameNANA",2,NA,"same","red",0.8,"Male","25"
"224",14,55320,19,"english",NA,231,132,322,"1sameNANA",1,NA,"same","blue",0.9,"Male","25"
"225",14,175171,20,"english",NA,223,123,211,"2sameNANA",2,NA,"same","striped",0.7,"Male","25"
"241",16,258212,6,"english",2,131,133,233,"3diff12",3,1,"diff","polka-dotted",0.65,"Male","33"
"242",16,188441,7,"english",NA,132,331,323,"2sameNANA",2,NA,"same","polka-dotted",0.65,"Male","33"
"243",16,74461,8,"english",NA,332,312,112,"2sameNANA",2,NA,"same","square",0.6,"Male","33"
"244",16,99760,9,"english",NA,213,111,331,"1sameNANA",1,NA,"same","circle",0.6,"Male","33"
"245",16,95380,10,"english",NA,113,211,332,"1sameNANA",1,NA,"same","green",0.35,"Male","33"
"246",16,269020,11,"english",NA,122,222,333,"2sameNANA",2,NA,"same","red",0.6,"Male","33"
"247",16,165311,12,"english",NA,331,132,223,"2diff1NA",2,1,"diff","polka-dotted",0.45,"Male","33"
"248",16,5030,13,"english",NA,131,111,231,"2diff2NA",2,2,"diff","cloud",0.6,"Male","33"
"249",16,7120,14,"english",NA,111,131,331,"3sameNANA",3,NA,"same","blue",0.8,"Male","33"
"250",16,270261,15,"english",1,333,312,322,"3diff11",3,1,"diff","square",0.6,"Male","33"
"251",16,114040,16,"english",1,211,111,313,"3diff21",3,2,"diff","solid",0.65,"Male","33"
"252",16,257582,17,"english",NA,233,223,323,"3sameNANA",3,NA,"same","green",0.6,"Male","33"
"253",16,280920,18,"english",NA,213,313,333,"3sameNANA",3,NA,"same","green",0.4,"Male","33"
"254",16,11980,19,"english",NA,112,231,331,"1sameNANA",1,NA,"same","red",0.65,"Male","33"
"255",16,180401,20,"english",2,321,323,331,"3diff22",3,2,"diff","square",0.6,"Male","33"
"256",17,272610,6,"English",NA,131,232,333,"3sameNANA",3,NA,"same","polka-dotted",0.65,"Female","52"
"257",17,7322,7,"English",1,311,331,131,"3diff21",3,2,"diff","blue",0.2,"Female","52"
"258",17,284950,8,"English",1,223,113,333,"3diff11",3,1,"diff","green",0.1,"Female","52"
"259",17,224760,9,"English",NA,133,123,222,"2diff2NA",2,2,"diff","cloud",0.3,"Female","52"
"260",17,265731,10,"English",NA,312,311,333,"3sameNANA",3,NA,"same","square",0.7,"Female","52"
"261",17,66351,11,"English",NA,322,122,232,"3sameNANA",3,NA,"same","red",0.7,"Female","52"
"262",17,255681,12,"English",NA,233,323,121,"2sameNANA",2,NA,"same","green",0.75,"Female","52"
"263",17,9961,13,"English",2,112,111,131,"3diff12",3,1,"diff","cloud",0.3,"Female","52"
"264",17,275600,14,"English",NA,121,113,333,"2sameNANA",2,NA,"same","cloud",0.7,"Female","52"
"265",17,259581,15,"English",2,233,213,133,"3diff22",3,2,"diff","green",0.15,"Female","52"
"266",17,117200,16,"English",NA,221,331,313,"1sameNANA",1,NA,"same","circle",1,"Female","52"
"267",17,207170,17,"English",NA,133,311,212,"1sameNANA",1,NA,"same","polka-dotted",1,"Female","52"
"268",17,274230,18,"English",NA,332,333,131,"2sameNANA",2,NA,"same","square",0.25,"Female","52"
"269",17,74860,19,"English",NA,332,311,122,"2diff1NA",2,1,"diff","square",0.25,"Female","52"
"270",17,122520,20,"English",NA,231,222,313,"1sameNANA",1,NA,"same","blue",1,"Female","52"
"271",18,14451,6,"english",NA,231,121,212,"2sameNANA",2,NA,"same","blue",0.5,"Male","27"
"272",18,218570,7,"english",NA,133,331,113,"2diff1NA",2,1,"diff","polka-dotted",0.5,"Male","27"
"273",18,33760,8,"english",NA,222,212,131,"2diff2NA",2,2,"diff","circle",0.5,"Male","27"
"274",18,141270,9,"english",1,123,221,222,"3diff11",3,1,"diff","striped",0.5,"Male","27"
"275",18,207310,10,"english",NA,221,212,133,"1sameNANA",1,NA,"same","striped",0.5,"Male","27"
"276",18,142430,11,"english",NA,322,121,123,"1sameNANA",1,NA,"same","square",0.5,"Male","27"
"277",18,75730,12,"english",NA,122,312,332,"1sameNANA",1,NA,"same","cloud",0.5,"Male","27"
"278",18,134311,13,"english",2,121,123,321,"3diff22",3,2,"diff","striped",0.5,"Male","27"
"279",18,176440,14,"english",2,123,223,322,"3diff12",3,1,"diff","striped",0.5,"Male","27"
"280",18,4700,15,"english",NA,311,321,231,"2sameNANA",2,NA,"same","square",0.5,"Male","27"
"281",18,60600,16,"english",NA,211,212,232,"3sameNANA",3,NA,"same","circle",0.5,"Male","27"
"282",18,77331,17,"english",NA,322,332,311,"3sameNANA",3,NA,"same","square",0.5,"Male","27"
"283",18,87172,18,"english",NA,113,111,312,"3sameNANA",3,NA,"same","solid",0.5,"Male","27"
"284",18,39760,19,"english",1,322,321,331,"3diff21",3,2,"diff","square",0.5,"Male","27"
"285",18,254361,20,"english",NA,233,223,122,"2sameNANA",2,NA,"same","circle",0.5,"Male","27"
"286",19,206002,6,"English",2,111,112,133,"3diff12",3,1,"diff","cloud",0.15,"Male","43"
"287",19,119702,7,"English",2,311,312,313,"3diff22",3,2,"diff","square",0.5,"Male","43"
"288",19,66382,8,"English",NA,232,122,322,"3sameNANA",3,NA,"same","red",0.7,"Male","43"
"289",19,131201,9,"English",NA,211,213,313,"2diff2NA",2,2,"diff","circle",0.8,"Male","43"
"290",19,142430,10,"English",NA,322,121,123,"1sameNANA",1,NA,"same","square",1,"Male","43"
"291",19,65710,11,"English",NA,131,232,322,"2sameNANA",2,NA,"same","polka-dotted",0.8,"Male","43"
"292",19,7082,12,"English",NA,331,321,221,"3sameNANA",3,NA,"same","blue",0.75,"Male","43"
"293",19,133970,13,"English",1,123,121,221,"3diff21",3,2,"diff","striped",0.5,"Male","43"
"294",19,14560,14,"English",1,212,221,231,"3diff11",3,1,"diff","circle",0.6,"Male","43"
"295",19,56141,15,"English",NA,311,111,232,"2sameNANA",2,NA,"same","solid",0.65,"Male","43"
"296",19,265541,16,"English",NA,312,111,333,"2sameNANA",2,NA,"same","solid",0.85,"Male","43"
"297",19,55320,17,"English",NA,231,132,322,"1sameNANA",1,NA,"same","blue",1,"Male","43"
"298",19,170901,18,"English",NA,232,223,113,"2diff1NA",2,1,"diff","circle",0.6,"Male","43"
"299",19,188380,19,"English",NA,323,231,132,"1sameNANA",1,NA,"same","green",1,"Male","43"
"300",19,209900,20,"English",NA,112,122,133,"3sameNANA",3,NA,"same","cloud",0.65,"Male","43"
"301",20,382,6,"english",NA,121,211,311,"3sameNANA",3,NA,"same","blue",0.2,"Female","35"
"302",20,6181,7,"english",2,331,311,121,"3diff12",3,1,"diff","blue",0,"Female","35"
"303",20,285700,8,"english",NA,221,323,333,"1sameNANA",1,NA,"same","circle",0.5,"Female","35"
"304",20,265541,9,"english",NA,312,111,333,"2sameNANA",2,NA,"same","solid",0.75,"Female","35"
"305",20,234932,10,"english",1,212,221,233,"3diff11",3,1,"diff","circle",0.4,"Female","35"
"306",20,134311,11,"english",2,121,123,321,"3diff22",3,2,"diff","striped",0.5,"Female","35"
"307",20,4181,12,"english",1,231,221,111,"3diff21",3,2,"diff","blue",0.1,"Female","35"
"308",20,76930,13,"english",NA,222,312,332,"1sameNANA",1,NA,"same","circle",0.7,"Female","35"
"309",20,156562,14,"english",NA,223,221,231,"3sameNANA",3,NA,"same","circle",0.75,"Female","35"
"310",20,188441,15,"english",NA,132,331,323,"2sameNANA",2,NA,"same","polka-dotted",0.8,"Female","35"
"311",20,32011,16,"english",NA,131,331,222,"2diff2NA",2,2,"diff","polka-dotted",0.3,"Female","35"
"312",20,118772,17,"english",NA,313,311,212,"3sameNANA",3,NA,"same","solid",0.9,"Female","35"
"313",20,122310,18,"english",NA,321,222,313,"2sameNANA",2,NA,"same","striped",0.85,"Female","35"
"314",20,52540,19,"english",NA,122,221,132,"2diff1NA",2,1,"diff","striped",0.05,"Female","35"
"315",20,58480,20,"english",NA,232,231,121,"1sameNANA",1,NA,"same","red",0.9,"Female","35"
"316",21,270261,6,"English",1,333,312,322,"3diff11",3,1,"diff","square",0.15,"Male","25"
"317",21,136031,7,"English",NA,331,311,123,"2sameNANA",2,NA,"same","square",0.5,"Male","25"
"318",21,268730,8,"English",NA,222,112,333,"1sameNANA",1,NA,"same","circle",1,"Male","25"
"319",21,73500,9,"English",NA,111,312,332,"1sameNANA",1,NA,"same","cloud",1,"Male","25"
"320",21,282350,10,"English",NA,123,333,222,"2sameNANA",2,NA,"same","green",0.25,"Male","25"
"321",21,273450,11,"English",NA,232,322,333,"2diff1NA",2,1,"diff","red",0.3,"Male","25"
"322",21,284951,12,"English",NA,223,113,333,"3sameNANA",3,NA,"same","green",0.25,"Male","25"
"323",21,188441,13,"English",NA,132,331,323,"2sameNANA",2,NA,"same","polka-dotted",0.25,"Male","25"
"324",21,2980,14,"English",1,131,121,221,"3diff21",3,2,"diff","blue",0.1,"Male","25"
"325",21,23372,15,"English",NA,122,121,321,"3sameNANA",3,NA,"same","striped",0.1,"Male","25"
"326",21,7020,16,"English",NA,221,321,331,"3sameNANA",3,NA,"same","blue",0.15,"Male","25"
"327",21,192111,17,"English",NA,322,323,332,"2diff2NA",2,2,"diff","striped",0.25,"Male","25"
"328",21,207170,18,"English",NA,133,311,212,"1sameNANA",1,NA,"same","polka-dotted",0.95,"Male","25"
"329",21,178332,19,"English",2,321,323,311,"3diff22",3,2,"diff","square",0.15,"Male","25"
"330",21,243570,20,"English",2,233,232,132,"3diff12",3,1,"diff","polka-dotted",0.05,"Male","25"
"331",22,58130,6,"English",NA,231,232,111,"2sameNANA",2,NA,"same","circle",1,"Male","24"
"332",22,156060,7,"English",NA,223,321,131,"1sameNANA",1,NA,"same","circle",1,"Male","24"
"333",22,138130,8,"English",NA,212,131,123,"1sameNANA",1,NA,"same","circle",0.95,"Male","24"
"334",22,148781,9,"English",NA,123,113,221,"2sameNANA",2,NA,"same","green",0.5,"Male","24"
"335",22,2850,10,"English",1,221,311,131,"3diff11",3,1,"diff","blue",0,"Male","24"
"336",22,147480,11,"English",NA,123,331,332,"1sameNANA",1,NA,"same","green",0.95,"Male","24"
"337",22,175330,12,"English",NA,123,121,223,"2diff2NA",2,2,"diff","cloud",0.05,"Male","24"
"338",22,209600,13,"English",NA,131,133,122,"3sameNANA",3,NA,"same","cloud",0.95,"Male","24"
"339",22,119702,14,"English",2,311,312,313,"3diff22",3,2,"diff","square",0,"Male","24"
"340",22,272610,15,"English",NA,131,232,333,"3sameNANA",3,NA,"same","polka-dotted",1,"Male","24"
"341",22,163512,16,"English",1,221,223,322,"3diff21",3,2,"diff","striped",0.05,"Male","24"
"342",22,54110,17,"English",NA,331,132,222,"2sameNANA",2,NA,"same","polka-dotted",0.95,"Male","24"
"343",22,55952,18,"English",2,322,222,132,"3diff12",3,1,"diff","red",0.05,"Male","24"
"344",22,251751,19,"English",NA,123,233,231,"2diff1NA",2,1,"diff","green",0.5,"Male","24"
"345",22,156562,20,"English",NA,223,221,231,"3sameNANA",3,NA,"same","circle",0.95,"Male","24"
"346",23,285700,6,"english",NA,221,323,333,"1sameNANA",1,NA,"same","circle",0.3,"Male","33"
"347",23,274230,7,"english",NA,332,333,131,"2sameNANA",2,NA,"same","square",0.7,"Male","33"
"348",23,94600,8,"english",NA,212,232,113,"2sameNANA",2,NA,"same","circle",0.35,"Male","33"
"349",23,280951,9,"english",NA,313,333,213,"3sameNANA",3,NA,"same","green",0.6,"Male","33"
"350",23,80551,10,"english",NA,232,332,321,"2diff2NA",2,2,"diff","red",0.6,"Male","33"
"351",23,29940,11,"english",1,321,121,222,"3diff21",3,2,"diff","striped",0.65,"Male","33"
"352",23,21930,12,"english",NA,212,112,312,"1sameNANA",1,NA,"same","circle",0.65,"Male","33"
"353",23,247502,13,"english",1,221,213,233,"3diff11",3,1,"diff","circle",0.65,"Male","33"
"354",23,232232,14,"english",2,231,233,211,"3diff22",3,2,"diff","circle",0.6,"Male","33"
"355",23,176440,15,"english",2,123,223,322,"3diff12",3,1,"diff","striped",0.6,"Male","33"
"356",23,136031,16,"english",NA,331,311,123,"2sameNANA",2,NA,"same","square",0.65,"Male","33"
"357",23,215500,17,"english",NA,312,232,133,"1sameNANA",1,NA,"same","square",0.65,"Male","33"
"358",23,66120,18,"english",NA,212,232,322,"3sameNANA",3,NA,"same","red",0.65,"Male","33"
"359",23,158111,19,"english",NA,321,223,112,"2diff1NA",2,1,"diff","striped",0.65,"Male","33"
"360",23,382,20,"english",NA,121,211,311,"3sameNANA",3,NA,"same","blue",0.6,"Male","33"
"361",24,290712,6,"english",2,231,233,333,"3diff12",3,1,"diff","polka-dotted",0.1,"Female","36"
"362",24,11980,7,"english",NA,112,231,331,"1sameNANA",1,NA,"same","red",0.95,"Female","36"
"363",24,1522,8,"english",1,311,321,121,"3diff21",3,2,"diff","blue",0.15,"Female","36"
"364",24,219380,9,"english",NA,133,113,232,"2diff2NA",2,2,"diff","green",0.2,"Female","36"
"365",24,201670,10,"english",2,323,322,223,"3diff22",3,2,"diff","striped",0.1,"Female","36"
"366",24,7082,11,"english",NA,331,321,221,"3sameNANA",3,NA,"same","blue",0.15,"Female","36"
"367",24,51180,12,"english",NA,132,312,211,"2diff1NA",2,1,"diff","red",0.1,"Female","36"
"368",24,6022,13,"english",1,211,121,331,"3diff11",3,1,"diff","blue",0.1,"Female","36"
"369",24,185510,14,"english",NA,131,222,323,"1sameNANA",1,NA,"same","polka-dotted",0.9,"Female","36"
"370",24,103410,15,"english",NA,212,213,312,"3sameNANA",3,NA,"same","solid",0.1,"Female","36"
"371",24,56141,16,"english",NA,311,111,232,"2sameNANA",2,NA,"same","solid",0.15,"Female","36"
"372",24,136031,17,"english",NA,331,311,123,"2sameNANA",2,NA,"same","square",0.15,"Female","36"
"373",24,70451,18,"english",NA,231,121,332,"2sameNANA",2,NA,"same","blue",0.1,"Female","36"
"374",24,23372,19,"english",NA,122,121,321,"3sameNANA",3,NA,"same","striped",0,"Female","36"
"375",24,107140,20,"english",NA,322,312,213,"1sameNANA",1,NA,"same","striped",0.9,"Female","36"
"376",25,122310,6,"enlish",NA,321,222,313,"2sameNANA",2,NA,"same","striped",0.75,"Male","29"
"377",25,208170,7,"enlish",NA,133,311,312,"1sameNANA",1,NA,"same","polka-dotted",0.8,"Male","29"
"378",25,117901,8,"enlish",NA,121,112,313,"2diff1NA",2,1,"diff","cloud",0.1,"Male","29"
"379",25,280920,9,"enlish",NA,213,313,333,"3sameNANA",3,NA,"same","green",0.85,"Male","29"
"380",25,102610,10,"enlish",NA,311,312,213,"3sameNANA",3,NA,"same","solid",0.8,"Male","29"
"381",25,232232,11,"enlish",2,231,233,211,"3diff22",3,2,"diff","circle",0.15,"Male","29"
"382",25,280110,12,"enlish",NA,312,313,333,"2sameNANA",2,NA,"same","solid",0.85,"Male","29"
"383",25,7151,13,"enlish",NA,131,111,331,"3sameNANA",3,NA,"same","blue",0.8,"Male","29"
"384",25,273161,14,"enlish",NA,333,312,232,"2sameNANA",2,NA,"same","square",0.9,"Male","29"
"385",25,258212,15,"enlish",2,131,133,233,"3diff12",3,1,"diff","polka-dotted",0.15,"Male","29"
"386",25,35040,16,"enlish",NA,312,112,222,"2diff2NA",2,2,"diff","solid",0.15,"Male","29"
"387",25,242611,17,"enlish",1,131,232,233,"3diff11",3,1,"diff","polka-dotted",0.15,"Male","29"
"388",25,272460,18,"enlish",NA,333,232,221,"1sameNANA",1,NA,"same","square",0.9,"Male","29"
"389",25,268730,19,"enlish",NA,222,112,333,"1sameNANA",1,NA,"same","circle",0.8,"Male","29"
"390",25,248921,20,"enlish",1,113,213,233,"3diff21",3,2,"diff","green",0.2,"Male","29"
"391",26,98311,6,"English",NA,221,321,213,"2diff2NA",2,2,"diff","striped",0.35,"Male","33"
"392",26,292220,7,"English",NA,223,233,333,"3sameNANA",3,NA,"same","green",0.4,"Male","33"
"393",26,201400,8,"English",NA,122,223,323,"1sameNANA",1,NA,"same","cloud",1,"Male","33"
"394",26,94680,9,"English",NA,113,212,232,"1sameNANA",1,NA,"same","green",1,"Male","33"
"395",26,67820,10,"English",NA,222,232,132,"3sameNANA",3,NA,"same","red",0.35,"Male","33"
"396",26,37730,11,"English",NA,321,322,121,"2sameNANA",2,NA,"same","square",0.55,"Male","33"
"397",26,58940,12,"English",NA,331,232,211,"2sameNANA",2,NA,"same","polka-dotted",0.55,"Male","33"
"398",26,86270,13,"English",1,113,211,212,"3diff11",3,1,"diff","solid",0.15,"Male","33"
"399",26,421,14,"English",1,111,211,221,"3diff21",3,2,"diff","blue",0.4,"Male","33"
"400",26,122310,15,"English",NA,321,222,313,"2sameNANA",2,NA,"same","striped",0.65,"Male","33"
"401",26,190900,16,"English",NA,311,332,323,"3sameNANA",3,NA,"same","square",0.8,"Male","33"
"402",26,201670,17,"English",2,323,322,223,"3diff22",3,2,"diff","striped",0.8,"Male","33"
"403",26,213480,18,"English",NA,133,132,321,"1sameNANA",1,NA,"same","green",1,"Male","33"
"404",26,6181,19,"English",2,331,311,121,"3diff12",3,1,"diff","blue",0.3,"Male","33"
"405",26,178250,20,"English",NA,321,211,323,"2diff1NA",2,1,"diff","blue",0.35,"Male","33"
"406",27,144131,6,"english",NA,132,131,123,"3sameNANA",3,NA,"same","cloud",0.25,"Male","37"
"407",27,122520,7,"english",NA,231,222,313,"1sameNANA",1,NA,"same","blue",1,"Male","37"
"408",27,75730,8,"english",NA,122,312,332,"1sameNANA",1,NA,"same","cloud",1,"Male","37"
"409",27,56861,9,"english",NA,232,221,311,"2sameNANA",2,NA,"same","circle",0.25,"Male","37"
"410",27,124232,10,"english",2,322,312,313,"3diff12",3,1,"diff","square",0,"Male","37"
"411",27,55320,11,"english",NA,231,132,322,"1sameNANA",1,NA,"same","blue",1,"Male","37"
"412",27,83162,12,"english",NA,113,111,131,"3sameNANA",3,NA,"same","cloud",0.1,"Male","37"
"413",27,121,13,"english",2,111,121,211,"3diff22",3,2,"diff","blue",0,"Male","37"
"414",27,1261,14,"english",NA,321,311,211,"2sameNANA",2,NA,"same","square",0,"Male","37"
"415",27,74461,15,"english",NA,332,312,112,"2sameNANA",2,NA,"same","square",0,"Male","37"
"416",27,212840,16,"english",NA,322,222,133,"2diff2NA",2,2,"diff","striped",0,"Male","37"
"417",27,257582,17,"english",NA,233,223,323,"3sameNANA",3,NA,"same","green",0,"Male","37"
"418",27,89940,18,"english",NA,222,321,113,"2diff1NA",2,1,"diff","striped",0,"Male","37"
"419",27,241212,19,"english",1,231,233,132,"3diff21",3,2,"diff","polka-dotted",0,"Male","37"
"420",27,132011,20,"english",1,112,213,313,"3diff11",3,1,"diff","solid",0,"Male","37"
"421",28,255180,6,"english",2,233,223,313,"3diff12",3,1,"diff","green",0.65,"Female","46"
"422",28,242742,7,"english",2,232,231,233,"3diff22",3,2,"diff","polka-dotted",0.6,"Female","46"
"423",28,64570,8,"english",NA,232,231,222,"2diff2NA",2,2,"diff","polka-dotted",0.6,"Female","46"
"424",28,117530,9,"english",NA,331,313,231,"2sameNANA",2,NA,"same","square",0.6,"Female","46"
"425",28,165311,10,"english",NA,331,132,223,"2diff1NA",2,1,"diff","polka-dotted",0.4,"Female","46"
"426",28,265731,11,"english",NA,312,311,333,"3sameNANA",3,NA,"same","square",0.55,"Female","46"
"427",28,63962,12,"english",NA,232,222,211,"3sameNANA",3,NA,"same","circle",0.55,"Female","46"
"428",28,185510,13,"english",NA,131,222,323,"1sameNANA",1,NA,"same","polka-dotted",0.35,"Female","46"
"429",28,4850,14,"english",1,321,121,231,"3diff21",3,2,"diff","blue",0.55,"Female","46"
"430",28,65170,15,"english",NA,232,322,111,"1sameNANA",1,NA,"same","polka-dotted",0.6,"Female","46"
"431",28,6022,16,"english",1,211,121,331,"3diff11",3,1,"diff","blue",0.6,"Female","46"
"432",28,280510,17,"english",NA,132,333,313,"2sameNANA",2,NA,"same","polka-dotted",0.4,"Female","46"
"433",28,238770,18,"english",NA,233,222,112,"1sameNANA",1,NA,"same","polka-dotted",0.4,"Female","46"
"434",28,99710,19,"english",NA,111,213,331,"2sameNANA",2,NA,"same","solid",0.4,"Female","46"
"435",28,292451,20,"english",NA,233,133,333,"3sameNANA",3,NA,"same","green",0.6,"Female","46"
"436",29,185270,6,"English",1,323,121,222,"3diff11",3,1,"diff","striped",0.1,"Male","29"
"437",29,182832,7,"English",2,312,311,323,"3diff12",3,1,"diff","square",0.1,"Male","29"
"438",29,181731,8,"English",NA,212,211,323,"2sameNANA",2,NA,"same","circle",0.35,"Male","29"
"439",29,259581,9,"English",2,233,213,133,"3diff22",3,2,"diff","green",0,"Male","29"
"440",29,280510,10,"English",NA,132,333,313,"2sameNANA",2,NA,"same","polka-dotted",0.25,"Male","29"
"441",29,4620,11,"English",NA,211,231,321,"3sameNANA",3,NA,"same","blue",0.55,"Male","29"
"442",29,102610,12,"English",NA,311,312,213,"3sameNANA",3,NA,"same","solid",0,"Male","29"
"443",29,285640,13,"English",NA,323,121,333,"2diff1NA",2,1,"diff","striped",0.1,"Male","29"
"444",29,211330,14,"English",NA,222,312,133,"1sameNANA",1,NA,"same","circle",1,"Male","29"
"445",29,171050,15,"English",NA,113,223,332,"2sameNANA",2,NA,"same","green",0.4,"Male","29"
"446",29,15842,16,"English",1,112,212,311,"3diff21",3,2,"diff","solid",0.1,"Male","29"
"447",29,85741,17,"English",NA,112,113,321,"2diff2NA",2,2,"diff","solid",0.05,"Male","29"
"448",29,58480,18,"English",NA,232,231,121,"1sameNANA",1,NA,"same","red",1,"Male","29"
"449",29,185510,19,"English",NA,131,222,323,"1sameNANA",1,NA,"same","polka-dotted",1,"Male","29"
"450",29,217610,20,"English",NA,232,332,133,"3sameNANA",3,NA,"same","polka-dotted",0.05,"Male","29"
"451",30,99710,6,"English",NA,111,213,331,"2sameNANA",2,NA,"same","solid",0.8,"Female","36"
"452",30,56141,7,"English",NA,311,111,232,"2sameNANA",2,NA,"same","solid",0.8,"Female","36"
"453",30,117530,8,"English",NA,331,313,231,"2sameNANA",2,NA,"same","square",0.7,"Female","36"
"454",30,217610,9,"English",NA,232,332,133,"3sameNANA",3,NA,"same","polka-dotted",0.55,"Female","36"
"455",30,269301,10,"English",1,311,322,333,"3diff11",3,1,"diff","square",0.25,"Female","36"
"456",30,94680,11,"English",NA,113,212,232,"1sameNANA",1,NA,"same","green",1,"Female","36"
"457",30,73500,12,"English",NA,111,312,332,"1sameNANA",1,NA,"same","cloud",1,"Female","36"
"458",30,274370,13,"English",2,333,332,231,"3diff12",3,1,"diff","polka-dotted",0.1,"Female","36"
"459",30,17450,14,"English",NA,221,121,312,"2diff2NA",2,2,"diff","blue",0.25,"Female","36"
"460",30,210930,15,"English",NA,222,231,133,"2diff1NA",2,1,"diff","circle",0.25,"Female","36"
"461",30,110201,16,"English",1,222,232,213,"3diff21",3,2,"diff","circle",0.25,"Female","36"
"462",30,77331,17,"English",NA,322,332,311,"3sameNANA",3,NA,"same","square",0.5,"Female","36"
"463",30,45481,18,"English",2,322,122,222,"3diff22",3,2,"diff","red",0.05,"Female","36"
"464",30,288341,19,"English",NA,133,333,231,"3sameNANA",3,NA,"same","polka-dotted",0.3,"Female","36"
"465",30,58480,20,"English",NA,232,231,121,"1sameNANA",1,NA,"same","red",1,"Female","36"
"466",31,154701,6,"English ",1,211,221,223,"3diff21",3,2,"diff","circle",0.15,"Male","28"
"467",31,175160,7,"English ",NA,223,211,123,"2diff1NA",2,1,"diff","circle",0.2,"Male","28"
"468",31,522,8,"English ",2,111,311,221,"3diff12",3,1,"diff","blue",0,"Male","28"
"469",31,103410,9,"English ",NA,212,213,312,"3sameNANA",3,NA,"same","solid",1,"Male","28"
"470",31,109660,10,"English ",1,213,231,232,"3diff11",3,1,"diff","circle",0.5,"Male","28"
"471",31,21930,11,"English ",NA,212,112,312,"1sameNANA",1,NA,"same","circle",0.95,"Male","28"
"472",31,103412,12,"English ",2,212,213,312,"3diff22",3,2,"diff","solid",0.55,"Male","28"
"473",31,74461,13,"English ",NA,332,312,112,"2sameNANA",2,NA,"same","square",0.95,"Male","28"
"474",31,56141,14,"English ",NA,311,111,232,"2sameNANA",2,NA,"same","solid",0.95,"Male","28"
"475",31,271701,15,"English ",NA,122,132,333,"2diff2NA",2,2,"diff","cloud",0.5,"Male","28"
"476",31,185510,16,"English ",NA,131,222,323,"1sameNANA",1,NA,"same","polka-dotted",0.95,"Male","28"
"477",31,207170,17,"English ",NA,133,311,212,"1sameNANA",1,NA,"same","polka-dotted",0.95,"Male","28"
"478",31,284951,18,"English ",NA,223,113,333,"3sameNANA",3,NA,"same","green",0.95,"Male","28"
"479",31,66382,19,"English ",NA,232,122,322,"3sameNANA",3,NA,"same","red",0.95,"Male","28"
"480",31,1261,20,"English ",NA,321,311,211,"2sameNANA",2,NA,"same","square",0.95,"Male","28"
"481",32,76930,6,"English",NA,222,312,332,"1sameNANA",1,NA,"same","circle",1,"Female","34"
"482",32,103410,7,"English",NA,212,213,312,"3sameNANA",3,NA,"same","solid",0.15,"Female","34"
"483",32,227620,8,"English",NA,123,133,223,"3sameNANA",3,NA,"same","green",1,"Female","34"
"484",32,141270,9,"English",1,123,221,222,"3diff11",3,1,"diff","striped",0.75,"Female","34"
"485",32,259550,10,"English",2,133,233,213,"3diff12",3,1,"diff","green",0.8,"Female","34"
"486",32,1522,11,"English",1,311,321,121,"3diff21",3,2,"diff","blue",0.85,"Female","34"
"487",32,276650,12,"English",NA,113,333,222,"2sameNANA",2,NA,"same","green",0.7,"Female","34"
"488",32,1252,13,"English",2,311,321,211,"3diff22",3,2,"diff","blue",0.75,"Female","34"
"489",32,58130,14,"English",NA,231,232,111,"2sameNANA",2,NA,"same","circle",0.85,"Female","34"
"490",32,162870,15,"English",NA,223,222,212,"2diff2NA",2,2,"diff","striped",0.35,"Female","34"
"491",32,11980,16,"English",NA,112,231,331,"1sameNANA",1,NA,"same","red",0.8,"Female","34"
"492",32,265541,17,"English",NA,312,111,333,"2sameNANA",2,NA,"same","solid",0.1,"Female","34"
"493",32,238770,18,"English",NA,233,222,112,"1sameNANA",1,NA,"same","polka-dotted",0.15,"Female","34"
"494",32,4620,19,"English",NA,211,231,321,"3sameNANA",3,NA,"same","blue",0.05,"Female","34"
"495",32,71711,20,"English",NA,211,112,332,"2diff1NA",2,1,"diff","solid",0.75,"Female","34"
"496",33,101511,6,"english",2,211,212,213,"3diff22",3,2,"diff","solid",0.85,"Female","28"
"497",33,292220,7,"english",NA,223,233,333,"3sameNANA",3,NA,"same","green",0.9,"Female","28"
"498",33,280951,8,"english",NA,313,333,213,"3sameNANA",3,NA,"same","green",0.85,"Female","28"
"499",33,255681,9,"english",NA,233,323,121,"2sameNANA",2,NA,"same","green",1,"Female","28"
"500",33,125150,10,"english",NA,132,131,313,"1sameNANA",1,NA,"same","red",0.9,"Female","28"
"501",33,109660,11,"english",1,213,231,232,"3diff11",3,1,"diff","circle",0.95,"Female","28"
"502",33,111621,12,"english",NA,312,332,213,"2diff2NA",2,2,"diff","red",0.6,"Female","28"
"503",33,14451,13,"english",NA,231,121,212,"2sameNANA",2,NA,"same","blue",1,"Female","28"
"504",33,16700,14,"english",NA,211,311,312,"1sameNANA",1,NA,"same","circle",0.95,"Female","28"
"505",33,56861,15,"english",NA,232,221,311,"2sameNANA",2,NA,"same","circle",0.85,"Female","28"
"506",33,154701,16,"english",1,211,221,223,"3diff21",3,2,"diff","circle",0.95,"Female","28"
"507",33,67820,17,"english",NA,222,232,132,"3sameNANA",3,NA,"same","red",0.6,"Female","28"
"508",33,215870,18,"english",NA,133,232,322,"2diff1NA",2,1,"diff","polka-dotted",0.85,"Female","28"
"509",33,101440,19,"english",2,212,213,111,"3diff12",3,1,"diff","solid",0.55,"Female","28"
"510",33,274450,20,"english",NA,332,331,333,"1sameNANA",1,NA,"same","red",0.6,"Female","28"
"511",34,274230,6,"ENGLISH",NA,332,333,131,"2sameNANA",2,NA,"same","square",0.85,"Male","29"
"512",34,131242,7,"ENGLISH",2,213,211,313,"3diff22",3,2,"diff","solid",0.8,"Male","29"
"513",34,175171,8,"ENGLISH",NA,223,123,211,"2sameNANA",2,NA,"same","striped",0.85,"Male","29"
"514",34,143442,9,"ENGLISH",2,322,222,123,"3diff12",3,1,"diff","striped",0.85,"Male","29"
"515",34,211330,10,"ENGLISH",NA,222,312,133,"1sameNANA",1,NA,"same","circle",0.8,"Male","29"
"516",34,82780,11,"ENGLISH",NA,113,211,321,"1sameNANA",1,NA,"same","green",0.75,"Male","29"
"517",34,110201,12,"ENGLISH",1,222,232,213,"3diff21",3,2,"diff","circle",0.75,"Male","29"
"518",34,32301,13,"ENGLISH",NA,211,222,112,"2diff1NA",2,1,"diff","circle",0.7,"Male","29"
"519",34,178070,14,"ENGLISH",1,323,121,221,"3diff11",3,1,"diff","striped",0.75,"Male","29"
"520",34,159100,15,"ENGLISH",NA,131,212,223,"1sameNANA",1,NA,"same","cloud",0.75,"Male","29"
"521",34,6960,16,"ENGLISH",NA,331,321,121,"2diff2NA",2,2,"diff","square",0.75,"Male","29"
"522",34,292220,17,"ENGLISH",NA,223,233,333,"3sameNANA",3,NA,"same","green",0.85,"Male","29"
"523",34,37730,18,"ENGLISH",NA,321,322,121,"2sameNANA",2,NA,"same","square",0.75,"Male","29"
"524",34,292451,19,"ENGLISH",NA,233,133,333,"3sameNANA",3,NA,"same","green",0.8,"Male","29"
"525",34,227620,20,"ENGLISH",NA,123,133,223,"3sameNANA",3,NA,"same","green",0.75,"Male","29"
"526",35,54110,6,"english",NA,331,132,222,"2sameNANA",2,NA,"same","polka-dotted",0.75,"Male","29"
"527",35,198080,7,"english",2,323,313,213,"3diff12",3,1,"diff","green",0.35,"Male","29"
"528",35,292220,8,"english",NA,223,233,333,"3sameNANA",3,NA,"same","green",0.7,"Male","29"
"529",35,67820,9,"english",NA,222,232,132,"3sameNANA",3,NA,"same","red",0.6,"Male","29"
"530",35,125150,10,"english",NA,132,131,313,"1sameNANA",1,NA,"same","red",0.75,"Male","29"
"531",35,83162,11,"english",NA,113,111,131,"3sameNANA",3,NA,"same","cloud",0.7,"Male","29"
"532",35,95501,12,"english",NA,121,113,332,"2diff1NA",2,1,"diff","cloud",0.35,"Male","29"
"533",35,99710,13,"english",NA,111,213,331,"2sameNANA",2,NA,"same","solid",0.7,"Male","29"
"534",35,55320,14,"english",NA,231,132,322,"1sameNANA",1,NA,"same","blue",0.7,"Male","29"
"535",35,81902,15,"english",2,111,113,121,"3diff22",3,2,"diff","cloud",0.6,"Male","29"
"536",35,21930,16,"english",NA,212,112,312,"1sameNANA",1,NA,"same","circle",0.65,"Male","29"
"537",35,6022,17,"english",1,211,121,331,"3diff11",3,1,"diff","blue",0.7,"Male","29"
"538",35,2980,18,"english",1,131,121,221,"3diff21",3,2,"diff","blue",0.75,"Male","29"
"539",35,32011,19,"english",NA,131,331,222,"2diff2NA",2,2,"diff","polka-dotted",0.65,"Male","29"
"540",35,171050,20,"english",NA,113,223,332,"2sameNANA",2,NA,"same","green",0.7,"Male","29"
"541",36,159911,6,"English",NA,221,223,312,"2diff2NA",2,2,"diff","striped",0.25,"Male","28"
"542",36,292451,7,"English",NA,233,133,333,"3sameNANA",3,NA,"same","green",0,"Male","28"
"543",36,273801,8,"English",1,311,332,333,"3diff11",3,1,"diff","square",0,"Male","28"
"544",36,122520,9,"English",NA,231,222,313,"1sameNANA",1,NA,"same","blue",1,"Male","28"
"545",36,124310,10,"English",NA,122,322,313,"2sameNANA",2,NA,"same","striped",0.3,"Male","28"
"546",36,259781,11,"English",1,233,133,123,"3diff21",3,2,"diff","green",0,"Male","28"
"547",36,280110,12,"English",NA,312,313,333,"2sameNANA",2,NA,"same","solid",0.35,"Male","28"
"548",36,238360,13,"English",NA,233,222,321,"2diff1NA",2,1,"diff","circle",0.15,"Male","28"
"549",36,77930,14,"English",2,322,332,331,"3diff12",3,1,"diff","square",0.15,"Male","28"
"550",36,217610,15,"English",NA,232,332,133,"3sameNANA",3,NA,"same","polka-dotted",0,"Male","28"
"551",36,272460,16,"English",NA,333,232,221,"1sameNANA",1,NA,"same","square",1,"Male","28"
"552",36,53001,17,"English",2,112,122,132,"3diff22",3,2,"diff","cloud",0,"Male","28"
"553",36,157210,18,"English",NA,221,223,331,"2sameNANA",2,NA,"same","striped",0.4,"Male","28"
"554",36,107140,19,"English",NA,322,312,213,"1sameNANA",1,NA,"same","striped",1,"Male","28"
"555",36,171200,20,"English",NA,211,213,223,"3sameNANA",3,NA,"same","circle",0,"Male","28"
"556",37,227701,6,"english",NA,111,133,323,"2diff1NA",2,1,"diff","cloud",0.8,"Female","25"
"557",37,102610,7,"english",NA,311,312,213,"3sameNANA",3,NA,"same","solid",0.15,"Female","25"
"558",37,189010,8,"english",NA,322,323,132,"2sameNANA",2,NA,"same","striped",0.6,"Female","25"
"559",37,255181,9,"english",1,233,223,313,"3diff21",3,2,"diff","green",0,"Female","25"
"560",37,188380,10,"english",NA,323,231,132,"1sameNANA",1,NA,"same","green",0.55,"Female","25"
"561",37,45422,11,"english",2,122,222,322,"3diff22",3,2,"diff","red",0.3,"Female","25"
"562",37,159100,12,"english",NA,131,212,223,"1sameNANA",1,NA,"same","cloud",0.6,"Female","25"
"563",37,122520,13,"english",NA,231,222,313,"1sameNANA",1,NA,"same","blue",0.25,"Female","25"
"564",37,80872,14,"english",NA,332,331,232,"3sameNANA",3,NA,"same","polka-dotted",0.85,"Female","25"
"565",37,223050,15,"english",NA,313,133,232,"2sameNANA",2,NA,"same","green",0.8,"Female","25"
"566",37,76881,16,"english",1,332,212,222,"3diff11",3,1,"diff","red",0.6,"Female","25"
"567",37,280110,17,"english",NA,312,313,333,"2sameNANA",2,NA,"same","solid",0.8,"Female","25"
"568",37,77930,18,"english",2,322,332,331,"3diff12",3,1,"diff","square",0.3,"Female","25"
"569",37,66382,19,"english",NA,232,122,322,"3sameNANA",3,NA,"same","red",0.6,"Female","25"
"570",37,64660,20,"english",NA,232,222,331,"2diff2NA",2,2,"diff","circle",0.55,"Female","25"
"571",38,74461,6,"english",NA,332,312,112,"2sameNANA",2,NA,"same","square",0.7,"Male","35"
"572",38,4700,7,"english",NA,311,321,231,"2sameNANA",2,NA,"same","square",0.8,"Male","35"
"573",38,223050,8,"english",NA,313,133,232,"2sameNANA",2,NA,"same","green",0.9,"Male","35"
"574",38,9931,9,"english",NA,131,111,112,"3sameNANA",3,NA,"same","cloud",0.75,"Male","35"
"575",38,251751,10,"english",NA,123,233,231,"2diff1NA",2,1,"diff","green",0.7,"Male","35"
"576",38,7120,11,"english",NA,111,131,331,"3sameNANA",3,NA,"same","blue",0.75,"Male","35"
"577",38,11980,12,"english",NA,112,231,331,"1sameNANA",1,NA,"same","red",0.8,"Male","35"
"578",38,268730,13,"english",NA,222,112,333,"1sameNANA",1,NA,"same","circle",0.85,"Male","35"
"579",38,134311,14,"english",2,121,123,321,"3diff22",3,2,"diff","striped",0.75,"Male","35"
"580",38,40460,15,"english",NA,322,221,112,"1sameNANA",1,NA,"same","square",0.75,"Male","35"
"581",38,52022,16,"english",2,212,312,132,"3diff12",3,1,"diff","red",0.75,"Male","35"
"582",38,25902,17,"english",1,121,122,112,"3diff21",3,2,"diff","cloud",0.7,"Male","35"
"583",38,35040,18,"english",NA,312,112,222,"2diff2NA",2,2,"diff","solid",0.75,"Male","35"
"584",38,242611,19,"english",1,131,232,233,"3diff11",3,1,"diff","polka-dotted",0.85,"Male","35"
"585",38,284951,20,"english",NA,223,113,333,"3sameNANA",3,NA,"same","green",0.75,"Male","35"
"586",39,24021,6,"English",NA,321,131,122,"2diff1NA",2,1,"diff","blue",0.8,"Female","28"
"587",39,66120,7,"English",NA,212,232,322,"3sameNANA",3,NA,"same","red",0.9,"Female","28"
"588",39,3181,8,"English",1,131,211,321,"3diff11",3,1,"diff","blue",0.7,"Female","28"
"589",39,267420,9,"English",NA,331,333,122,"1sameNANA",1,NA,"same","blue",0.75,"Female","28"
"590",39,56861,10,"English",NA,232,221,311,"2sameNANA",2,NA,"same","circle",0.75,"Female","28"
"591",39,118772,11,"English",NA,313,311,212,"3sameNANA",3,NA,"same","solid",0.9,"Female","28"
"592",39,76930,12,"English",NA,222,312,332,"1sameNANA",1,NA,"same","circle",0.7,"Female","28"
"593",39,259550,13,"English",2,133,233,213,"3diff12",3,1,"diff","green",0.7,"Female","28"
"594",39,85741,14,"English",NA,112,113,321,"2diff2NA",2,2,"diff","solid",0.15,"Female","28"
"595",39,7082,15,"English",NA,331,321,221,"3sameNANA",3,NA,"same","blue",0.8,"Female","28"
"596",39,248921,16,"English",1,113,213,233,"3diff21",3,2,"diff","green",1,"Female","28"
"597",39,1250,17,"English",2,311,321,211,"3diff22",3,2,"diff","blue",0,"Female","28"
"598",39,268730,18,"English",NA,222,112,333,"1sameNANA",1,NA,"same","circle",0.65,"Female","28"
"599",39,94600,19,"English",NA,212,232,113,"2sameNANA",2,NA,"same","circle",0.6,"Female","28"
"600",39,274230,20,"English",NA,332,333,131,"2sameNANA",2,NA,"same","square",1,"Female","28"
"601",40,56861,6,"English",NA,232,221,311,"2sameNANA",2,NA,"same","circle",0.75,"Female","28"
"602",40,125150,7,"English",NA,132,131,313,"1sameNANA",1,NA,"same","red",0.8,"Female","28"
"603",40,9931,8,"English",NA,131,111,112,"3sameNANA",3,NA,"same","cloud",0.35,"Female","28"
"604",40,205400,9,"English",NA,311,331,133,"2sameNANA",2,NA,"same","square",0.35,"Female","28"
"605",40,176440,10,"English",2,123,223,322,"3diff12",3,1,"diff","striped",0.8,"Female","28"
"606",40,58130,11,"English",NA,231,232,111,"2sameNANA",2,NA,"same","circle",0.2,"Female","28"
"607",40,236180,12,"English",NA,233,131,312,"1sameNANA",1,NA,"same","green",0.35,"Female","28"
"608",40,280951,13,"English",NA,313,333,213,"3sameNANA",3,NA,"same","green",0.3,"Female","28"
"609",40,196632,14,"English",1,313,323,321,"3diff21",3,2,"diff","square",0.8,"Female","28"
"610",40,108601,15,"English",NA,122,132,213,"2diff2NA",2,2,"diff","cloud",0.8,"Female","28"
"611",40,190900,16,"English",NA,311,332,323,"3sameNANA",3,NA,"same","square",0.85,"Female","28"
"612",40,273450,17,"English",NA,232,322,333,"2diff1NA",2,1,"diff","red",0.3,"Female","28"
"613",40,132011,18,"English",1,112,213,313,"3diff11",3,1,"diff","solid",0.85,"Female","28"
"614",40,99760,19,"English",NA,213,111,331,"1sameNANA",1,NA,"same","circle",0.7,"Female","28"
"615",40,71442,20,"English",2,331,332,131,"3diff22",3,2,"diff","polka-dotted",0.45,"Female","28"
"616",41,274370,6,"English",2,333,332,231,"3diff12",3,1,"diff","polka-dotted",0.3,"Male","31"
"617",41,4700,7,"English",NA,311,321,231,"2sameNANA",2,NA,"same","square",1,"Male","31"
"618",41,213031,8,"English",NA,132,133,211,"2diff2NA",2,2,"diff","cloud",0.4,"Male","31"
"619",41,16700,9,"English",NA,211,311,312,"1sameNANA",1,NA,"same","circle",1,"Male","31"
"620",41,190900,10,"English",NA,311,332,323,"3sameNANA",3,NA,"same","square",1,"Male","31"
"621",41,291950,11,"English",2,233,213,333,"3diff22",3,2,"diff","green",0.15,"Male","31"
"622",41,119512,12,"English",1,111,312,313,"3diff11",3,1,"diff","solid",0,"Male","31"
"623",41,272610,13,"English",NA,131,232,333,"3sameNANA",3,NA,"same","polka-dotted",0.8,"Male","31"
"624",41,87210,14,"English",NA,211,312,113,"3sameNANA",3,NA,"same","solid",0.8,"Male","31"
"625",41,171050,15,"English",NA,113,223,332,"2sameNANA",2,NA,"same","green",0.95,"Male","31"
"626",41,228580,16,"English",NA,133,323,331,"2diff1NA",2,1,"diff","green",0.15,"Male","31"
"627",41,29940,17,"English",1,321,121,222,"3diff21",3,2,"diff","striped",0.25,"Male","31"
"628",41,142430,18,"English",NA,322,121,123,"1sameNANA",1,NA,"same","square",1,"Male","31"
"629",41,223050,19,"English",NA,313,133,232,"2sameNANA",2,NA,"same","green",0.95,"Male","31"
"630",41,147480,20,"English",NA,123,331,332,"1sameNANA",1,NA,"same","green",1,"Male","31"
"631",42,58740,6,"English",2,231,232,131,"3diff22",3,2,"diff","polka-dotted",0.75,"Female","54"
"632",42,56141,7,"English",NA,311,111,232,"2sameNANA",2,NA,"same","solid",0.25,"Female","54"
"633",42,207170,8,"English",NA,133,311,212,"1sameNANA",1,NA,"same","polka-dotted",0.7,"Female","54"
"634",42,210930,9,"English",NA,222,231,133,"2diff1NA",2,1,"diff","circle",0.3,"Female","54"
"635",42,182832,10,"English",2,312,311,323,"3diff12",3,1,"diff","square",0.7,"Female","54"
"636",42,212840,11,"English",NA,322,222,133,"2diff2NA",2,2,"diff","striped",0.25,"Female","54"
"637",42,40460,12,"English",NA,322,221,112,"1sameNANA",1,NA,"same","square",0.65,"Female","54"
"638",42,227620,13,"English",NA,123,133,223,"3sameNANA",3,NA,"same","green",0.7,"Female","54"
"639",42,66351,14,"English",NA,322,122,232,"3sameNANA",3,NA,"same","red",0.3,"Female","54"
"640",42,275600,15,"English",NA,121,113,333,"2sameNANA",2,NA,"same","cloud",0.6,"Female","54"
"641",42,66120,16,"English",NA,212,232,322,"3sameNANA",3,NA,"same","red",0.35,"Female","54"
"642",42,153570,17,"English",NA,123,132,313,"1sameNANA",1,NA,"same","striped",0.75,"Female","54"
"643",42,25902,18,"English",1,121,122,112,"3diff21",3,2,"diff","cloud",0.65,"Female","54"
"644",42,242611,19,"English",1,131,232,233,"3diff11",3,1,"diff","polka-dotted",0.4,"Female","54"
"645",42,58940,20,"English",NA,331,232,211,"2sameNANA",2,NA,"same","polka-dotted",0.65,"Female","54"
"646",43,82780,6,"English",NA,113,211,321,"1sameNANA",1,NA,"same","green",1,"Male","37"
"647",43,221070,7,"English",NA,133,132,213,"2diff2NA",2,2,"diff","polka-dotted",0.5,"Male","37"
"648",43,37730,8,"English",NA,321,322,121,"2sameNANA",2,NA,"same","square",0.5,"Male","37"
"649",43,291672,9,"English",NA,333,233,232,"3sameNANA",3,NA,"same","polka-dotted",0,"Male","37"
"650",43,265541,10,"English",NA,312,111,333,"2sameNANA",2,NA,"same","solid",0.5,"Male","37"
"651",43,184011,11,"English",1,121,122,323,"3diff21",3,2,"diff","striped",0,"Male","37"
"652",43,264201,12,"English",NA,131,112,333,"2diff1NA",2,1,"diff","cloud",0.5,"Male","37"
"653",43,6181,13,"English",2,331,311,121,"3diff12",3,1,"diff","blue",0,"Male","37"
"654",43,7020,14,"English",NA,221,321,331,"3sameNANA",3,NA,"same","blue",0,"Male","37"
"655",43,42852,15,"English",2,312,322,112,"3diff22",3,2,"diff","red",0,"Male","37"
"656",43,288341,16,"English",NA,133,333,231,"3sameNANA",3,NA,"same","polka-dotted",0,"Male","37"
"657",43,99760,17,"English",NA,213,111,331,"1sameNANA",1,NA,"same","circle",1,"Male","37"
"658",43,65170,18,"English",NA,232,322,111,"1sameNANA",1,NA,"same","polka-dotted",1,"Male","37"
"659",43,49871,19,"English",NA,132,231,112,"2sameNANA",2,NA,"same","polka-dotted",0.5,"Male","37"
"660",43,178070,20,"English",1,323,121,221,"3diff11",3,1,"diff","striped",0,"Male","37"
"661",44,9931,6,"english",NA,131,111,112,"3sameNANA",3,NA,"same","cloud",0.4,"Female","26"
"662",44,178070,7,"english",1,323,121,221,"3diff11",3,1,"diff","striped",0.7,"Female","26"
"663",44,80872,8,"english",NA,332,331,232,"3sameNANA",3,NA,"same","polka-dotted",0.9,"Female","26"
"664",44,291950,9,"english",2,233,213,333,"3diff22",3,2,"diff","green",0.8,"Female","26"
"665",44,215500,10,"english",NA,312,232,133,"1sameNANA",1,NA,"same","square",1,"Female","26"
"666",44,54110,11,"english",NA,331,132,222,"2sameNANA",2,NA,"same","polka-dotted",0.95,"Female","26"
"667",44,99710,12,"english",NA,111,213,331,"2sameNANA",2,NA,"same","solid",0.85,"Female","26"
"668",44,33532,13,"english",1,212,222,221,"3diff21",3,2,"diff","circle",0.2,"Female","26"
"669",44,156562,14,"english",NA,223,221,231,"3sameNANA",3,NA,"same","circle",0.7,"Female","26"
"670",44,156060,15,"english",NA,223,321,131,"1sameNANA",1,NA,"same","circle",0.75,"Female","26"
"671",44,58130,16,"english",NA,231,232,111,"2sameNANA",2,NA,"same","circle",0.3,"Female","26"
"672",44,165311,17,"english",NA,331,132,223,"2diff1NA",2,1,"diff","polka-dotted",0.65,"Female","26"
"673",44,150810,18,"english",NA,231,213,123,"1sameNANA",1,NA,"same","polka-dotted",0.75,"Female","26"
"674",44,159911,19,"english",NA,221,223,312,"2diff2NA",2,2,"diff","striped",0.65,"Female","26"
"675",44,55952,20,"english",2,322,222,132,"3diff12",3,1,"diff","red",0.75,"Female","26"
"676",45,215500,6,"English",NA,312,232,133,"1sameNANA",1,NA,"same","square",1,"Male","36"
"677",45,58940,7,"English",NA,331,232,211,"2sameNANA",2,NA,"same","polka-dotted",0.5,"Male","36"
"678",45,16612,8,"English",2,111,311,312,"3diff12",3,1,"diff","solid",0,"Male","36"
"679",45,111621,9,"English",NA,312,332,213,"2diff2NA",2,2,"diff","red",0,"Male","36"
"680",45,4700,10,"English",NA,311,321,231,"2sameNANA",2,NA,"same","square",0.5,"Male","36"
"681",45,282350,11,"English",NA,123,333,222,"2sameNANA",2,NA,"same","green",0.5,"Male","36"
"682",45,83970,12,"English",NA,113,311,231,"2diff1NA",2,1,"diff","solid",0,"Male","36"
"683",45,5522,13,"English",1,321,131,231,"3diff11",3,1,"diff","blue",0,"Male","36"
"684",45,482,14,"English",NA,221,211,111,"3sameNANA",3,NA,"same","blue",0.5,"Male","36"
"685",45,259781,15,"English",1,233,133,123,"3diff21",3,2,"diff","green",0,"Male","36"
"686",45,75730,16,"English",NA,122,312,332,"1sameNANA",1,NA,"same","cloud",1,"Male","36"
"687",45,187300,17,"English",NA,312,322,323,"3sameNANA",3,NA,"same","square",0.5,"Male","36"
"688",45,118772,18,"English",NA,313,311,212,"3sameNANA",3,NA,"same","solid",0.5,"Male","36"
"689",45,150040,19,"English",NA,113,123,332,"1sameNANA",1,NA,"same","solid",0.5,"Male","36"
"690",45,291950,20,"English",2,233,213,333,"3diff22",3,2,"diff","green",0,"Male","36"
"706",47,144131,6,"English",NA,132,131,123,"3sameNANA",3,NA,"same","cloud",0.75,"Male","25"
"707",47,421,7,"English",1,111,211,221,"3diff21",3,2,"diff","blue",0.45,"Male","25"
"708",47,205241,8,"English",NA,331,133,111,"2diff1NA",2,1,"diff","polka-dotted",0.3,"Male","25"
"709",47,86270,9,"English",1,113,211,212,"3diff11",3,1,"diff","solid",0.25,"Male","25"
"710",47,58130,10,"English",NA,231,232,111,"2sameNANA",2,NA,"same","circle",0.7,"Male","25"
"711",47,37730,11,"English",NA,321,322,121,"2sameNANA",2,NA,"same","square",0.7,"Male","25"
"712",47,63962,12,"English",NA,232,222,211,"3sameNANA",3,NA,"same","circle",0.75,"Male","25"
"713",47,211330,13,"English",NA,222,312,133,"1sameNANA",1,NA,"same","circle",0.75,"Male","25"
"714",47,5030,14,"English",NA,131,111,231,"2diff2NA",2,2,"diff","cloud",0.25,"Male","25"
"715",47,21930,15,"English",NA,212,112,312,"1sameNANA",1,NA,"same","circle",0.75,"Male","25"
"716",47,178332,16,"English",2,321,323,311,"3diff22",3,2,"diff","square",0.25,"Male","25"
"717",47,263470,17,"English",2,333,331,131,"3diff12",3,1,"diff","polka-dotted",0.3,"Male","25"
"718",47,208170,18,"English",NA,133,311,312,"1sameNANA",1,NA,"same","polka-dotted",0.85,"Male","25"
"719",47,7120,19,"English",NA,111,131,331,"3sameNANA",3,NA,"same","blue",0.75,"Male","25"
"720",47,276650,20,"English",NA,113,333,222,"2sameNANA",2,NA,"same","green",0.8,"Male","25"
"721",48,99710,6,"English",NA,111,213,331,"2sameNANA",2,NA,"same","solid",1,"Female","70"
"722",48,39760,7,"English",1,322,321,331,"3diff21",3,2,"diff","square",0.05,"Female","70"
"723",48,56141,8,"English",NA,311,111,232,"2sameNANA",2,NA,"same","solid",0.95,"Female","70"
"724",48,79780,9,"English",2,332,132,122,"3diff12",3,1,"diff","red",0.05,"Female","70"
"725",48,94680,10,"English",NA,113,212,232,"1sameNANA",1,NA,"same","green",0.95,"Female","70"
"726",48,284951,11,"English",NA,223,113,333,"3sameNANA",3,NA,"same","green",1,"Female","70"
"727",48,157210,12,"English",NA,221,223,331,"2sameNANA",2,NA,"same","striped",1,"Female","70"
"728",48,209600,13,"English",NA,131,133,122,"3sameNANA",3,NA,"same","cloud",1,"Female","70"
"729",48,156060,14,"English",NA,223,321,131,"1sameNANA",1,NA,"same","circle",0.95,"Female","70"
"730",48,31580,15,"English",NA,222,211,331,"1sameNANA",1,NA,"same","red",1,"Female","70"
"731",48,63901,16,"English",1,211,222,232,"3diff11",3,1,"diff","circle",0,"Female","70"
"732",48,90360,17,"English",NA,113,112,222,"2diff2NA",2,2,"diff","cloud",0.05,"Female","70"
"733",48,42952,18,"English",2,312,322,212,"3diff22",3,2,"diff","red",0.05,"Female","70"
"734",48,4620,19,"English",NA,211,231,321,"3sameNANA",3,NA,"same","blue",0.95,"Female","70"
"735",48,170901,20,"English",NA,232,223,113,"2diff1NA",2,1,"diff","circle",0,"Female","70"
"736",49,118772,6,"English",NA,313,311,212,"3sameNANA",3,NA,"same","solid",0.85,"Female","49"
"737",49,77331,7,"English",NA,322,332,311,"3sameNANA",3,NA,"same","square",0.95,"Female","49"
"738",49,148781,8,"English",NA,123,113,221,"2sameNANA",2,NA,"same","green",0.9,"Female","49"
"739",49,90001,9,"English",NA,131,113,222,"2diff1NA",2,1,"diff","cloud",0.15,"Female","49"
"740",49,11980,10,"English",NA,112,231,331,"1sameNANA",1,NA,"same","red",0.9,"Female","49"
"741",49,17450,11,"English",NA,221,121,312,"2diff2NA",2,2,"diff","blue",0.1,"Female","49"
"742",49,15842,12,"English",1,112,212,311,"3diff21",3,2,"diff","solid",0.1,"Female","49"
"743",49,82780,13,"English",NA,113,211,321,"1sameNANA",1,NA,"same","green",0.9,"Female","49"
"744",49,178070,14,"English",1,323,121,221,"3diff11",3,1,"diff","striped",0.05,"Female","49"
"745",49,121,15,"English",2,111,121,211,"3diff22",3,2,"diff","blue",0.05,"Female","49"
"746",49,99710,16,"English",NA,111,213,331,"2sameNANA",2,NA,"same","solid",0.9,"Female","49"
"747",49,122520,17,"English",NA,231,222,313,"1sameNANA",1,NA,"same","blue",0.95,"Female","49"
"748",49,118642,18,"English",2,212,211,313,"3diff12",3,1,"diff","solid",0.1,"Female","49"
"749",49,257582,19,"English",NA,233,223,323,"3sameNANA",3,NA,"same","green",0.9,"Female","49"
"750",49,51910,20,"English",NA,112,312,132,"2sameNANA",2,NA,"same","solid",0.95,"Female","49"
"751",50,4620,6,"English",NA,211,231,321,"3sameNANA",3,NA,"same","blue",0.65,"Male","28"
"752",50,66351,7,"English",NA,322,122,232,"3sameNANA",3,NA,"same","red",0.3,"Male","28"
"753",50,250981,8,"English",2,233,213,313,"3diff12",3,1,"diff","green",0.15,"Male","28"
"754",50,248921,9,"English",1,113,213,233,"3diff21",3,2,"diff","green",0.55,"Male","28"
"755",50,159100,10,"English",NA,131,212,223,"1sameNANA",1,NA,"same","cloud",0.9,"Male","28"
"756",50,4700,11,"English",NA,311,321,231,"2sameNANA",2,NA,"same","square",0.4,"Male","28"
"757",50,207310,12,"English",NA,221,212,133,"1sameNANA",1,NA,"same","striped",0.85,"Male","28"
"758",50,172680,13,"English",NA,223,213,132,"2diff2NA",2,2,"diff","green",0.6,"Male","28"
"759",50,7151,14,"English",NA,131,111,331,"3sameNANA",3,NA,"same","blue",0.2,"Male","28"
"760",50,179700,15,"English",NA,321,323,231,"2sameNANA",2,NA,"same","square",0.6,"Male","28"
"761",50,9421,16,"English",NA,111,321,112,"2diff1NA",2,1,"diff","blue",0.45,"Male","28"
"762",50,247502,17,"English",1,221,213,233,"3diff11",3,1,"diff","circle",0.35,"Male","28"
"763",50,14371,18,"English",NA,212,311,231,"2sameNANA",2,NA,"same","solid",0.65,"Male","28"
"764",50,111360,19,"English",NA,213,331,332,"1sameNANA",1,NA,"same","circle",0.85,"Male","28"
"765",50,45250,20,"English",2,222,212,322,"3diff22",3,2,"diff","red",0.25,"Male","28"
"766",51,182832,6,"english",2,312,311,323,"3diff12",3,1,"diff","square",0.75,"Male","25"
"767",51,32301,7,"english",NA,211,222,112,"2diff1NA",2,1,"diff","circle",0.25,"Male","25"
"768",51,58480,8,"english",NA,232,231,121,"1sameNANA",1,NA,"same","red",0.65,"Male","25"
"769",51,175171,9,"english",NA,223,123,211,"2sameNANA",2,NA,"same","striped",0.35,"Male","25"
"770",51,259781,10,"english",1,233,133,123,"3diff21",3,2,"diff","green",0.8,"Male","25"
"771",51,280510,11,"english",NA,132,333,313,"2sameNANA",2,NA,"same","polka-dotted",0.35,"Male","25"
"772",51,103410,12,"english",NA,212,213,312,"3sameNANA",3,NA,"same","solid",0.75,"Male","25"
"773",51,94680,13,"english",NA,113,212,232,"1sameNANA",1,NA,"same","green",0.3,"Male","25"
"774",51,83162,14,"english",NA,113,111,131,"3sameNANA",3,NA,"same","cloud",0.75,"Male","25"
"775",51,171200,15,"english",NA,211,213,223,"3sameNANA",3,NA,"same","circle",0.3,"Male","25"
"776",51,125150,16,"english",NA,132,131,313,"1sameNANA",1,NA,"same","red",0.65,"Male","25"
"777",51,273140,17,"english",NA,232,333,312,"2sameNANA",2,NA,"same","polka-dotted",0.3,"Male","25"
"778",51,162111,18,"english",1,121,222,223,"3diff11",3,1,"diff","striped",0.65,"Male","25"
"779",51,53001,19,"english",2,112,122,132,"3diff22",3,2,"diff","cloud",0.7,"Male","25"
"780",51,6960,20,"english",NA,331,321,121,"2diff2NA",2,2,"diff","square",0.6,"Male","25"
"781",52,212840,6,"English",NA,322,222,133,"2diff2NA",2,2,"diff","striped",0,"Female","62"
"782",52,66022,7,"English",1,112,322,232,"3diff11",3,1,"diff","red",0.05,"Female","62"
"783",52,25902,8,"English",1,121,122,112,"3diff21",3,2,"diff","cloud",0.35,"Female","62"
"784",52,138130,9,"English",NA,212,131,123,"1sameNANA",1,NA,"same","circle",1,"Female","62"
"785",52,268730,10,"English",NA,222,112,333,"1sameNANA",1,NA,"same","circle",0.95,"Female","62"
"786",52,4620,11,"English",NA,211,231,321,"3sameNANA",3,NA,"same","blue",0.2,"Female","62"
"787",52,70451,12,"English",NA,231,121,332,"2sameNANA",2,NA,"same","blue",0.3,"Female","62"
"788",52,48971,13,"English",2,132,131,331,"3diff12",3,1,"diff","polka-dotted",0.15,"Female","62"
"789",52,292220,14,"English",NA,223,233,333,"3sameNANA",3,NA,"same","green",0.65,"Female","62"
"790",52,122310,15,"English",NA,321,222,313,"2sameNANA",2,NA,"same","striped",0.75,"Female","62"
"791",52,1940,16,"English",2,221,121,321,"3diff22",3,2,"diff","striped",0.1,"Female","62"
"792",52,211330,17,"English",NA,222,312,133,"1sameNANA",1,NA,"same","circle",1,"Female","62"
"793",52,103511,18,"English",NA,111,213,122,"2diff1NA",2,1,"diff","solid",0.65,"Female","62"
"794",52,58130,19,"English",NA,231,232,111,"2sameNANA",2,NA,"same","circle",0.7,"Female","62"
"795",52,103410,20,"English",NA,212,213,312,"3sameNANA",3,NA,"same","solid",0,"Female","62"
"796",53,208420,6,"english",NA,321,312,133,"1sameNANA",1,NA,"same","blue",1,"Male","27"
"797",53,131201,7,"english",NA,211,213,313,"2diff2NA",2,2,"diff","circle",0.8,"Male","27"
"798",53,248922,8,"english",2,113,213,233,"3diff12",3,1,"diff","green",0.8,"Male","27"
"799",53,124310,9,"english",NA,122,322,313,"2sameNANA",2,NA,"same","striped",0.8,"Male","27"
"800",53,7120,10,"english",NA,111,131,331,"3sameNANA",3,NA,"same","blue",0.9,"Male","27"
"801",53,284950,11,"english",1,223,113,333,"3diff11",3,1,"diff","green",0.9,"Male","27"
"802",53,91610,12,"english",NA,112,113,322,"2sameNANA",2,NA,"same","solid",0.8,"Male","27"
"803",53,23372,13,"english",NA,122,121,321,"3sameNANA",3,NA,"same","striped",0.75,"Male","27"
"804",53,94680,14,"english",NA,113,212,232,"1sameNANA",1,NA,"same","green",0.85,"Male","27"
"805",53,156060,15,"english",NA,223,321,131,"1sameNANA",1,NA,"same","circle",0.8,"Male","27"
"806",53,154701,16,"english",1,211,221,223,"3diff21",3,2,"diff","circle",0.8,"Male","27"
"807",53,6582,17,"english",NA,331,121,221,"3sameNANA",3,NA,"same","blue",0.75,"Male","27"
"808",53,14371,18,"english",NA,212,311,231,"2sameNANA",2,NA,"same","solid",0.85,"Male","27"
"809",53,95501,19,"english",NA,121,113,332,"2diff1NA",2,1,"diff","cloud",0.7,"Male","27"
"810",53,232232,20,"english",2,231,233,211,"3diff22",3,2,"diff","circle",0.85,"Male","27"
