workerid,response6,response4,response5,response2,response3,response1,property1,property2,obj3,obj2,slide_number,condition,trial_type,target,utterance,item,pref1,pref2,pref3,pref4,pref5,pref6,language,enjoyment,gender,age,comments,assess,education,OS,screenH,screenW,Browser,hitid,hittypeid,title,description,keywords,reward,creationtime,assignments,numavailable,numpending,numcomplete,hitstatus,reviewstatus,annotation,assignmentduration,autoapprovaldelay,hitlifetime,viewhit,assignmentid,workerid,assignmentstatus,autoapprovaltime,assignmentaccepttime,assignmentsubmittime,assignmentapprovaltime,assignmentrejecttime,deadline,feedback,reject,Answer.catch_trials,Answer.time_in_minutes
0,0.4,0.9,0.9,0.65,0.8,0.9,shape,color,122,122,3,3/3,multi_slider,122,cloud,270,clouds,circles,squares,blue things,red things,green things,English,2,Male,69,Very Engaging,Yes,3,Windows,768,1360,Chrome,3HKIF5DF6YS0TIZC0B50ZHHL5IM9GO,3T1XT3I8SXZB1M17G2PNLMVAGJG6HR,English conversations,Answer questions about English conversations.,language research fun cognitive science university,$0.50,Tue Dec 04 10:55:00 PST 2018,9,0,0,0,Reviewable,NotReviewed,1 cond,1800,60000,Thu Jan 03 10:55:00 PST 2019,https://requester.mturk.com/mturk/manageHIT?HITId=3HKIF5DF6YS0TIZC0B50ZHHL5IM9GO,36AHBNMV1S8F5JVMXZ1AHW3351VYDN,0,Submitted,Wed Dec 05 03:39:13 PST 2018,Tue Dec 04 10:55:06 PST 2018,Tue Dec 04 10:59:13 PST 2018,,,,,,[],4.037133333333333
0,0.8,0.75,0.7,0.7,0.75,0.6,shape,texture,212,212,4,3/3,multi_slider,212,red,269,clouds,circles,squares,solid things,striped things,polka-dotted things,English,2,Male,69,Very Engaging,Yes,3,Windows,768,1360,Chrome,3HKIF5DF6YS0TIZC0B50ZHHL5IM9GO,3T1XT3I8SXZB1M17G2PNLMVAGJG6HR,English conversations,Answer questions about English conversations.,language research fun cognitive science university,$0.50,Tue Dec 04 10:55:00 PST 2018,9,0,0,0,Reviewable,NotReviewed,1 cond,1800,60000,Thu Jan 03 10:55:00 PST 2019,https://requester.mturk.com/mturk/manageHIT?HITId=3HKIF5DF6YS0TIZC0B50ZHHL5IM9GO,36AHBNMV1S8F5JVMXZ1AHW3351VYDN,0,Submitted,Wed Dec 05 03:39:13 PST 2018,Tue Dec 04 10:55:06 PST 2018,Tue Dec 04 10:59:13 PST 2018,,,,,,[],4.037133333333333
0,0.8,0.65,0.7,0.65,0.7,0.55,texture,color,113,111,5,1/1,multi_slider,132,cloud,206,blue things,red things,green things,solid things,striped things,polka-dotted things,English,2,Male,69,Very Engaging,Yes,3,Windows,768,1360,Chrome,3HKIF5DF6YS0TIZC0B50ZHHL5IM9GO,3T1XT3I8SXZB1M17G2PNLMVAGJG6HR,English conversations,Answer questions about English conversations.,language research fun cognitive science university,$0.50,Tue Dec 04 10:55:00 PST 2018,9,0,0,0,Reviewable,NotReviewed,1 cond,1800,60000,Thu Jan 03 10:55:00 PST 2019,https://requester.mturk.com/mturk/manageHIT?HITId=3HKIF5DF6YS0TIZC0B50ZHHL5IM9GO,36AHBNMV1S8F5JVMXZ1AHW3351VYDN,0,Submitted,Wed Dec 05 03:39:13 PST 2018,Tue Dec 04 10:55:06 PST 2018,Tue Dec 04 10:59:13 PST 2018,,,,,,[],4.037133333333333
0,0.35,0.35,0.9,0.45,0.35,0.3,shape,color,322,322,6,3/3,multi_slider,322,red,259,clouds,circles,squares,blue things,red things,green things,English,2,Male,69,Very Engaging,Yes,3,Windows,768,1360,Chrome,3HKIF5DF6YS0TIZC0B50ZHHL5IM9GO,3T1XT3I8SXZB1M17G2PNLMVAGJG6HR,English conversations,Answer questions about English conversations.,language research fun cognitive science university,$0.50,Tue Dec 04 10:55:00 PST 2018,9,0,0,0,Reviewable,NotReviewed,1 cond,1800,60000,Thu Jan 03 10:55:00 PST 2019,https://requester.mturk.com/mturk/manageHIT?HITId=3HKIF5DF6YS0TIZC0B50ZHHL5IM9GO,36AHBNMV1S8F5JVMXZ1AHW3351VYDN,0,Submitted,Wed Dec 05 03:39:13 PST 2018,Tue Dec 04 10:55:06 PST 2018,Tue Dec 04 10:59:13 PST 2018,,,,,,[],4.037133333333333
0,0.7,0.7,0.65,0.6,0.7,0.7,shape,texture,131,231,7,2/3,multi_slider,131,polka-dotted,32,solid things,striped things,polka-dotted things,clouds,circles,squares,English,2,Male,69,Very Engaging,Yes,3,Windows,768,1360,Chrome,3HKIF5DF6YS0TIZC0B50ZHHL5IM9GO,3T1XT3I8SXZB1M17G2PNLMVAGJG6HR,English conversations,Answer questions about English conversations.,language research fun cognitive science university,$0.50,Tue Dec 04 10:55:00 PST 2018,9,0,0,0,Reviewable,NotReviewed,1 cond,1800,60000,Thu Jan 03 10:55:00 PST 2019,https://requester.mturk.com/mturk/manageHIT?HITId=3HKIF5DF6YS0TIZC0B50ZHHL5IM9GO,36AHBNMV1S8F5JVMXZ1AHW3351VYDN,0,Submitted,Wed Dec 05 03:39:13 PST 2018,Tue Dec 04 10:55:06 PST 2018,Tue Dec 04 10:59:13 PST 2018,,,,,,[],4.037133333333333
0,1,1,1,0.3,0.4,0.4,color,texture,313,311,8,1/3,multi_slider,312,square,168,solid things,striped things,polka-dotted things,blue things,red things,green things,English,2,Male,69,Very Engaging,Yes,3,Windows,768,1360,Chrome,3HKIF5DF6YS0TIZC0B50ZHHL5IM9GO,3T1XT3I8SXZB1M17G2PNLMVAGJG6HR,English conversations,Answer questions about English conversations.,language research fun cognitive science university,$0.50,Tue Dec 04 10:55:00 PST 2018,9,0,0,0,Reviewable,NotReviewed,1 cond,1800,60000,Thu Jan 03 10:55:00 PST 2019,https://requester.mturk.com/mturk/manageHIT?HITId=3HKIF5DF6YS0TIZC0B50ZHHL5IM9GO,36AHBNMV1S8F5JVMXZ1AHW3351VYDN,0,Submitted,Wed Dec 05 03:39:13 PST 2018,Tue Dec 04 10:55:06 PST 2018,Tue Dec 04 10:59:13 PST 2018,,,,,,[],4.037133333333333
0,0.6,0.8,0.65,0.65,0.75,0.65,shape,color,311,311,9,3/3,multi_slider,311,square,300,clouds,circles,squares,blue things,red things,green things,English,2,Male,69,Very Engaging,Yes,3,Windows,768,1360,Chrome,3HKIF5DF6YS0TIZC0B50ZHHL5IM9GO,3T1XT3I8SXZB1M17G2PNLMVAGJG6HR,English conversations,Answer questions about English conversations.,language research fun cognitive science university,$0.50,Tue Dec 04 10:55:00 PST 2018,9,0,0,0,Reviewable,NotReviewed,1 cond,1800,60000,Thu Jan 03 10:55:00 PST 2019,https://requester.mturk.com/mturk/manageHIT?HITId=3HKIF5DF6YS0TIZC0B50ZHHL5IM9GO,36AHBNMV1S8F5JVMXZ1AHW3351VYDN,0,Submitted,Wed Dec 05 03:39:13 PST 2018,Tue Dec 04 10:55:06 PST 2018,Tue Dec 04 10:59:13 PST 2018,,,,,,[],4.037133333333333
0,0.8,0.7,0.7,0.65,0.75,0.9,shape,texture,123,213,10,2/2,multi_slider,123,striped,144,solid things,striped things,polka-dotted things,clouds,circles,squares,English,2,Male,69,Very Engaging,Yes,3,Windows,768,1360,Chrome,3HKIF5DF6YS0TIZC0B50ZHHL5IM9GO,3T1XT3I8SXZB1M17G2PNLMVAGJG6HR,English conversations,Answer questions about English conversations.,language research fun cognitive science university,$0.50,Tue Dec 04 10:55:00 PST 2018,9,0,0,0,Reviewable,NotReviewed,1 cond,1800,60000,Thu Jan 03 10:55:00 PST 2019,https://requester.mturk.com/mturk/manageHIT?HITId=3HKIF5DF6YS0TIZC0B50ZHHL5IM9GO,36AHBNMV1S8F5JVMXZ1AHW3351VYDN,0,Submitted,Wed Dec 05 03:39:13 PST 2018,Tue Dec 04 10:55:06 PST 2018,Tue Dec 04 10:59:13 PST 2018,,,,,,[],4.037133333333333
0,0.7,0.85,0.65,0.85,0.7,0.7,color,texture,112,132,11,1/2,multi_slider,131,blue,73,blue things,red things,green things,solid things,striped things,polka-dotted things,English,2,Male,69,Very Engaging,Yes,3,Windows,768,1360,Chrome,3HKIF5DF6YS0TIZC0B50ZHHL5IM9GO,3T1XT3I8SXZB1M17G2PNLMVAGJG6HR,English conversations,Answer questions about English conversations.,language research fun cognitive science university,$0.50,Tue Dec 04 10:55:00 PST 2018,9,0,0,0,Reviewable,NotReviewed,1 cond,1800,60000,Thu Jan 03 10:55:00 PST 2019,https://requester.mturk.com/mturk/manageHIT?HITId=3HKIF5DF6YS0TIZC0B50ZHHL5IM9GO,36AHBNMV1S8F5JVMXZ1AHW3351VYDN,0,Submitted,Wed Dec 05 03:39:13 PST 2018,Tue Dec 04 10:55:06 PST 2018,Tue Dec 04 10:59:13 PST 2018,,,,,,[],4.037133333333333
0,0.9,0.85,0.75,0.8,0.7,0.7,shape,color,121,222,12,2/2,multi_slider,222,red,106,clouds,circles,squares,blue things,red things,green things,English,2,Male,69,Very Engaging,Yes,3,Windows,768,1360,Chrome,3HKIF5DF6YS0TIZC0B50ZHHL5IM9GO,3T1XT3I8SXZB1M17G2PNLMVAGJG6HR,English conversations,Answer questions about English conversations.,language research fun cognitive science university,$0.50,Tue Dec 04 10:55:00 PST 2018,9,0,0,0,Reviewable,NotReviewed,1 cond,1800,60000,Thu Jan 03 10:55:00 PST 2019,https://requester.mturk.com/mturk/manageHIT?HITId=3HKIF5DF6YS0TIZC0B50ZHHL5IM9GO,36AHBNMV1S8F5JVMXZ1AHW3351VYDN,0,Submitted,Wed Dec 05 03:39:13 PST 2018,Tue Dec 04 10:55:06 PST 2018,Tue Dec 04 10:59:13 PST 2018,,,,,,[],4.037133333333333
0,0.8,0.85,0.85,0.85,0.85,0.7,texture,color,133,112,13,1/1,multi_slider,121,blue,242,blue things,red things,green things,solid things,striped things,polka-dotted things,English,2,Male,69,Very Engaging,Yes,3,Windows,768,1360,Chrome,3HKIF5DF6YS0TIZC0B50ZHHL5IM9GO,3T1XT3I8SXZB1M17G2PNLMVAGJG6HR,English conversations,Answer questions about English conversations.,language research fun cognitive science university,$0.50,Tue Dec 04 10:55:00 PST 2018,9,0,0,0,Reviewable,NotReviewed,1 cond,1800,60000,Thu Jan 03 10:55:00 PST 2019,https://requester.mturk.com/mturk/manageHIT?HITId=3HKIF5DF6YS0TIZC0B50ZHHL5IM9GO,36AHBNMV1S8F5JVMXZ1AHW3351VYDN,0,Submitted,Wed Dec 05 03:39:13 PST 2018,Tue Dec 04 10:55:06 PST 2018,Tue Dec 04 10:59:13 PST 2018,,,,,,[],4.037133333333333
0,0.9,0.8,0.9,0.9,0.9,0.8,texture,shape,231,231,14,1/3,multi_slider,221,circle,175,solid things,striped things,polka-dotted things,clouds,circles,squares,English,2,Male,69,Very Engaging,Yes,3,Windows,768,1360,Chrome,3HKIF5DF6YS0TIZC0B50ZHHL5IM9GO,3T1XT3I8SXZB1M17G2PNLMVAGJG6HR,English conversations,Answer questions about English conversations.,language research fun cognitive science university,$0.50,Tue Dec 04 10:55:00 PST 2018,9,0,0,0,Reviewable,NotReviewed,1 cond,1800,60000,Thu Jan 03 10:55:00 PST 2019,https://requester.mturk.com/mturk/manageHIT?HITId=3HKIF5DF6YS0TIZC0B50ZHHL5IM9GO,36AHBNMV1S8F5JVMXZ1AHW3351VYDN,0,Submitted,Wed Dec 05 03:39:13 PST 2018,Tue Dec 04 10:55:06 PST 2018,Tue Dec 04 10:59:13 PST 2018,,,,,,[],4.037133333333333
0,0.95,0.85,0.95,0.8,0.65,0.8,color,texture,321,323,15,2/3,multi_slider,321,blue,39,blue things,red things,green things,solid things,striped things,polka-dotted things,English,2,Male,69,Very Engaging,Yes,3,Windows,768,1360,Chrome,3HKIF5DF6YS0TIZC0B50ZHHL5IM9GO,3T1XT3I8SXZB1M17G2PNLMVAGJG6HR,English conversations,Answer questions about English conversations.,language research fun cognitive science university,$0.50,Tue Dec 04 10:55:00 PST 2018,9,0,0,0,Reviewable,NotReviewed,1 cond,1800,60000,Thu Jan 03 10:55:00 PST 2019,https://requester.mturk.com/mturk/manageHIT?HITId=3HKIF5DF6YS0TIZC0B50ZHHL5IM9GO,36AHBNMV1S8F5JVMXZ1AHW3351VYDN,0,Submitted,Wed Dec 05 03:39:13 PST 2018,Tue Dec 04 10:55:06 PST 2018,Tue Dec 04 10:59:13 PST 2018,,,,,,[],4.037133333333333
0,0.75,0.7,0.75,0.8,0.9,0.95,texture,color,113,122,16,2/2,multi_slider,122,cloud,139,blue things,red things,green things,solid things,striped things,polka-dotted things,English,2,Male,69,Very Engaging,Yes,3,Windows,768,1360,Chrome,3HKIF5DF6YS0TIZC0B50ZHHL5IM9GO,3T1XT3I8SXZB1M17G2PNLMVAGJG6HR,English conversations,Answer questions about English conversations.,language research fun cognitive science university,$0.50,Tue Dec 04 10:55:00 PST 2018,9,0,0,0,Reviewable,NotReviewed,1 cond,1800,60000,Thu Jan 03 10:55:00 PST 2019,https://requester.mturk.com/mturk/manageHIT?HITId=3HKIF5DF6YS0TIZC0B50ZHHL5IM9GO,36AHBNMV1S8F5JVMXZ1AHW3351VYDN,0,Submitted,Wed Dec 05 03:39:13 PST 2018,Tue Dec 04 10:55:06 PST 2018,Tue Dec 04 10:59:13 PST 2018,,,,,,[],4.037133333333333
0,0.65,0.75,0.75,0.85,0.85,0.75,shape,texture,121,111,17,1/2,multi_slider,221,circle,77,clouds,circles,squares,solid things,striped things,polka-dotted things,English,2,Male,69,Very Engaging,Yes,3,Windows,768,1360,Chrome,3HKIF5DF6YS0TIZC0B50ZHHL5IM9GO,3T1XT3I8SXZB1M17G2PNLMVAGJG6HR,English conversations,Answer questions about English conversations.,language research fun cognitive science university,$0.50,Tue Dec 04 10:55:00 PST 2018,9,0,0,0,Reviewable,NotReviewed,1 cond,1800,60000,Thu Jan 03 10:55:00 PST 2019,https://requester.mturk.com/mturk/manageHIT?HITId=3HKIF5DF6YS0TIZC0B50ZHHL5IM9GO,36AHBNMV1S8F5JVMXZ1AHW3351VYDN,0,Submitted,Wed Dec 05 03:39:13 PST 2018,Tue Dec 04 10:55:06 PST 2018,Tue Dec 04 10:59:13 PST 2018,,,,,,[],4.037133333333333
1,0.65,0.9,0.6,0.65,0.3,0.75,shape,color,122,123,3,1/1,multi_slider,321,striped,217,blue things,red things,green things,clouds,circles,squares,native american,1,Male,30,very good,Yes,4,Windows,600,800,Chrome,3HKIF5DF6YS0TIZC0B50ZHHL5IM9GO,3T1XT3I8SXZB1M17G2PNLMVAGJG6HR,English conversations,Answer questions about English conversations.,language research fun cognitive science university,$0.50,Tue Dec 04 10:55:00 PST 2018,9,0,0,0,Reviewable,NotReviewed,1 cond,1800,60000,Thu Jan 03 10:55:00 PST 2019,https://requester.mturk.com/mturk/manageHIT?HITId=3HKIF5DF6YS0TIZC0B50ZHHL5IM9GO,3JAOYWH7VJ0J2UB6247I1SIH51D9LQ,1,Submitted,Wed Dec 05 03:40:40 PST 2018,Tue Dec 04 10:57:02 PST 2018,Tue Dec 04 11:00:40 PST 2018,,,,,,[],2.936
1,0.8,0.8,0.25,0.25,0.8,0.8,color,shape,112,312,4,1/2,multi_slider,313,green,66,clouds,circles,squares,blue things,red things,green things,native american,1,Male,30,very good,Yes,4,Windows,600,800,Chrome,3HKIF5DF6YS0TIZC0B50ZHHL5IM9GO,3T1XT3I8SXZB1M17G2PNLMVAGJG6HR,English conversations,Answer questions about English conversations.,language research fun cognitive science university,$0.50,Tue Dec 04 10:55:00 PST 2018,9,0,0,0,Reviewable,NotReviewed,1 cond,1800,60000,Thu Jan 03 10:55:00 PST 2019,https://requester.mturk.com/mturk/manageHIT?HITId=3HKIF5DF6YS0TIZC0B50ZHHL5IM9GO,3JAOYWH7VJ0J2UB6247I1SIH51D9LQ,1,Submitted,Wed Dec 05 03:40:40 PST 2018,Tue Dec 04 10:57:02 PST 2018,Tue Dec 04 11:00:40 PST 2018,,,,,,[],2.936
1,0.65,0.9,0.65,0.65,0.8,0.7,shape,texture,133,133,5,3/3,multi_slider,133,polka-dotted,276,clouds,circles,squares,solid things,striped things,polka-dotted things,native american,1,Male,30,very good,Yes,4,Windows,600,800,Chrome,3HKIF5DF6YS0TIZC0B50ZHHL5IM9GO,3T1XT3I8SXZB1M17G2PNLMVAGJG6HR,English conversations,Answer questions about English conversations.,language research fun cognitive science university,$0.50,Tue Dec 04 10:55:00 PST 2018,9,0,0,0,Reviewable,NotReviewed,1 cond,1800,60000,Thu Jan 03 10:55:00 PST 2019,https://requester.mturk.com/mturk/manageHIT?HITId=3HKIF5DF6YS0TIZC0B50ZHHL5IM9GO,3JAOYWH7VJ0J2UB6247I1SIH51D9LQ,1,Submitted,Wed Dec 05 03:40:40 PST 2018,Tue Dec 04 10:57:02 PST 2018,Tue Dec 04 11:00:40 PST 2018,,,,,,[],2.936
1,0.6,0.65,0.35,0.3,0.75,0.75,texture,shape,231,221,6,1/3,multi_slider,211,circle,170,solid things,striped things,polka-dotted things,clouds,circles,squares,native american,1,Male,30,very good,Yes,4,Windows,600,800,Chrome,3HKIF5DF6YS0TIZC0B50ZHHL5IM9GO,3T1XT3I8SXZB1M17G2PNLMVAGJG6HR,English conversations,Answer questions about English conversations.,language research fun cognitive science university,$0.50,Tue Dec 04 10:55:00 PST 2018,9,0,0,0,Reviewable,NotReviewed,1 cond,1800,60000,Thu Jan 03 10:55:00 PST 2019,https://requester.mturk.com/mturk/manageHIT?HITId=3HKIF5DF6YS0TIZC0B50ZHHL5IM9GO,3JAOYWH7VJ0J2UB6247I1SIH51D9LQ,1,Submitted,Wed Dec 05 03:40:40 PST 2018,Tue Dec 04 10:57:02 PST 2018,Tue Dec 04 11:00:40 PST 2018,,,,,,[],2.936
1,0.65,0.7,0.45,0.35,0.75,0.8,shape,texture,231,111,7,2/2,multi_slider,211,blue,127,clouds,circles,squares,solid things,striped things,polka-dotted things,native american,1,Male,30,very good,Yes,4,Windows,600,800,Chrome,3HKIF5DF6YS0TIZC0B50ZHHL5IM9GO,3T1XT3I8SXZB1M17G2PNLMVAGJG6HR,English conversations,Answer questions about English conversations.,language research fun cognitive science university,$0.50,Tue Dec 04 10:55:00 PST 2018,9,0,0,0,Reviewable,NotReviewed,1 cond,1800,60000,Thu Jan 03 10:55:00 PST 2019,https://requester.mturk.com/mturk/manageHIT?HITId=3HKIF5DF6YS0TIZC0B50ZHHL5IM9GO,3JAOYWH7VJ0J2UB6247I1SIH51D9LQ,1,Submitted,Wed Dec 05 03:40:40 PST 2018,Tue Dec 04 10:57:02 PST 2018,Tue Dec 04 11:00:40 PST 2018,,,,,,[],2.936
1,0.65,0.6,0.8,0.65,0.6,0.85,texture,color,123,123,8,3/3,multi_slider,123,green,294,solid things,striped things,polka-dotted things,blue things,red things,green things,native american,1,Male,30,very good,Yes,4,Windows,600,800,Chrome,3HKIF5DF6YS0TIZC0B50ZHHL5IM9GO,3T1XT3I8SXZB1M17G2PNLMVAGJG6HR,English conversations,Answer questions about English conversations.,language research fun cognitive science university,$0.50,Tue Dec 04 10:55:00 PST 2018,9,0,0,0,Reviewable,NotReviewed,1 cond,1800,60000,Thu Jan 03 10:55:00 PST 2019,https://requester.mturk.com/mturk/manageHIT?HITId=3HKIF5DF6YS0TIZC0B50ZHHL5IM9GO,3JAOYWH7VJ0J2UB6247I1SIH51D9LQ,1,Submitted,Wed Dec 05 03:40:40 PST 2018,Tue Dec 04 10:57:02 PST 2018,Tue Dec 04 11:00:40 PST 2018,,,,,,[],2.936
1,0.7,0.75,0.35,0.35,0.75,0.65,texture,color,222,222,9,1/3,multi_slider,232,red,154,solid things,striped things,polka-dotted things,blue things,red things,green things,native american,1,Male,30,very good,Yes,4,Windows,600,800,Chrome,3HKIF5DF6YS0TIZC0B50ZHHL5IM9GO,3T1XT3I8SXZB1M17G2PNLMVAGJG6HR,English conversations,Answer questions about English conversations.,language research fun cognitive science university,$0.50,Tue Dec 04 10:55:00 PST 2018,9,0,0,0,Reviewable,NotReviewed,1 cond,1800,60000,Thu Jan 03 10:55:00 PST 2019,https://requester.mturk.com/mturk/manageHIT?HITId=3HKIF5DF6YS0TIZC0B50ZHHL5IM9GO,3JAOYWH7VJ0J2UB6247I1SIH51D9LQ,1,Submitted,Wed Dec 05 03:40:40 PST 2018,Tue Dec 04 10:57:02 PST 2018,Tue Dec 04 11:00:40 PST 2018,,,,,,[],2.936
1,0.25,0.75,0.7,0.3,0.9,0.75,color,shape,213,113,10,1/2,multi_slider,211,solid,84,blue things,red things,green things,clouds,circles,squares,native american,1,Male,30,very good,Yes,4,Windows,600,800,Chrome,3HKIF5DF6YS0TIZC0B50ZHHL5IM9GO,3T1XT3I8SXZB1M17G2PNLMVAGJG6HR,English conversations,Answer questions about English conversations.,language research fun cognitive science university,$0.50,Tue Dec 04 10:55:00 PST 2018,9,0,0,0,Reviewable,NotReviewed,1 cond,1800,60000,Thu Jan 03 10:55:00 PST 2019,https://requester.mturk.com/mturk/manageHIT?HITId=3HKIF5DF6YS0TIZC0B50ZHHL5IM9GO,3JAOYWH7VJ0J2UB6247I1SIH51D9LQ,1,Submitted,Wed Dec 05 03:40:40 PST 2018,Tue Dec 04 10:57:02 PST 2018,Tue Dec 04 11:00:40 PST 2018,,,,,,[],2.936
1,0.7,0.6,0.8,0.45,0.9,0.75,color,texture,313,311,11,1/3,multi_slider,312,solid,168,solid things,striped things,polka-dotted things,blue things,red things,green things,native american,1,Male,30,very good,Yes,4,Windows,600,800,Chrome,3HKIF5DF6YS0TIZC0B50ZHHL5IM9GO,3T1XT3I8SXZB1M17G2PNLMVAGJG6HR,English conversations,Answer questions about English conversations.,language research fun cognitive science university,$0.50,Tue Dec 04 10:55:00 PST 2018,9,0,0,0,Reviewable,NotReviewed,1 cond,1800,60000,Thu Jan 03 10:55:00 PST 2019,https://requester.mturk.com/mturk/manageHIT?HITId=3HKIF5DF6YS0TIZC0B50ZHHL5IM9GO,3JAOYWH7VJ0J2UB6247I1SIH51D9LQ,1,Submitted,Wed Dec 05 03:40:40 PST 2018,Tue Dec 04 10:57:02 PST 2018,Tue Dec 04 11:00:40 PST 2018,,,,,,[],2.936
1,0.75,0.7,0.6,0.4,0.7,0.75,shape,texture,332,332,12,1/1,multi_slider,122,cloud,214,solid things,striped things,polka-dotted things,clouds,circles,squares,native american,1,Male,30,very good,Yes,4,Windows,600,800,Chrome,3HKIF5DF6YS0TIZC0B50ZHHL5IM9GO,3T1XT3I8SXZB1M17G2PNLMVAGJG6HR,English conversations,Answer questions about English conversations.,language research fun cognitive science university,$0.50,Tue Dec 04 10:55:00 PST 2018,9,0,0,0,Reviewable,NotReviewed,1 cond,1800,60000,Thu Jan 03 10:55:00 PST 2019,https://requester.mturk.com/mturk/manageHIT?HITId=3HKIF5DF6YS0TIZC0B50ZHHL5IM9GO,3JAOYWH7VJ0J2UB6247I1SIH51D9LQ,1,Submitted,Wed Dec 05 03:40:40 PST 2018,Tue Dec 04 10:57:02 PST 2018,Tue Dec 04 11:00:40 PST 2018,,,,,,[],2.936
1,0.8,0.65,0.7,0.55,0.95,0.8,shape,texture,222,222,13,3/3,multi_slider,222,red,277,solid things,striped things,polka-dotted things,clouds,circles,squares,native american,1,Male,30,very good,Yes,4,Windows,600,800,Chrome,3HKIF5DF6YS0TIZC0B50ZHHL5IM9GO,3T1XT3I8SXZB1M17G2PNLMVAGJG6HR,English conversations,Answer questions about English conversations.,language research fun cognitive science university,$0.50,Tue Dec 04 10:55:00 PST 2018,9,0,0,0,Reviewable,NotReviewed,1 cond,1800,60000,Thu Jan 03 10:55:00 PST 2019,https://requester.mturk.com/mturk/manageHIT?HITId=3HKIF5DF6YS0TIZC0B50ZHHL5IM9GO,3JAOYWH7VJ0J2UB6247I1SIH51D9LQ,1,Submitted,Wed Dec 05 03:40:40 PST 2018,Tue Dec 04 10:57:02 PST 2018,Tue Dec 04 11:00:40 PST 2018,,,,,,[],2.936
1,0.9,0.6,0.7,0.7,0.9,0.7,shape,color,131,131,14,1/3,multi_slider,231,blue,161,blue things,red things,green things,clouds,circles,squares,native american,1,Male,30,very good,Yes,4,Windows,600,800,Chrome,3HKIF5DF6YS0TIZC0B50ZHHL5IM9GO,3T1XT3I8SXZB1M17G2PNLMVAGJG6HR,English conversations,Answer questions about English conversations.,language research fun cognitive science university,$0.50,Tue Dec 04 10:55:00 PST 2018,9,0,0,0,Reviewable,NotReviewed,1 cond,1800,60000,Thu Jan 03 10:55:00 PST 2019,https://requester.mturk.com/mturk/manageHIT?HITId=3HKIF5DF6YS0TIZC0B50ZHHL5IM9GO,3JAOYWH7VJ0J2UB6247I1SIH51D9LQ,1,Submitted,Wed Dec 05 03:40:40 PST 2018,Tue Dec 04 10:57:02 PST 2018,Tue Dec 04 11:00:40 PST 2018,,,,,,[],2.936
1,0.65,0.7,0.85,0.75,0.8,0.75,shape,color,321,221,15,2/3,multi_slider,221,circle,1,blue things,red things,green things,clouds,circles,squares,native american,1,Male,30,very good,Yes,4,Windows,600,800,Chrome,3HKIF5DF6YS0TIZC0B50ZHHL5IM9GO,3T1XT3I8SXZB1M17G2PNLMVAGJG6HR,English conversations,Answer questions about English conversations.,language research fun cognitive science university,$0.50,Tue Dec 04 10:55:00 PST 2018,9,0,0,0,Reviewable,NotReviewed,1 cond,1800,60000,Thu Jan 03 10:55:00 PST 2019,https://requester.mturk.com/mturk/manageHIT?HITId=3HKIF5DF6YS0TIZC0B50ZHHL5IM9GO,3JAOYWH7VJ0J2UB6247I1SIH51D9LQ,1,Submitted,Wed Dec 05 03:40:40 PST 2018,Tue Dec 04 10:57:02 PST 2018,Tue Dec 04 11:00:40 PST 2018,,,,,,[],2.936
1,0.9,0.7,0.65,0.6,0.9,0.75,color,texture,231,221,16,1/2,multi_slider,233,circle,97,solid things,striped things,polka-dotted things,blue things,red things,green things,native american,1,Male,30,very good,Yes,4,Windows,600,800,Chrome,3HKIF5DF6YS0TIZC0B50ZHHL5IM9GO,3T1XT3I8SXZB1M17G2PNLMVAGJG6HR,English conversations,Answer questions about English conversations.,language research fun cognitive science university,$0.50,Tue Dec 04 10:55:00 PST 2018,9,0,0,0,Reviewable,NotReviewed,1 cond,1800,60000,Thu Jan 03 10:55:00 PST 2019,https://requester.mturk.com/mturk/manageHIT?HITId=3HKIF5DF6YS0TIZC0B50ZHHL5IM9GO,3JAOYWH7VJ0J2UB6247I1SIH51D9LQ,1,Submitted,Wed Dec 05 03:40:40 PST 2018,Tue Dec 04 10:57:02 PST 2018,Tue Dec 04 11:00:40 PST 2018,,,,,,[],2.936
1,0.7,0.4,0.55,0.3,0.45,0.25,texture,shape,223,123,17,1/2,multi_slider,133,green,90,solid things,striped things,polka-dotted things,clouds,circles,squares,native american,1,Male,30,very good,Yes,4,Windows,600,800,Chrome,3HKIF5DF6YS0TIZC0B50ZHHL5IM9GO,3T1XT3I8SXZB1M17G2PNLMVAGJG6HR,English conversations,Answer questions about English conversations.,language research fun cognitive science university,$0.50,Tue Dec 04 10:55:00 PST 2018,9,0,0,0,Reviewable,NotReviewed,1 cond,1800,60000,Thu Jan 03 10:55:00 PST 2019,https://requester.mturk.com/mturk/manageHIT?HITId=3HKIF5DF6YS0TIZC0B50ZHHL5IM9GO,3JAOYWH7VJ0J2UB6247I1SIH51D9LQ,1,Submitted,Wed Dec 05 03:40:40 PST 2018,Tue Dec 04 10:57:02 PST 2018,Tue Dec 04 11:00:40 PST 2018,,,,,,[],2.936
2,0,0,1,0,1,0,shape,texture,232,232,3,3/3,multi_slider,232,polka-dotted,257,solid things,striped things,polka-dotted things,clouds,circles,squares,english,1,Female,61,,Yes,2,Windows,900,1600,Chrome,3HKIF5DF6YS0TIZC0B50ZHHL5IM9GO,3T1XT3I8SXZB1M17G2PNLMVAGJG6HR,English conversations,Answer questions about English conversations.,language research fun cognitive science university,$0.50,Tue Dec 04 10:55:00 PST 2018,9,0,0,0,Reviewable,NotReviewed,1 cond,1800,60000,Thu Jan 03 10:55:00 PST 2019,https://requester.mturk.com/mturk/manageHIT?HITId=3HKIF5DF6YS0TIZC0B50ZHHL5IM9GO,3BV8HQ2ZZXXFOSI476FG84B4LO66AU,2,Submitted,Wed Dec 05 03:41:40 PST 2018,Tue Dec 04 10:56:08 PST 2018,Tue Dec 04 11:01:40 PST 2018,,,,,,[],5.1009
2,0,0,1,0,1,0,texture,shape,213,323,4,1/2,multi_slider,233,circle,83,solid things,striped things,polka-dotted things,clouds,circles,squares,english,1,Female,61,,Yes,2,Windows,900,1600,Chrome,3HKIF5DF6YS0TIZC0B50ZHHL5IM9GO,3T1XT3I8SXZB1M17G2PNLMVAGJG6HR,English conversations,Answer questions about English conversations.,language research fun cognitive science university,$0.50,Tue Dec 04 10:55:00 PST 2018,9,0,0,0,Reviewable,NotReviewed,1 cond,1800,60000,Thu Jan 03 10:55:00 PST 2019,https://requester.mturk.com/mturk/manageHIT?HITId=3HKIF5DF6YS0TIZC0B50ZHHL5IM9GO,3BV8HQ2ZZXXFOSI476FG84B4LO66AU,2,Submitted,Wed Dec 05 03:41:40 PST 2018,Tue Dec 04 10:56:08 PST 2018,Tue Dec 04 11:01:40 PST 2018,,,,,,[],5.1009
2,0,1,0,0,1,0,texture,color,131,131,5,1/1,multi_slider,113,cloud,236,blue things,red things,green things,solid things,striped things,polka-dotted things,english,1,Female,61,,Yes,2,Windows,900,1600,Chrome,3HKIF5DF6YS0TIZC0B50ZHHL5IM9GO,3T1XT3I8SXZB1M17G2PNLMVAGJG6HR,English conversations,Answer questions about English conversations.,language research fun cognitive science university,$0.50,Tue Dec 04 10:55:00 PST 2018,9,0,0,0,Reviewable,NotReviewed,1 cond,1800,60000,Thu Jan 03 10:55:00 PST 2019,https://requester.mturk.com/mturk/manageHIT?HITId=3HKIF5DF6YS0TIZC0B50ZHHL5IM9GO,3BV8HQ2ZZXXFOSI476FG84B4LO66AU,2,Submitted,Wed Dec 05 03:41:40 PST 2018,Tue Dec 04 10:56:08 PST 2018,Tue Dec 04 11:01:40 PST 2018,,,,,,[],5.1009
2,0,1,0,0,0,1,shape,color,111,111,6,3/3,multi_slider,111,cloud,280,clouds,circles,squares,blue things,red things,green things,english,1,Female,61,,Yes,2,Windows,900,1600,Chrome,3HKIF5DF6YS0TIZC0B50ZHHL5IM9GO,3T1XT3I8SXZB1M17G2PNLMVAGJG6HR,English conversations,Answer questions about English conversations.,language research fun cognitive science university,$0.50,Tue Dec 04 10:55:00 PST 2018,9,0,0,0,Reviewable,NotReviewed,1 cond,1800,60000,Thu Jan 03 10:55:00 PST 2019,https://requester.mturk.com/mturk/manageHIT?HITId=3HKIF5DF6YS0TIZC0B50ZHHL5IM9GO,3BV8HQ2ZZXXFOSI476FG84B4LO66AU,2,Submitted,Wed Dec 05 03:41:40 PST 2018,Tue Dec 04 10:56:08 PST 2018,Tue Dec 04 11:01:40 PST 2018,,,,,,[],5.1009
2,0,1,0,1,0,0,texture,color,212,213,7,1/1,multi_slider,221,blue,241,solid things,striped things,polka-dotted things,blue things,red things,green things,english,1,Female,61,,Yes,2,Windows,900,1600,Chrome,3HKIF5DF6YS0TIZC0B50ZHHL5IM9GO,3T1XT3I8SXZB1M17G2PNLMVAGJG6HR,English conversations,Answer questions about English conversations.,language research fun cognitive science university,$0.50,Tue Dec 04 10:55:00 PST 2018,9,0,0,0,Reviewable,NotReviewed,1 cond,1800,60000,Thu Jan 03 10:55:00 PST 2019,https://requester.mturk.com/mturk/manageHIT?HITId=3HKIF5DF6YS0TIZC0B50ZHHL5IM9GO,3BV8HQ2ZZXXFOSI476FG84B4LO66AU,2,Submitted,Wed Dec 05 03:41:40 PST 2018,Tue Dec 04 10:56:08 PST 2018,Tue Dec 04 11:01:40 PST 2018,,,,,,[],5.1009
2,0,1,0,0,1,0,texture,color,222,212,8,1/1,multi_slider,231,circle,209,solid things,striped things,polka-dotted things,blue things,red things,green things,english,1,Female,61,,Yes,2,Windows,900,1600,Chrome,3HKIF5DF6YS0TIZC0B50ZHHL5IM9GO,3T1XT3I8SXZB1M17G2PNLMVAGJG6HR,English conversations,Answer questions about English conversations.,language research fun cognitive science university,$0.50,Tue Dec 04 10:55:00 PST 2018,9,0,0,0,Reviewable,NotReviewed,1 cond,1800,60000,Thu Jan 03 10:55:00 PST 2019,https://requester.mturk.com/mturk/manageHIT?HITId=3HKIF5DF6YS0TIZC0B50ZHHL5IM9GO,3BV8HQ2ZZXXFOSI476FG84B4LO66AU,2,Submitted,Wed Dec 05 03:41:40 PST 2018,Tue Dec 04 10:56:08 PST 2018,Tue Dec 04 11:01:40 PST 2018,,,,,,[],5.1009
2,0,1,1,0,1,0,shape,color,133,133,9,3/3,multi_slider,133,polka-dotted,285,blue things,red things,green things,clouds,circles,squares,english,1,Female,61,,Yes,2,Windows,900,1600,Chrome,3HKIF5DF6YS0TIZC0B50ZHHL5IM9GO,3T1XT3I8SXZB1M17G2PNLMVAGJG6HR,English conversations,Answer questions about English conversations.,language research fun cognitive science university,$0.50,Tue Dec 04 10:55:00 PST 2018,9,0,0,0,Reviewable,NotReviewed,1 cond,1800,60000,Thu Jan 03 10:55:00 PST 2019,https://requester.mturk.com/mturk/manageHIT?HITId=3HKIF5DF6YS0TIZC0B50ZHHL5IM9GO,3BV8HQ2ZZXXFOSI476FG84B4LO66AU,2,Submitted,Wed Dec 05 03:41:40 PST 2018,Tue Dec 04 10:56:08 PST 2018,Tue Dec 04 11:01:40 PST 2018,,,,,,[],5.1009
2,1,0,0,0,0,1,shape,color,311,313,10,1/2,multi_slider,113,solid,56,clouds,circles,squares,blue things,red things,green things,english,1,Female,61,,Yes,2,Windows,900,1600,Chrome,3HKIF5DF6YS0TIZC0B50ZHHL5IM9GO,3T1XT3I8SXZB1M17G2PNLMVAGJG6HR,English conversations,Answer questions about English conversations.,language research fun cognitive science university,$0.50,Tue Dec 04 10:55:00 PST 2018,9,0,0,0,Reviewable,NotReviewed,1 cond,1800,60000,Thu Jan 03 10:55:00 PST 2019,https://requester.mturk.com/mturk/manageHIT?HITId=3HKIF5DF6YS0TIZC0B50ZHHL5IM9GO,3BV8HQ2ZZXXFOSI476FG84B4LO66AU,2,Submitted,Wed Dec 05 03:41:40 PST 2018,Tue Dec 04 10:56:08 PST 2018,Tue Dec 04 11:01:40 PST 2018,,,,,,[],5.1009
2,0,0,1,0,0,1,color,shape,213,113,11,1/2,multi_slider,211,solid,84,blue things,red things,green things,clouds,circles,squares,english,1,Female,61,,Yes,2,Windows,900,1600,Chrome,3HKIF5DF6YS0TIZC0B50ZHHL5IM9GO,3T1XT3I8SXZB1M17G2PNLMVAGJG6HR,English conversations,Answer questions about English conversations.,language research fun cognitive science university,$0.50,Tue Dec 04 10:55:00 PST 2018,9,0,0,0,Reviewable,NotReviewed,1 cond,1800,60000,Thu Jan 03 10:55:00 PST 2019,https://requester.mturk.com/mturk/manageHIT?HITId=3HKIF5DF6YS0TIZC0B50ZHHL5IM9GO,3BV8HQ2ZZXXFOSI476FG84B4LO66AU,2,Submitted,Wed Dec 05 03:41:40 PST 2018,Tue Dec 04 10:56:08 PST 2018,Tue Dec 04 11:01:40 PST 2018,,,,,,[],5.1009
2,1,0,0,0,1,0,shape,color,133,333,12,2/3,multi_slider,333,square,50,blue things,red things,green things,clouds,circles,squares,english,1,Female,61,,Yes,2,Windows,900,1600,Chrome,3HKIF5DF6YS0TIZC0B50ZHHL5IM9GO,3T1XT3I8SXZB1M17G2PNLMVAGJG6HR,English conversations,Answer questions about English conversations.,language research fun cognitive science university,$0.50,Tue Dec 04 10:55:00 PST 2018,9,0,0,0,Reviewable,NotReviewed,1 cond,1800,60000,Thu Jan 03 10:55:00 PST 2019,https://requester.mturk.com/mturk/manageHIT?HITId=3HKIF5DF6YS0TIZC0B50ZHHL5IM9GO,3BV8HQ2ZZXXFOSI476FG84B4LO66AU,2,Submitted,Wed Dec 05 03:41:40 PST 2018,Tue Dec 04 10:56:08 PST 2018,Tue Dec 04 11:01:40 PST 2018,,,,,,[],5.1009
2,0,1,0,1,0,0,texture,color,322,331,13,1/2,multi_slider,312,square,100,blue things,red things,green things,solid things,striped things,polka-dotted things,english,1,Female,61,,Yes,2,Windows,900,1600,Chrome,3HKIF5DF6YS0TIZC0B50ZHHL5IM9GO,3T1XT3I8SXZB1M17G2PNLMVAGJG6HR,English conversations,Answer questions about English conversations.,language research fun cognitive science university,$0.50,Tue Dec 04 10:55:00 PST 2018,9,0,0,0,Reviewable,NotReviewed,1 cond,1800,60000,Thu Jan 03 10:55:00 PST 2019,https://requester.mturk.com/mturk/manageHIT?HITId=3HKIF5DF6YS0TIZC0B50ZHHL5IM9GO,3BV8HQ2ZZXXFOSI476FG84B4LO66AU,2,Submitted,Wed Dec 05 03:41:40 PST 2018,Tue Dec 04 10:56:08 PST 2018,Tue Dec 04 11:01:40 PST 2018,,,,,,[],5.1009
2,0,1,0,0,0,1,color,texture,333,312,14,1/2,multi_slider,311,solid,78,solid things,striped things,polka-dotted things,blue things,red things,green things,english,1,Female,61,,Yes,2,Windows,900,1600,Chrome,3HKIF5DF6YS0TIZC0B50ZHHL5IM9GO,3T1XT3I8SXZB1M17G2PNLMVAGJG6HR,English conversations,Answer questions about English conversations.,language research fun cognitive science university,$0.50,Tue Dec 04 10:55:00 PST 2018,9,0,0,0,Reviewable,NotReviewed,1 cond,1800,60000,Thu Jan 03 10:55:00 PST 2019,https://requester.mturk.com/mturk/manageHIT?HITId=3HKIF5DF6YS0TIZC0B50ZHHL5IM9GO,3BV8HQ2ZZXXFOSI476FG84B4LO66AU,2,Submitted,Wed Dec 05 03:41:40 PST 2018,Tue Dec 04 10:56:08 PST 2018,Tue Dec 04 11:01:40 PST 2018,,,,,,[],5.1009
2,0,1,0,0,0,1,shape,texture,223,333,15,1/1,multi_slider,113,green,207,solid things,striped things,polka-dotted things,clouds,circles,squares,english,1,Female,61,,Yes,2,Windows,900,1600,Chrome,3HKIF5DF6YS0TIZC0B50ZHHL5IM9GO,3T1XT3I8SXZB1M17G2PNLMVAGJG6HR,English conversations,Answer questions about English conversations.,language research fun cognitive science university,$0.50,Tue Dec 04 10:55:00 PST 2018,9,0,0,0,Reviewable,NotReviewed,1 cond,1800,60000,Thu Jan 03 10:55:00 PST 2019,https://requester.mturk.com/mturk/manageHIT?HITId=3HKIF5DF6YS0TIZC0B50ZHHL5IM9GO,3BV8HQ2ZZXXFOSI476FG84B4LO66AU,2,Submitted,Wed Dec 05 03:41:40 PST 2018,Tue Dec 04 10:56:08 PST 2018,Tue Dec 04 11:01:40 PST 2018,,,,,,[],5.1009
2,0,0,1,0,1,0,shape,color,113,113,16,1/3,multi_slider,213,green,194,blue things,red things,green things,clouds,circles,squares,english,1,Female,61,,Yes,2,Windows,900,1600,Chrome,3HKIF5DF6YS0TIZC0B50ZHHL5IM9GO,3T1XT3I8SXZB1M17G2PNLMVAGJG6HR,English conversations,Answer questions about English conversations.,language research fun cognitive science university,$0.50,Tue Dec 04 10:55:00 PST 2018,9,0,0,0,Reviewable,NotReviewed,1 cond,1800,60000,Thu Jan 03 10:55:00 PST 2019,https://requester.mturk.com/mturk/manageHIT?HITId=3HKIF5DF6YS0TIZC0B50ZHHL5IM9GO,3BV8HQ2ZZXXFOSI476FG84B4LO66AU,2,Submitted,Wed Dec 05 03:41:40 PST 2018,Tue Dec 04 10:56:08 PST 2018,Tue Dec 04 11:01:40 PST 2018,,,,,,[],5.1009
2,1,0,0,1,0,0,texture,shape,321,331,17,2/3,multi_slider,321,blue,46,solid things,striped things,polka-dotted things,clouds,circles,squares,english,1,Female,61,,Yes,2,Windows,900,1600,Chrome,3HKIF5DF6YS0TIZC0B50ZHHL5IM9GO,3T1XT3I8SXZB1M17G2PNLMVAGJG6HR,English conversations,Answer questions about English conversations.,language research fun cognitive science university,$0.50,Tue Dec 04 10:55:00 PST 2018,9,0,0,0,Reviewable,NotReviewed,1 cond,1800,60000,Thu Jan 03 10:55:00 PST 2019,https://requester.mturk.com/mturk/manageHIT?HITId=3HKIF5DF6YS0TIZC0B50ZHHL5IM9GO,3BV8HQ2ZZXXFOSI476FG84B4LO66AU,2,Submitted,Wed Dec 05 03:41:40 PST 2018,Tue Dec 04 10:56:08 PST 2018,Tue Dec 04 11:01:40 PST 2018,,,,,,[],5.1009
3,0.65,0.1,0.6,0.15,0.6,0.7,shape,texture,231,331,3,2/3,multi_slider,331,square,10,solid things,striped things,polka-dotted things,clouds,circles,squares,English,2,Male,59,Thank you.,Yes,3,Windows,450,800,Firefox,3HKIF5DF6YS0TIZC0B50ZHHL5IM9GO,3T1XT3I8SXZB1M17G2PNLMVAGJG6HR,English conversations,Answer questions about English conversations.,language research fun cognitive science university,$0.50,Tue Dec 04 10:55:00 PST 2018,9,0,0,0,Reviewable,NotReviewed,1 cond,1800,60000,Thu Jan 03 10:55:00 PST 2019,https://requester.mturk.com/mturk/manageHIT?HITId=3HKIF5DF6YS0TIZC0B50ZHHL5IM9GO,3DZQRBDBSMBKR5HG5439M1TQX3B3SH,3,Submitted,Wed Dec 05 03:42:01 PST 2018,Tue Dec 04 10:55:10 PST 2018,Tue Dec 04 11:02:01 PST 2018,,,,,,[],6.7324
3,0.1,0.6,0.15,0.65,0.2,0.2,shape,color,131,131,4,1/3,multi_slider,231,blue,161,clouds,circles,squares,blue things,red things,green things,English,2,Male,59,Thank you.,Yes,3,Windows,450,800,Firefox,3HKIF5DF6YS0TIZC0B50ZHHL5IM9GO,3T1XT3I8SXZB1M17G2PNLMVAGJG6HR,English conversations,Answer questions about English conversations.,language research fun cognitive science university,$0.50,Tue Dec 04 10:55:00 PST 2018,9,0,0,0,Reviewable,NotReviewed,1 cond,1800,60000,Thu Jan 03 10:55:00 PST 2019,https://requester.mturk.com/mturk/manageHIT?HITId=3HKIF5DF6YS0TIZC0B50ZHHL5IM9GO,3DZQRBDBSMBKR5HG5439M1TQX3B3SH,3,Submitted,Wed Dec 05 03:42:01 PST 2018,Tue Dec 04 10:55:10 PST 2018,Tue Dec 04 11:02:01 PST 2018,,,,,,[],6.7324
3,0.65,0.2,0.15,0.7,0.3,0.15,shape,color,223,223,5,3/3,multi_slider,223,green,271,clouds,circles,squares,blue things,red things,green things,English,2,Male,59,Thank you.,Yes,3,Windows,450,800,Firefox,3HKIF5DF6YS0TIZC0B50ZHHL5IM9GO,3T1XT3I8SXZB1M17G2PNLMVAGJG6HR,English conversations,Answer questions about English conversations.,language research fun cognitive science university,$0.50,Tue Dec 04 10:55:00 PST 2018,9,0,0,0,Reviewable,NotReviewed,1 cond,1800,60000,Thu Jan 03 10:55:00 PST 2019,https://requester.mturk.com/mturk/manageHIT?HITId=3HKIF5DF6YS0TIZC0B50ZHHL5IM9GO,3DZQRBDBSMBKR5HG5439M1TQX3B3SH,3,Submitted,Wed Dec 05 03:42:01 PST 2018,Tue Dec 04 10:55:10 PST 2018,Tue Dec 04 11:02:01 PST 2018,,,,,,[],6.7324
3,0.15,0.7,0.2,0.4,0.45,0.75,shape,texture,331,211,6,1/2,multi_slider,111,cloud,69,clouds,circles,squares,solid things,striped things,polka-dotted things,English,2,Male,59,Thank you.,Yes,3,Windows,450,800,Firefox,3HKIF5DF6YS0TIZC0B50ZHHL5IM9GO,3T1XT3I8SXZB1M17G2PNLMVAGJG6HR,English conversations,Answer questions about English conversations.,language research fun cognitive science university,$0.50,Tue Dec 04 10:55:00 PST 2018,9,0,0,0,Reviewable,NotReviewed,1 cond,1800,60000,Thu Jan 03 10:55:00 PST 2019,https://requester.mturk.com/mturk/manageHIT?HITId=3HKIF5DF6YS0TIZC0B50ZHHL5IM9GO,3DZQRBDBSMBKR5HG5439M1TQX3B3SH,3,Submitted,Wed Dec 05 03:42:01 PST 2018,Tue Dec 04 10:55:10 PST 2018,Tue Dec 04 11:02:01 PST 2018,,,,,,[],6.7324
3,0.4,0.75,0.4,0.8,0.1,0.1,shape,color,122,321,7,2/2,multi_slider,122,striped,114,blue things,red things,green things,clouds,circles,squares,English,2,Male,59,Thank you.,Yes,3,Windows,450,800,Firefox,3HKIF5DF6YS0TIZC0B50ZHHL5IM9GO,3T1XT3I8SXZB1M17G2PNLMVAGJG6HR,English conversations,Answer questions about English conversations.,language research fun cognitive science university,$0.50,Tue Dec 04 10:55:00 PST 2018,9,0,0,0,Reviewable,NotReviewed,1 cond,1800,60000,Thu Jan 03 10:55:00 PST 2019,https://requester.mturk.com/mturk/manageHIT?HITId=3HKIF5DF6YS0TIZC0B50ZHHL5IM9GO,3DZQRBDBSMBKR5HG5439M1TQX3B3SH,3,Submitted,Wed Dec 05 03:42:01 PST 2018,Tue Dec 04 10:55:10 PST 2018,Tue Dec 04 11:02:01 PST 2018,,,,,,[],6.7324
3,0.8,0.2,0.15,0.7,0.25,0.25,color,shape,232,331,8,1/2,multi_slider,233,polka-dotted,85,clouds,circles,squares,blue things,red things,green things,English,2,Male,59,Thank you.,Yes,3,Windows,450,800,Firefox,3HKIF5DF6YS0TIZC0B50ZHHL5IM9GO,3T1XT3I8SXZB1M17G2PNLMVAGJG6HR,English conversations,Answer questions about English conversations.,language research fun cognitive science university,$0.50,Tue Dec 04 10:55:00 PST 2018,9,0,0,0,Reviewable,NotReviewed,1 cond,1800,60000,Thu Jan 03 10:55:00 PST 2019,https://requester.mturk.com/mturk/manageHIT?HITId=3HKIF5DF6YS0TIZC0B50ZHHL5IM9GO,3DZQRBDBSMBKR5HG5439M1TQX3B3SH,3,Submitted,Wed Dec 05 03:42:01 PST 2018,Tue Dec 04 10:55:10 PST 2018,Tue Dec 04 11:02:01 PST 2018,,,,,,[],6.7324
3,0.8,0.15,0.15,0.7,0.25,0.25,texture,shape,213,313,9,1/2,multi_slider,323,green,93,solid things,striped things,polka-dotted things,clouds,circles,squares,English,2,Male,59,Thank you.,Yes,3,Windows,450,800,Firefox,3HKIF5DF6YS0TIZC0B50ZHHL5IM9GO,3T1XT3I8SXZB1M17G2PNLMVAGJG6HR,English conversations,Answer questions about English conversations.,language research fun cognitive science university,$0.50,Tue Dec 04 10:55:00 PST 2018,9,0,0,0,Reviewable,NotReviewed,1 cond,1800,60000,Thu Jan 03 10:55:00 PST 2019,https://requester.mturk.com/mturk/manageHIT?HITId=3HKIF5DF6YS0TIZC0B50ZHHL5IM9GO,3DZQRBDBSMBKR5HG5439M1TQX3B3SH,3,Submitted,Wed Dec 05 03:42:01 PST 2018,Tue Dec 04 10:55:10 PST 2018,Tue Dec 04 11:02:01 PST 2018,,,,,,[],6.7324
3,0.05,0.05,0.95,0,0.05,0.95,texture,color,312,323,10,2/2,multi_slider,312,solid,147,solid things,striped things,polka-dotted things,blue things,red things,green things,English,2,Male,59,Thank you.,Yes,3,Windows,450,800,Firefox,3HKIF5DF6YS0TIZC0B50ZHHL5IM9GO,3T1XT3I8SXZB1M17G2PNLMVAGJG6HR,English conversations,Answer questions about English conversations.,language research fun cognitive science university,$0.50,Tue Dec 04 10:55:00 PST 2018,9,0,0,0,Reviewable,NotReviewed,1 cond,1800,60000,Thu Jan 03 10:55:00 PST 2019,https://requester.mturk.com/mturk/manageHIT?HITId=3HKIF5DF6YS0TIZC0B50ZHHL5IM9GO,3DZQRBDBSMBKR5HG5439M1TQX3B3SH,3,Submitted,Wed Dec 05 03:42:01 PST 2018,Tue Dec 04 10:55:10 PST 2018,Tue Dec 04 11:02:01 PST 2018,,,,,,[],6.7324
3,0.05,0.85,0.05,1,0.05,0,texture,color,232,232,11,1/3,multi_slider,212,circle,177,blue things,red things,green things,solid things,striped things,polka-dotted things,English,2,Male,59,Thank you.,Yes,3,Windows,450,800,Firefox,3HKIF5DF6YS0TIZC0B50ZHHL5IM9GO,3T1XT3I8SXZB1M17G2PNLMVAGJG6HR,English conversations,Answer questions about English conversations.,language research fun cognitive science university,$0.50,Tue Dec 04 10:55:00 PST 2018,9,0,0,0,Reviewable,NotReviewed,1 cond,1800,60000,Thu Jan 03 10:55:00 PST 2019,https://requester.mturk.com/mturk/manageHIT?HITId=3HKIF5DF6YS0TIZC0B50ZHHL5IM9GO,3DZQRBDBSMBKR5HG5439M1TQX3B3SH,3,Submitted,Wed Dec 05 03:42:01 PST 2018,Tue Dec 04 10:55:10 PST 2018,Tue Dec 04 11:02:01 PST 2018,,,,,,[],6.7324
3,0.05,0.2,0.8,0.35,0.75,0.35,texture,shape,213,323,12,1/2,multi_slider,233,circle,83,solid things,striped things,polka-dotted things,clouds,circles,squares,English,2,Male,59,Thank you.,Yes,3,Windows,450,800,Firefox,3HKIF5DF6YS0TIZC0B50ZHHL5IM9GO,3T1XT3I8SXZB1M17G2PNLMVAGJG6HR,English conversations,Answer questions about English conversations.,language research fun cognitive science university,$0.50,Tue Dec 04 10:55:00 PST 2018,9,0,0,0,Reviewable,NotReviewed,1 cond,1800,60000,Thu Jan 03 10:55:00 PST 2019,https://requester.mturk.com/mturk/manageHIT?HITId=3HKIF5DF6YS0TIZC0B50ZHHL5IM9GO,3DZQRBDBSMBKR5HG5439M1TQX3B3SH,3,Submitted,Wed Dec 05 03:42:01 PST 2018,Tue Dec 04 10:55:10 PST 2018,Tue Dec 04 11:02:01 PST 2018,,,,,,[],6.7324
3,0.05,0,0.95,0,0.95,0.05,shape,color,333,333,13,3/3,multi_slider,333,square,298,blue things,red things,green things,clouds,circles,squares,English,2,Male,59,Thank you.,Yes,3,Windows,450,800,Firefox,3HKIF5DF6YS0TIZC0B50ZHHL5IM9GO,3T1XT3I8SXZB1M17G2PNLMVAGJG6HR,English conversations,Answer questions about English conversations.,language research fun cognitive science university,$0.50,Tue Dec 04 10:55:00 PST 2018,9,0,0,0,Reviewable,NotReviewed,1 cond,1800,60000,Thu Jan 03 10:55:00 PST 2019,https://requester.mturk.com/mturk/manageHIT?HITId=3HKIF5DF6YS0TIZC0B50ZHHL5IM9GO,3DZQRBDBSMBKR5HG5439M1TQX3B3SH,3,Submitted,Wed Dec 05 03:42:01 PST 2018,Tue Dec 04 10:55:10 PST 2018,Tue Dec 04 11:02:01 PST 2018,,,,,,[],6.7324
3,0.95,0.05,0,0.8,0.05,0.4,texture,color,213,233,14,1/3,multi_slider,223,striped,164,solid things,striped things,polka-dotted things,blue things,red things,green things,English,2,Male,59,Thank you.,Yes,3,Windows,450,800,Firefox,3HKIF5DF6YS0TIZC0B50ZHHL5IM9GO,3T1XT3I8SXZB1M17G2PNLMVAGJG6HR,English conversations,Answer questions about English conversations.,language research fun cognitive science university,$0.50,Tue Dec 04 10:55:00 PST 2018,9,0,0,0,Reviewable,NotReviewed,1 cond,1800,60000,Thu Jan 03 10:55:00 PST 2019,https://requester.mturk.com/mturk/manageHIT?HITId=3HKIF5DF6YS0TIZC0B50ZHHL5IM9GO,3DZQRBDBSMBKR5HG5439M1TQX3B3SH,3,Submitted,Wed Dec 05 03:42:01 PST 2018,Tue Dec 04 10:55:10 PST 2018,Tue Dec 04 11:02:01 PST 2018,,,,,,[],6.7324
3,0,0.3,0.85,0,0.75,0,texture,color,233,213,15,1/3,multi_slider,223,circle,199,blue things,red things,green things,solid things,striped things,polka-dotted things,English,2,Male,59,Thank you.,Yes,3,Windows,450,800,Firefox,3HKIF5DF6YS0TIZC0B50ZHHL5IM9GO,3T1XT3I8SXZB1M17G2PNLMVAGJG6HR,English conversations,Answer questions about English conversations.,language research fun cognitive science university,$0.50,Tue Dec 04 10:55:00 PST 2018,9,0,0,0,Reviewable,NotReviewed,1 cond,1800,60000,Thu Jan 03 10:55:00 PST 2019,https://requester.mturk.com/mturk/manageHIT?HITId=3HKIF5DF6YS0TIZC0B50ZHHL5IM9GO,3DZQRBDBSMBKR5HG5439M1TQX3B3SH,3,Submitted,Wed Dec 05 03:42:01 PST 2018,Tue Dec 04 10:55:10 PST 2018,Tue Dec 04 11:02:01 PST 2018,,,,,,[],6.7324
3,0,0.8,0,0,0.8,0.15,texture,color,133,121,16,2/2,multi_slider,131,polka-dotted,105,solid things,striped things,polka-dotted things,blue things,red things,green things,English,2,Male,59,Thank you.,Yes,3,Windows,450,800,Firefox,3HKIF5DF6YS0TIZC0B50ZHHL5IM9GO,3T1XT3I8SXZB1M17G2PNLMVAGJG6HR,English conversations,Answer questions about English conversations.,language research fun cognitive science university,$0.50,Tue Dec 04 10:55:00 PST 2018,9,0,0,0,Reviewable,NotReviewed,1 cond,1800,60000,Thu Jan 03 10:55:00 PST 2019,https://requester.mturk.com/mturk/manageHIT?HITId=3HKIF5DF6YS0TIZC0B50ZHHL5IM9GO,3DZQRBDBSMBKR5HG5439M1TQX3B3SH,3,Submitted,Wed Dec 05 03:42:01 PST 2018,Tue Dec 04 10:55:10 PST 2018,Tue Dec 04 11:02:01 PST 2018,,,,,,[],6.7324
3,0.05,0.95,0.05,0.05,0,1,texture,color,132,123,17,1/1,multi_slider,111,solid,231,solid things,striped things,polka-dotted things,blue things,red things,green things,English,2,Male,59,Thank you.,Yes,3,Windows,450,800,Firefox,3HKIF5DF6YS0TIZC0B50ZHHL5IM9GO,3T1XT3I8SXZB1M17G2PNLMVAGJG6HR,English conversations,Answer questions about English conversations.,language research fun cognitive science university,$0.50,Tue Dec 04 10:55:00 PST 2018,9,0,0,0,Reviewable,NotReviewed,1 cond,1800,60000,Thu Jan 03 10:55:00 PST 2019,https://requester.mturk.com/mturk/manageHIT?HITId=3HKIF5DF6YS0TIZC0B50ZHHL5IM9GO,3DZQRBDBSMBKR5HG5439M1TQX3B3SH,3,Submitted,Wed Dec 05 03:42:01 PST 2018,Tue Dec 04 10:55:10 PST 2018,Tue Dec 04 11:02:01 PST 2018,,,,,,[],6.7324
4,0.45,0.45,0.45,0.45,0.45,0.5,shape,texture,222,222,3,3/3,multi_slider,222,circle,277,solid things,striped things,polka-dotted things,clouds,circles,squares,English,1,Female,31,,Yes,3,Mac,800,1280,Chrome,3HKIF5DF6YS0TIZC0B50ZHHL5IM9GO,3T1XT3I8SXZB1M17G2PNLMVAGJG6HR,English conversations,Answer questions about English conversations.,language research fun cognitive science university,$0.50,Tue Dec 04 10:55:00 PST 2018,9,0,0,0,Reviewable,NotReviewed,1 cond,1800,60000,Thu Jan 03 10:55:00 PST 2019,https://requester.mturk.com/mturk/manageHIT?HITId=3HKIF5DF6YS0TIZC0B50ZHHL5IM9GO,3HPZF4IVNNP50RP8X36ZXQLLK1JYCN,4,Submitted,Wed Dec 05 03:45:56 PST 2018,Tue Dec 04 10:55:05 PST 2018,Tue Dec 04 11:05:56 PST 2018,,,,,,[],10.7649
4,0.45,1,0,0.65,0.5,0.5,texture,color,322,312,4,2/3,multi_slider,312,red,23,blue things,red things,green things,solid things,striped things,polka-dotted things,English,1,Female,31,,Yes,3,Mac,800,1280,Chrome,3HKIF5DF6YS0TIZC0B50ZHHL5IM9GO,3T1XT3I8SXZB1M17G2PNLMVAGJG6HR,English conversations,Answer questions about English conversations.,language research fun cognitive science university,$0.50,Tue Dec 04 10:55:00 PST 2018,9,0,0,0,Reviewable,NotReviewed,1 cond,1800,60000,Thu Jan 03 10:55:00 PST 2019,https://requester.mturk.com/mturk/manageHIT?HITId=3HKIF5DF6YS0TIZC0B50ZHHL5IM9GO,3HPZF4IVNNP50RP8X36ZXQLLK1JYCN,4,Submitted,Wed Dec 05 03:45:56 PST 2018,Tue Dec 04 10:55:05 PST 2018,Tue Dec 04 11:05:56 PST 2018,,,,,,[],10.7649
4,0.5,0.5,0.5,0.45,0.5,0.45,shape,texture,133,133,5,3/3,multi_slider,133,polka-dotted,276,clouds,circles,squares,solid things,striped things,polka-dotted things,English,1,Female,31,,Yes,3,Mac,800,1280,Chrome,3HKIF5DF6YS0TIZC0B50ZHHL5IM9GO,3T1XT3I8SXZB1M17G2PNLMVAGJG6HR,English conversations,Answer questions about English conversations.,language research fun cognitive science university,$0.50,Tue Dec 04 10:55:00 PST 2018,9,0,0,0,Reviewable,NotReviewed,1 cond,1800,60000,Thu Jan 03 10:55:00 PST 2019,https://requester.mturk.com/mturk/manageHIT?HITId=3HKIF5DF6YS0TIZC0B50ZHHL5IM9GO,3HPZF4IVNNP50RP8X36ZXQLLK1JYCN,4,Submitted,Wed Dec 05 03:45:56 PST 2018,Tue Dec 04 10:55:05 PST 2018,Tue Dec 04 11:05:56 PST 2018,,,,,,[],10.7649
4,0.5,0.5,0.5,0.5,0.6,0.5,shape,texture,232,232,6,3/3,multi_slider,232,polka-dotted,265,solid things,striped things,polka-dotted things,clouds,circles,squares,English,1,Female,31,,Yes,3,Mac,800,1280,Chrome,3HKIF5DF6YS0TIZC0B50ZHHL5IM9GO,3T1XT3I8SXZB1M17G2PNLMVAGJG6HR,English conversations,Answer questions about English conversations.,language research fun cognitive science university,$0.50,Tue Dec 04 10:55:00 PST 2018,9,0,0,0,Reviewable,NotReviewed,1 cond,1800,60000,Thu Jan 03 10:55:00 PST 2019,https://requester.mturk.com/mturk/manageHIT?HITId=3HKIF5DF6YS0TIZC0B50ZHHL5IM9GO,3HPZF4IVNNP50RP8X36ZXQLLK1JYCN,4,Submitted,Wed Dec 05 03:45:56 PST 2018,Tue Dec 04 10:55:05 PST 2018,Tue Dec 04 11:05:56 PST 2018,,,,,,[],10.7649
4,0.75,0.5,0,0.5,0.5,0.5,color,texture,213,212,7,2/3,multi_slider,213,solid,42,solid things,striped things,polka-dotted things,blue things,red things,green things,English,1,Female,31,,Yes,3,Mac,800,1280,Chrome,3HKIF5DF6YS0TIZC0B50ZHHL5IM9GO,3T1XT3I8SXZB1M17G2PNLMVAGJG6HR,English conversations,Answer questions about English conversations.,language research fun cognitive science university,$0.50,Tue Dec 04 10:55:00 PST 2018,9,0,0,0,Reviewable,NotReviewed,1 cond,1800,60000,Thu Jan 03 10:55:00 PST 2019,https://requester.mturk.com/mturk/manageHIT?HITId=3HKIF5DF6YS0TIZC0B50ZHHL5IM9GO,3HPZF4IVNNP50RP8X36ZXQLLK1JYCN,4,Submitted,Wed Dec 05 03:45:56 PST 2018,Tue Dec 04 10:55:05 PST 2018,Tue Dec 04 11:05:56 PST 2018,,,,,,[],10.7649
4,0.5,0.5,0.5,0.5,0.5,0.5,texture,shape,312,232,8,1/2,multi_slider,222,striped,96,clouds,circles,squares,solid things,striped things,polka-dotted things,English,1,Female,31,,Yes,3,Mac,800,1280,Chrome,3HKIF5DF6YS0TIZC0B50ZHHL5IM9GO,3T1XT3I8SXZB1M17G2PNLMVAGJG6HR,English conversations,Answer questions about English conversations.,language research fun cognitive science university,$0.50,Tue Dec 04 10:55:00 PST 2018,9,0,0,0,Reviewable,NotReviewed,1 cond,1800,60000,Thu Jan 03 10:55:00 PST 2019,https://requester.mturk.com/mturk/manageHIT?HITId=3HKIF5DF6YS0TIZC0B50ZHHL5IM9GO,3HPZF4IVNNP50RP8X36ZXQLLK1JYCN,4,Submitted,Wed Dec 05 03:45:56 PST 2018,Tue Dec 04 10:55:05 PST 2018,Tue Dec 04 11:05:56 PST 2018,,,,,,[],10.7649
4,0.2,0.75,0.5,0.5,0.7,0.25,texture,color,131,113,9,2/2,multi_slider,131,cloud,102,solid things,striped things,polka-dotted things,blue things,red things,green things,English,1,Female,31,,Yes,3,Mac,800,1280,Chrome,3HKIF5DF6YS0TIZC0B50ZHHL5IM9GO,3T1XT3I8SXZB1M17G2PNLMVAGJG6HR,English conversations,Answer questions about English conversations.,language research fun cognitive science university,$0.50,Tue Dec 04 10:55:00 PST 2018,9,0,0,0,Reviewable,NotReviewed,1 cond,1800,60000,Thu Jan 03 10:55:00 PST 2019,https://requester.mturk.com/mturk/manageHIT?HITId=3HKIF5DF6YS0TIZC0B50ZHHL5IM9GO,3HPZF4IVNNP50RP8X36ZXQLLK1JYCN,4,Submitted,Wed Dec 05 03:45:56 PST 2018,Tue Dec 04 10:55:05 PST 2018,Tue Dec 04 11:05:56 PST 2018,,,,,,[],10.7649
4,0.5,0.5,0.5,0.5,0.5,0.5,color,shape,312,212,10,1/2,multi_slider,211,blue,75,blue things,red things,green things,clouds,circles,squares,English,1,Female,31,,Yes,3,Mac,800,1280,Chrome,3HKIF5DF6YS0TIZC0B50ZHHL5IM9GO,3T1XT3I8SXZB1M17G2PNLMVAGJG6HR,English conversations,Answer questions about English conversations.,language research fun cognitive science university,$0.50,Tue Dec 04 10:55:00 PST 2018,9,0,0,0,Reviewable,NotReviewed,1 cond,1800,60000,Thu Jan 03 10:55:00 PST 2019,https://requester.mturk.com/mturk/manageHIT?HITId=3HKIF5DF6YS0TIZC0B50ZHHL5IM9GO,3HPZF4IVNNP50RP8X36ZXQLLK1JYCN,4,Submitted,Wed Dec 05 03:45:56 PST 2018,Tue Dec 04 10:55:05 PST 2018,Tue Dec 04 11:05:56 PST 2018,,,,,,[],10.7649
4,0.5,0.5,0.5,0.75,0,0.5,shape,color,321,221,11,2/3,multi_slider,221,striped,1,clouds,circles,squares,blue things,red things,green things,English,1,Female,31,,Yes,3,Mac,800,1280,Chrome,3HKIF5DF6YS0TIZC0B50ZHHL5IM9GO,3T1XT3I8SXZB1M17G2PNLMVAGJG6HR,English conversations,Answer questions about English conversations.,language research fun cognitive science university,$0.50,Tue Dec 04 10:55:00 PST 2018,9,0,0,0,Reviewable,NotReviewed,1 cond,1800,60000,Thu Jan 03 10:55:00 PST 2019,https://requester.mturk.com/mturk/manageHIT?HITId=3HKIF5DF6YS0TIZC0B50ZHHL5IM9GO,3HPZF4IVNNP50RP8X36ZXQLLK1JYCN,4,Submitted,Wed Dec 05 03:45:56 PST 2018,Tue Dec 04 10:55:05 PST 2018,Tue Dec 04 11:05:56 PST 2018,,,,,,[],10.7649
4,0.5,0.5,0.5,0.5,0.3,0.2,color,shape,233,231,12,1/3,multi_slider,232,red,174,blue things,red things,green things,clouds,circles,squares,English,1,Female,31,,Yes,3,Mac,800,1280,Chrome,3HKIF5DF6YS0TIZC0B50ZHHL5IM9GO,3T1XT3I8SXZB1M17G2PNLMVAGJG6HR,English conversations,Answer questions about English conversations.,language research fun cognitive science university,$0.50,Tue Dec 04 10:55:00 PST 2018,9,0,0,0,Reviewable,NotReviewed,1 cond,1800,60000,Thu Jan 03 10:55:00 PST 2019,https://requester.mturk.com/mturk/manageHIT?HITId=3HKIF5DF6YS0TIZC0B50ZHHL5IM9GO,3HPZF4IVNNP50RP8X36ZXQLLK1JYCN,4,Submitted,Wed Dec 05 03:45:56 PST 2018,Tue Dec 04 10:55:05 PST 2018,Tue Dec 04 11:05:56 PST 2018,,,,,,[],10.7649
4,0.5,0.5,0.5,0.5,0.95,0.2,shape,color,111,312,13,2/2,multi_slider,311,blue,124,clouds,circles,squares,blue things,red things,green things,English,1,Female,31,,Yes,3,Mac,800,1280,Chrome,3HKIF5DF6YS0TIZC0B50ZHHL5IM9GO,3T1XT3I8SXZB1M17G2PNLMVAGJG6HR,English conversations,Answer questions about English conversations.,language research fun cognitive science university,$0.50,Tue Dec 04 10:55:00 PST 2018,9,0,0,0,Reviewable,NotReviewed,1 cond,1800,60000,Thu Jan 03 10:55:00 PST 2019,https://requester.mturk.com/mturk/manageHIT?HITId=3HKIF5DF6YS0TIZC0B50ZHHL5IM9GO,3HPZF4IVNNP50RP8X36ZXQLLK1JYCN,4,Submitted,Wed Dec 05 03:45:56 PST 2018,Tue Dec 04 10:55:05 PST 2018,Tue Dec 04 11:05:56 PST 2018,,,,,,[],10.7649
4,0.5,0.5,0.5,0.5,0.5,0.5,texture,color,311,311,14,3/3,multi_slider,311,solid,281,solid things,striped things,polka-dotted things,blue things,red things,green things,English,1,Female,31,,Yes,3,Mac,800,1280,Chrome,3HKIF5DF6YS0TIZC0B50ZHHL5IM9GO,3T1XT3I8SXZB1M17G2PNLMVAGJG6HR,English conversations,Answer questions about English conversations.,language research fun cognitive science university,$0.50,Tue Dec 04 10:55:00 PST 2018,9,0,0,0,Reviewable,NotReviewed,1 cond,1800,60000,Thu Jan 03 10:55:00 PST 2019,https://requester.mturk.com/mturk/manageHIT?HITId=3HKIF5DF6YS0TIZC0B50ZHHL5IM9GO,3HPZF4IVNNP50RP8X36ZXQLLK1JYCN,4,Submitted,Wed Dec 05 03:45:56 PST 2018,Tue Dec 04 10:55:05 PST 2018,Tue Dec 04 11:05:56 PST 2018,,,,,,[],10.7649
4,0.5,0.5,0.5,0.5,0.5,0.5,texture,color,232,221,15,1/1,multi_slider,213,green,238,solid things,striped things,polka-dotted things,blue things,red things,green things,English,1,Female,31,,Yes,3,Mac,800,1280,Chrome,3HKIF5DF6YS0TIZC0B50ZHHL5IM9GO,3T1XT3I8SXZB1M17G2PNLMVAGJG6HR,English conversations,Answer questions about English conversations.,language research fun cognitive science university,$0.50,Tue Dec 04 10:55:00 PST 2018,9,0,0,0,Reviewable,NotReviewed,1 cond,1800,60000,Thu Jan 03 10:55:00 PST 2019,https://requester.mturk.com/mturk/manageHIT?HITId=3HKIF5DF6YS0TIZC0B50ZHHL5IM9GO,3HPZF4IVNNP50RP8X36ZXQLLK1JYCN,4,Submitted,Wed Dec 05 03:45:56 PST 2018,Tue Dec 04 10:55:05 PST 2018,Tue Dec 04 11:05:56 PST 2018,,,,,,[],10.7649
4,0.5,0.5,0.5,0,0.95,0.5,texture,color,221,231,16,2/3,multi_slider,231,blue,13,solid things,striped things,polka-dotted things,blue things,red things,green things,English,1,Female,31,,Yes,3,Mac,800,1280,Chrome,3HKIF5DF6YS0TIZC0B50ZHHL5IM9GO,3T1XT3I8SXZB1M17G2PNLMVAGJG6HR,English conversations,Answer questions about English conversations.,language research fun cognitive science university,$0.50,Tue Dec 04 10:55:00 PST 2018,9,0,0,0,Reviewable,NotReviewed,1 cond,1800,60000,Thu Jan 03 10:55:00 PST 2019,https://requester.mturk.com/mturk/manageHIT?HITId=3HKIF5DF6YS0TIZC0B50ZHHL5IM9GO,3HPZF4IVNNP50RP8X36ZXQLLK1JYCN,4,Submitted,Wed Dec 05 03:45:56 PST 2018,Tue Dec 04 10:55:05 PST 2018,Tue Dec 04 11:05:56 PST 2018,,,,,,[],10.7649
4,0.5,0.5,0.5,0.5,0.5,0.5,shape,texture,132,132,17,1/3,multi_slider,332,square,196,solid things,striped things,polka-dotted things,clouds,circles,squares,English,1,Female,31,,Yes,3,Mac,800,1280,Chrome,3HKIF5DF6YS0TIZC0B50ZHHL5IM9GO,3T1XT3I8SXZB1M17G2PNLMVAGJG6HR,English conversations,Answer questions about English conversations.,language research fun cognitive science university,$0.50,Tue Dec 04 10:55:00 PST 2018,9,0,0,0,Reviewable,NotReviewed,1 cond,1800,60000,Thu Jan 03 10:55:00 PST 2019,https://requester.mturk.com/mturk/manageHIT?HITId=3HKIF5DF6YS0TIZC0B50ZHHL5IM9GO,3HPZF4IVNNP50RP8X36ZXQLLK1JYCN,4,Submitted,Wed Dec 05 03:45:56 PST 2018,Tue Dec 04 10:55:05 PST 2018,Tue Dec 04 11:05:56 PST 2018,,,,,,[],10.7649
5,0.5,0.5,0.5,1,0,0,shape,color,131,131,3,1/3,multi_slider,231,blue,161,clouds,circles,squares,blue things,red things,green things,English,2,Female,28,,Yes,1,Windows,1080,1920,Chrome,3HKIF5DF6YS0TIZC0B50ZHHL5IM9GO,3T1XT3I8SXZB1M17G2PNLMVAGJG6HR,English conversations,Answer questions about English conversations.,language research fun cognitive science university,$0.50,Tue Dec 04 10:55:00 PST 2018,9,0,0,0,Reviewable,NotReviewed,1 cond,1800,60000,Thu Jan 03 10:55:00 PST 2019,https://requester.mturk.com/mturk/manageHIT?HITId=3HKIF5DF6YS0TIZC0B50ZHHL5IM9GO,3K4J6M3CXFPHLL7AJJO2KVOTF29AG0,5,Submitted,Wed Dec 05 03:47:22 PST 2018,Tue Dec 04 10:59:04 PST 2018,Tue Dec 04 11:07:22 PST 2018,,,,,,[],4.101766666666666
5,0.5,0.5,0.95,0.5,0.5,0.5,texture,color,133,112,4,1/1,multi_slider,121,striped,242,blue things,red things,green things,solid things,striped things,polka-dotted things,English,2,Female,28,,Yes,1,Windows,1080,1920,Chrome,3HKIF5DF6YS0TIZC0B50ZHHL5IM9GO,3T1XT3I8SXZB1M17G2PNLMVAGJG6HR,English conversations,Answer questions about English conversations.,language research fun cognitive science university,$0.50,Tue Dec 04 10:55:00 PST 2018,9,0,0,0,Reviewable,NotReviewed,1 cond,1800,60000,Thu Jan 03 10:55:00 PST 2019,https://requester.mturk.com/mturk/manageHIT?HITId=3HKIF5DF6YS0TIZC0B50ZHHL5IM9GO,3K4J6M3CXFPHLL7AJJO2KVOTF29AG0,5,Submitted,Wed Dec 05 03:47:22 PST 2018,Tue Dec 04 10:59:04 PST 2018,Tue Dec 04 11:07:22 PST 2018,,,,,,[],4.101766666666666
5,1,0,0.5,0,0.5,1,texture,color,221,213,5,2/2,multi_slider,213,circle,131,solid things,striped things,polka-dotted things,blue things,red things,green things,English,2,Female,28,,Yes,1,Windows,1080,1920,Chrome,3HKIF5DF6YS0TIZC0B50ZHHL5IM9GO,3T1XT3I8SXZB1M17G2PNLMVAGJG6HR,English conversations,Answer questions about English conversations.,language research fun cognitive science university,$0.50,Tue Dec 04 10:55:00 PST 2018,9,0,0,0,Reviewable,NotReviewed,1 cond,1800,60000,Thu Jan 03 10:55:00 PST 2019,https://requester.mturk.com/mturk/manageHIT?HITId=3HKIF5DF6YS0TIZC0B50ZHHL5IM9GO,3K4J6M3CXFPHLL7AJJO2KVOTF29AG0,5,Submitted,Wed Dec 05 03:47:22 PST 2018,Tue Dec 04 10:59:04 PST 2018,Tue Dec 04 11:07:22 PST 2018,,,,,,[],4.101766666666666
5,0.7,0.5,0.5,0.7,0.5,0.5,shape,texture,232,232,6,3/3,multi_slider,232,red,299,clouds,circles,squares,solid things,striped things,polka-dotted things,English,2,Female,28,,Yes,1,Windows,1080,1920,Chrome,3HKIF5DF6YS0TIZC0B50ZHHL5IM9GO,3T1XT3I8SXZB1M17G2PNLMVAGJG6HR,English conversations,Answer questions about English conversations.,language research fun cognitive science university,$0.50,Tue Dec 04 10:55:00 PST 2018,9,0,0,0,Reviewable,NotReviewed,1 cond,1800,60000,Thu Jan 03 10:55:00 PST 2019,https://requester.mturk.com/mturk/manageHIT?HITId=3HKIF5DF6YS0TIZC0B50ZHHL5IM9GO,3K4J6M3CXFPHLL7AJJO2KVOTF29AG0,5,Submitted,Wed Dec 05 03:47:22 PST 2018,Tue Dec 04 10:59:04 PST 2018,Tue Dec 04 11:07:22 PST 2018,,,,,,[],4.101766666666666
5,0.65,0.5,0.5,0,1,0,color,texture,332,333,7,2/3,multi_slider,333,polka-dotted,20,blue things,red things,green things,solid things,striped things,polka-dotted things,English,2,Female,28,,Yes,1,Windows,1080,1920,Chrome,3HKIF5DF6YS0TIZC0B50ZHHL5IM9GO,3T1XT3I8SXZB1M17G2PNLMVAGJG6HR,English conversations,Answer questions about English conversations.,language research fun cognitive science university,$0.50,Tue Dec 04 10:55:00 PST 2018,9,0,0,0,Reviewable,NotReviewed,1 cond,1800,60000,Thu Jan 03 10:55:00 PST 2019,https://requester.mturk.com/mturk/manageHIT?HITId=3HKIF5DF6YS0TIZC0B50ZHHL5IM9GO,3K4J6M3CXFPHLL7AJJO2KVOTF29AG0,5,Submitted,Wed Dec 05 03:47:22 PST 2018,Tue Dec 04 10:59:04 PST 2018,Tue Dec 04 11:07:22 PST 2018,,,,,,[],4.101766666666666
5,0.5,0,1,0.65,0.5,0.55,shape,texture,111,121,8,1/2,multi_slider,221,circle,86,clouds,circles,squares,solid things,striped things,polka-dotted things,English,2,Female,28,,Yes,1,Windows,1080,1920,Chrome,3HKIF5DF6YS0TIZC0B50ZHHL5IM9GO,3T1XT3I8SXZB1M17G2PNLMVAGJG6HR,English conversations,Answer questions about English conversations.,language research fun cognitive science university,$0.50,Tue Dec 04 10:55:00 PST 2018,9,0,0,0,Reviewable,NotReviewed,1 cond,1800,60000,Thu Jan 03 10:55:00 PST 2019,https://requester.mturk.com/mturk/manageHIT?HITId=3HKIF5DF6YS0TIZC0B50ZHHL5IM9GO,3K4J6M3CXFPHLL7AJJO2KVOTF29AG0,5,Submitted,Wed Dec 05 03:47:22 PST 2018,Tue Dec 04 10:59:04 PST 2018,Tue Dec 04 11:07:22 PST 2018,,,,,,[],4.101766666666666
5,0.65,0.5,0.5,0.5,0,1,color,shape,323,321,9,2/3,multi_slider,321,square,25,blue things,red things,green things,clouds,circles,squares,English,2,Female,28,,Yes,1,Windows,1080,1920,Chrome,3HKIF5DF6YS0TIZC0B50ZHHL5IM9GO,3T1XT3I8SXZB1M17G2PNLMVAGJG6HR,English conversations,Answer questions about English conversations.,language research fun cognitive science university,$0.50,Tue Dec 04 10:55:00 PST 2018,9,0,0,0,Reviewable,NotReviewed,1 cond,1800,60000,Thu Jan 03 10:55:00 PST 2019,https://requester.mturk.com/mturk/manageHIT?HITId=3HKIF5DF6YS0TIZC0B50ZHHL5IM9GO,3K4J6M3CXFPHLL7AJJO2KVOTF29AG0,5,Submitted,Wed Dec 05 03:47:22 PST 2018,Tue Dec 04 10:59:04 PST 2018,Tue Dec 04 11:07:22 PST 2018,,,,,,[],4.101766666666666
5,0.5,0,1,1,0,0,texture,shape,213,133,10,1/2,multi_slider,223,green,54,solid things,striped things,polka-dotted things,clouds,circles,squares,English,2,Female,28,,Yes,1,Windows,1080,1920,Chrome,3HKIF5DF6YS0TIZC0B50ZHHL5IM9GO,3T1XT3I8SXZB1M17G2PNLMVAGJG6HR,English conversations,Answer questions about English conversations.,language research fun cognitive science university,$0.50,Tue Dec 04 10:55:00 PST 2018,9,0,0,0,Reviewable,NotReviewed,1 cond,1800,60000,Thu Jan 03 10:55:00 PST 2019,https://requester.mturk.com/mturk/manageHIT?HITId=3HKIF5DF6YS0TIZC0B50ZHHL5IM9GO,3K4J6M3CXFPHLL7AJJO2KVOTF29AG0,5,Submitted,Wed Dec 05 03:47:22 PST 2018,Tue Dec 04 10:59:04 PST 2018,Tue Dec 04 11:07:22 PST 2018,,,,,,[],4.101766666666666
5,0.6,0.5,0.5,0.5,0.5,0.7,color,texture,333,332,11,1/3,multi_slider,331,blue,183,blue things,red things,green things,solid things,striped things,polka-dotted things,English,2,Female,28,,Yes,1,Windows,1080,1920,Chrome,3HKIF5DF6YS0TIZC0B50ZHHL5IM9GO,3T1XT3I8SXZB1M17G2PNLMVAGJG6HR,English conversations,Answer questions about English conversations.,language research fun cognitive science university,$0.50,Tue Dec 04 10:55:00 PST 2018,9,0,0,0,Reviewable,NotReviewed,1 cond,1800,60000,Thu Jan 03 10:55:00 PST 2019,https://requester.mturk.com/mturk/manageHIT?HITId=3HKIF5DF6YS0TIZC0B50ZHHL5IM9GO,3K4J6M3CXFPHLL7AJJO2KVOTF29AG0,5,Submitted,Wed Dec 05 03:47:22 PST 2018,Tue Dec 04 10:59:04 PST 2018,Tue Dec 04 11:07:22 PST 2018,,,,,,[],4.101766666666666
5,0.5,0.5,1,1,0,0,texture,shape,231,231,12,1/3,multi_slider,221,circle,175,solid things,striped things,polka-dotted things,clouds,circles,squares,English,2,Female,28,,Yes,1,Windows,1080,1920,Chrome,3HKIF5DF6YS0TIZC0B50ZHHL5IM9GO,3T1XT3I8SXZB1M17G2PNLMVAGJG6HR,English conversations,Answer questions about English conversations.,language research fun cognitive science university,$0.50,Tue Dec 04 10:55:00 PST 2018,9,0,0,0,Reviewable,NotReviewed,1 cond,1800,60000,Thu Jan 03 10:55:00 PST 2019,https://requester.mturk.com/mturk/manageHIT?HITId=3HKIF5DF6YS0TIZC0B50ZHHL5IM9GO,3K4J6M3CXFPHLL7AJJO2KVOTF29AG0,5,Submitted,Wed Dec 05 03:47:22 PST 2018,Tue Dec 04 10:59:04 PST 2018,Tue Dec 04 11:07:22 PST 2018,,,,,,[],4.101766666666666
5,0.5,0.5,0.5,0.5,0.5,0.5,shape,color,331,332,13,1/1,multi_slider,233,circle,220,blue things,red things,green things,clouds,circles,squares,English,2,Female,28,,Yes,1,Windows,1080,1920,Chrome,3HKIF5DF6YS0TIZC0B50ZHHL5IM9GO,3T1XT3I8SXZB1M17G2PNLMVAGJG6HR,English conversations,Answer questions about English conversations.,language research fun cognitive science university,$0.50,Tue Dec 04 10:55:00 PST 2018,9,0,0,0,Reviewable,NotReviewed,1 cond,1800,60000,Thu Jan 03 10:55:00 PST 2019,https://requester.mturk.com/mturk/manageHIT?HITId=3HKIF5DF6YS0TIZC0B50ZHHL5IM9GO,3K4J6M3CXFPHLL7AJJO2KVOTF29AG0,5,Submitted,Wed Dec 05 03:47:22 PST 2018,Tue Dec 04 10:59:04 PST 2018,Tue Dec 04 11:07:22 PST 2018,,,,,,[],4.101766666666666
5,0,0,1,0,1,0.5,texture,color,312,332,14,1/1,multi_slider,323,square,226,blue things,red things,green things,solid things,striped things,polka-dotted things,English,2,Female,28,,Yes,1,Windows,1080,1920,Chrome,3HKIF5DF6YS0TIZC0B50ZHHL5IM9GO,3T1XT3I8SXZB1M17G2PNLMVAGJG6HR,English conversations,Answer questions about English conversations.,language research fun cognitive science university,$0.50,Tue Dec 04 10:55:00 PST 2018,9,0,0,0,Reviewable,NotReviewed,1 cond,1800,60000,Thu Jan 03 10:55:00 PST 2019,https://requester.mturk.com/mturk/manageHIT?HITId=3HKIF5DF6YS0TIZC0B50ZHHL5IM9GO,3K4J6M3CXFPHLL7AJJO2KVOTF29AG0,5,Submitted,Wed Dec 05 03:47:22 PST 2018,Tue Dec 04 10:59:04 PST 2018,Tue Dec 04 11:07:22 PST 2018,,,,,,[],4.101766666666666
5,0.5,0.5,0.5,0.5,0.5,0.5,shape,color,223,322,15,1/2,multi_slider,123,cloud,60,blue things,red things,green things,clouds,circles,squares,English,2,Female,28,,Yes,1,Windows,1080,1920,Chrome,3HKIF5DF6YS0TIZC0B50ZHHL5IM9GO,3T1XT3I8SXZB1M17G2PNLMVAGJG6HR,English conversations,Answer questions about English conversations.,language research fun cognitive science university,$0.50,Tue Dec 04 10:55:00 PST 2018,9,0,0,0,Reviewable,NotReviewed,1 cond,1800,60000,Thu Jan 03 10:55:00 PST 2019,https://requester.mturk.com/mturk/manageHIT?HITId=3HKIF5DF6YS0TIZC0B50ZHHL5IM9GO,3K4J6M3CXFPHLL7AJJO2KVOTF29AG0,5,Submitted,Wed Dec 05 03:47:22 PST 2018,Tue Dec 04 10:59:04 PST 2018,Tue Dec 04 11:07:22 PST 2018,,,,,,[],4.101766666666666
5,1,0.5,0,0,0.5,1,shape,color,112,213,16,2/2,multi_slider,113,cloud,123,clouds,circles,squares,blue things,red things,green things,English,2,Female,28,,Yes,1,Windows,1080,1920,Chrome,3HKIF5DF6YS0TIZC0B50ZHHL5IM9GO,3T1XT3I8SXZB1M17G2PNLMVAGJG6HR,English conversations,Answer questions about English conversations.,language research fun cognitive science university,$0.50,Tue Dec 04 10:55:00 PST 2018,9,0,0,0,Reviewable,NotReviewed,1 cond,1800,60000,Thu Jan 03 10:55:00 PST 2019,https://requester.mturk.com/mturk/manageHIT?HITId=3HKIF5DF6YS0TIZC0B50ZHHL5IM9GO,3K4J6M3CXFPHLL7AJJO2KVOTF29AG0,5,Submitted,Wed Dec 05 03:47:22 PST 2018,Tue Dec 04 10:59:04 PST 2018,Tue Dec 04 11:07:22 PST 2018,,,,,,[],4.101766666666666
5,0,0.5,1,1,0.5,0,shape,color,222,321,17,2/2,multi_slider,222,striped,108,blue things,red things,green things,clouds,circles,squares,English,2,Female,28,,Yes,1,Windows,1080,1920,Chrome,3HKIF5DF6YS0TIZC0B50ZHHL5IM9GO,3T1XT3I8SXZB1M17G2PNLMVAGJG6HR,English conversations,Answer questions about English conversations.,language research fun cognitive science university,$0.50,Tue Dec 04 10:55:00 PST 2018,9,0,0,0,Reviewable,NotReviewed,1 cond,1800,60000,Thu Jan 03 10:55:00 PST 2019,https://requester.mturk.com/mturk/manageHIT?HITId=3HKIF5DF6YS0TIZC0B50ZHHL5IM9GO,3K4J6M3CXFPHLL7AJJO2KVOTF29AG0,5,Submitted,Wed Dec 05 03:47:22 PST 2018,Tue Dec 04 10:59:04 PST 2018,Tue Dec 04 11:07:22 PST 2018,,,,,,[],4.101766666666666
6,0.9,0.75,0.85,0.8,0.75,0.7,shape,color,211,113,3,2/2,multi_slider,111,solid,128,clouds,circles,squares,blue things,red things,green things,English,1,Female,29,,No,3,Mac,1080,1920,Chrome,3HKIF5DF6YS0TIZC0B50ZHHL5IM9GO,3T1XT3I8SXZB1M17G2PNLMVAGJG6HR,English conversations,Answer questions about English conversations.,language research fun cognitive science university,$0.50,Tue Dec 04 10:55:00 PST 2018,9,0,0,0,Reviewable,NotReviewed,1 cond,1800,60000,Thu Jan 03 10:55:00 PST 2019,https://requester.mturk.com/mturk/manageHIT?HITId=3HKIF5DF6YS0TIZC0B50ZHHL5IM9GO,39GXDJN2OUAMKU4QBG3AO5L8CTX8VJ,6,Submitted,Wed Dec 05 03:53:35 PST 2018,Tue Dec 04 10:55:02 PST 2018,Tue Dec 04 11:13:35 PST 2018,,,,,,[],11.706416666666666
6,0.6,0.75,0.7,0.85,0.8,0.8,texture,shape,123,123,4,1/3,multi_slider,113,solid,172,clouds,circles,squares,solid things,striped things,polka-dotted things,English,1,Female,29,,No,3,Mac,1080,1920,Chrome,3HKIF5DF6YS0TIZC0B50ZHHL5IM9GO,3T1XT3I8SXZB1M17G2PNLMVAGJG6HR,English conversations,Answer questions about English conversations.,language research fun cognitive science university,$0.50,Tue Dec 04 10:55:00 PST 2018,9,0,0,0,Reviewable,NotReviewed,1 cond,1800,60000,Thu Jan 03 10:55:00 PST 2019,https://requester.mturk.com/mturk/manageHIT?HITId=3HKIF5DF6YS0TIZC0B50ZHHL5IM9GO,39GXDJN2OUAMKU4QBG3AO5L8CTX8VJ,6,Submitted,Wed Dec 05 03:53:35 PST 2018,Tue Dec 04 10:55:02 PST 2018,Tue Dec 04 11:13:35 PST 2018,,,,,,[],11.706416666666666
6,0.4,0.65,0.95,0.8,0.75,0.75,texture,color,123,122,5,1/2,multi_slider,113,green,52,solid things,striped things,polka-dotted things,blue things,red things,green things,English,1,Female,29,,No,3,Mac,1080,1920,Chrome,3HKIF5DF6YS0TIZC0B50ZHHL5IM9GO,3T1XT3I8SXZB1M17G2PNLMVAGJG6HR,English conversations,Answer questions about English conversations.,language research fun cognitive science university,$0.50,Tue Dec 04 10:55:00 PST 2018,9,0,0,0,Reviewable,NotReviewed,1 cond,1800,60000,Thu Jan 03 10:55:00 PST 2019,https://requester.mturk.com/mturk/manageHIT?HITId=3HKIF5DF6YS0TIZC0B50ZHHL5IM9GO,39GXDJN2OUAMKU4QBG3AO5L8CTX8VJ,6,Submitted,Wed Dec 05 03:53:35 PST 2018,Tue Dec 04 10:55:02 PST 2018,Tue Dec 04 11:13:35 PST 2018,,,,,,[],11.706416666666666
6,0.7,0.75,0.7,0.8,0.85,0.8,shape,color,213,211,6,1/1,multi_slider,112,red,234,clouds,circles,squares,blue things,red things,green things,English,1,Female,29,,No,3,Mac,1080,1920,Chrome,3HKIF5DF6YS0TIZC0B50ZHHL5IM9GO,3T1XT3I8SXZB1M17G2PNLMVAGJG6HR,English conversations,Answer questions about English conversations.,language research fun cognitive science university,$0.50,Tue Dec 04 10:55:00 PST 2018,9,0,0,0,Reviewable,NotReviewed,1 cond,1800,60000,Thu Jan 03 10:55:00 PST 2019,https://requester.mturk.com/mturk/manageHIT?HITId=3HKIF5DF6YS0TIZC0B50ZHHL5IM9GO,39GXDJN2OUAMKU4QBG3AO5L8CTX8VJ,6,Submitted,Wed Dec 05 03:53:35 PST 2018,Tue Dec 04 10:55:02 PST 2018,Tue Dec 04 11:13:35 PST 2018,,,,,,[],11.706416666666666
6,0.7,0.8,0.7,0.8,0.75,0.85,shape,color,333,333,7,3/3,multi_slider,333,polka-dotted,298,clouds,circles,squares,blue things,red things,green things,English,1,Female,29,,No,3,Mac,1080,1920,Chrome,3HKIF5DF6YS0TIZC0B50ZHHL5IM9GO,3T1XT3I8SXZB1M17G2PNLMVAGJG6HR,English conversations,Answer questions about English conversations.,language research fun cognitive science university,$0.50,Tue Dec 04 10:55:00 PST 2018,9,0,0,0,Reviewable,NotReviewed,1 cond,1800,60000,Thu Jan 03 10:55:00 PST 2019,https://requester.mturk.com/mturk/manageHIT?HITId=3HKIF5DF6YS0TIZC0B50ZHHL5IM9GO,39GXDJN2OUAMKU4QBG3AO5L8CTX8VJ,6,Submitted,Wed Dec 05 03:53:35 PST 2018,Tue Dec 04 10:55:02 PST 2018,Tue Dec 04 11:13:35 PST 2018,,,,,,[],11.706416666666666
6,0.95,0.85,0.85,0.85,0.85,0.7,texture,color,131,111,8,1/3,multi_slider,121,striped,184,solid things,striped things,polka-dotted things,blue things,red things,green things,English,1,Female,29,,No,3,Mac,1080,1920,Chrome,3HKIF5DF6YS0TIZC0B50ZHHL5IM9GO,3T1XT3I8SXZB1M17G2PNLMVAGJG6HR,English conversations,Answer questions about English conversations.,language research fun cognitive science university,$0.50,Tue Dec 04 10:55:00 PST 2018,9,0,0,0,Reviewable,NotReviewed,1 cond,1800,60000,Thu Jan 03 10:55:00 PST 2019,https://requester.mturk.com/mturk/manageHIT?HITId=3HKIF5DF6YS0TIZC0B50ZHHL5IM9GO,39GXDJN2OUAMKU4QBG3AO5L8CTX8VJ,6,Submitted,Wed Dec 05 03:53:35 PST 2018,Tue Dec 04 10:55:02 PST 2018,Tue Dec 04 11:13:35 PST 2018,,,,,,[],11.706416666666666
6,0.9,0.95,0.75,0.8,0.85,0.75,texture,color,133,113,9,2/3,multi_slider,133,green,24,solid things,striped things,polka-dotted things,blue things,red things,green things,English,1,Female,29,,No,3,Mac,1080,1920,Chrome,3HKIF5DF6YS0TIZC0B50ZHHL5IM9GO,3T1XT3I8SXZB1M17G2PNLMVAGJG6HR,English conversations,Answer questions about English conversations.,language research fun cognitive science university,$0.50,Tue Dec 04 10:55:00 PST 2018,9,0,0,0,Reviewable,NotReviewed,1 cond,1800,60000,Thu Jan 03 10:55:00 PST 2019,https://requester.mturk.com/mturk/manageHIT?HITId=3HKIF5DF6YS0TIZC0B50ZHHL5IM9GO,39GXDJN2OUAMKU4QBG3AO5L8CTX8VJ,6,Submitted,Wed Dec 05 03:53:35 PST 2018,Tue Dec 04 10:55:02 PST 2018,Tue Dec 04 11:13:35 PST 2018,,,,,,[],11.706416666666666
6,0.85,0.9,0.85,0.85,0.9,0.8,shape,texture,212,132,10,2/2,multi_slider,212,solid,103,clouds,circles,squares,solid things,striped things,polka-dotted things,English,1,Female,29,,No,3,Mac,1080,1920,Chrome,3HKIF5DF6YS0TIZC0B50ZHHL5IM9GO,3T1XT3I8SXZB1M17G2PNLMVAGJG6HR,English conversations,Answer questions about English conversations.,language research fun cognitive science university,$0.50,Tue Dec 04 10:55:00 PST 2018,9,0,0,0,Reviewable,NotReviewed,1 cond,1800,60000,Thu Jan 03 10:55:00 PST 2019,https://requester.mturk.com/mturk/manageHIT?HITId=3HKIF5DF6YS0TIZC0B50ZHHL5IM9GO,39GXDJN2OUAMKU4QBG3AO5L8CTX8VJ,6,Submitted,Wed Dec 05 03:53:35 PST 2018,Tue Dec 04 10:55:02 PST 2018,Tue Dec 04 11:13:35 PST 2018,,,,,,[],11.706416666666666
6,0.35,0.75,0.7,0.85,0.9,0.7,shape,color,213,213,11,1/3,multi_slider,113,cloud,198,clouds,circles,squares,blue things,red things,green things,English,1,Female,29,,No,3,Mac,1080,1920,Chrome,3HKIF5DF6YS0TIZC0B50ZHHL5IM9GO,3T1XT3I8SXZB1M17G2PNLMVAGJG6HR,English conversations,Answer questions about English conversations.,language research fun cognitive science university,$0.50,Tue Dec 04 10:55:00 PST 2018,9,0,0,0,Reviewable,NotReviewed,1 cond,1800,60000,Thu Jan 03 10:55:00 PST 2019,https://requester.mturk.com/mturk/manageHIT?HITId=3HKIF5DF6YS0TIZC0B50ZHHL5IM9GO,39GXDJN2OUAMKU4QBG3AO5L8CTX8VJ,6,Submitted,Wed Dec 05 03:53:35 PST 2018,Tue Dec 04 10:55:02 PST 2018,Tue Dec 04 11:13:35 PST 2018,,,,,,[],11.706416666666666
6,0.7,0.9,0.7,0.75,0.8,0.7,shape,color,331,131,12,2/3,multi_slider,131,cloud,37,clouds,circles,squares,blue things,red things,green things,English,1,Female,29,,No,3,Mac,1080,1920,Chrome,3HKIF5DF6YS0TIZC0B50ZHHL5IM9GO,3T1XT3I8SXZB1M17G2PNLMVAGJG6HR,English conversations,Answer questions about English conversations.,language research fun cognitive science university,$0.50,Tue Dec 04 10:55:00 PST 2018,9,0,0,0,Reviewable,NotReviewed,1 cond,1800,60000,Thu Jan 03 10:55:00 PST 2019,https://requester.mturk.com/mturk/manageHIT?HITId=3HKIF5DF6YS0TIZC0B50ZHHL5IM9GO,39GXDJN2OUAMKU4QBG3AO5L8CTX8VJ,6,Submitted,Wed Dec 05 03:53:35 PST 2018,Tue Dec 04 10:55:02 PST 2018,Tue Dec 04 11:13:35 PST 2018,,,,,,[],11.706416666666666
6,0.6,0.7,0.75,0.85,0.8,0.85,texture,color,213,233,13,1/3,multi_slider,223,striped,164,solid things,striped things,polka-dotted things,blue things,red things,green things,English,1,Female,29,,No,3,Mac,1080,1920,Chrome,3HKIF5DF6YS0TIZC0B50ZHHL5IM9GO,3T1XT3I8SXZB1M17G2PNLMVAGJG6HR,English conversations,Answer questions about English conversations.,language research fun cognitive science university,$0.50,Tue Dec 04 10:55:00 PST 2018,9,0,0,0,Reviewable,NotReviewed,1 cond,1800,60000,Thu Jan 03 10:55:00 PST 2019,https://requester.mturk.com/mturk/manageHIT?HITId=3HKIF5DF6YS0TIZC0B50ZHHL5IM9GO,39GXDJN2OUAMKU4QBG3AO5L8CTX8VJ,6,Submitted,Wed Dec 05 03:53:35 PST 2018,Tue Dec 04 10:55:02 PST 2018,Tue Dec 04 11:13:35 PST 2018,,,,,,[],11.706416666666666
6,0.7,0.7,0.9,0.8,0.7,0.85,texture,color,111,111,14,3/3,multi_slider,111,cloud,266,solid things,striped things,polka-dotted things,blue things,red things,green things,English,1,Female,29,,No,3,Mac,1080,1920,Chrome,3HKIF5DF6YS0TIZC0B50ZHHL5IM9GO,3T1XT3I8SXZB1M17G2PNLMVAGJG6HR,English conversations,Answer questions about English conversations.,language research fun cognitive science university,$0.50,Tue Dec 04 10:55:00 PST 2018,9,0,0,0,Reviewable,NotReviewed,1 cond,1800,60000,Thu Jan 03 10:55:00 PST 2019,https://requester.mturk.com/mturk/manageHIT?HITId=3HKIF5DF6YS0TIZC0B50ZHHL5IM9GO,39GXDJN2OUAMKU4QBG3AO5L8CTX8VJ,6,Submitted,Wed Dec 05 03:53:35 PST 2018,Tue Dec 04 10:55:02 PST 2018,Tue Dec 04 11:13:35 PST 2018,,,,,,[],11.706416666666666
6,0.85,0.75,0.85,0.95,0.9,0.7,texture,shape,312,312,15,1/3,multi_slider,322,red,162,solid things,striped things,polka-dotted things,clouds,circles,squares,English,1,Female,29,,No,3,Mac,1080,1920,Chrome,3HKIF5DF6YS0TIZC0B50ZHHL5IM9GO,3T1XT3I8SXZB1M17G2PNLMVAGJG6HR,English conversations,Answer questions about English conversations.,language research fun cognitive science university,$0.50,Tue Dec 04 10:55:00 PST 2018,9,0,0,0,Reviewable,NotReviewed,1 cond,1800,60000,Thu Jan 03 10:55:00 PST 2019,https://requester.mturk.com/mturk/manageHIT?HITId=3HKIF5DF6YS0TIZC0B50ZHHL5IM9GO,39GXDJN2OUAMKU4QBG3AO5L8CTX8VJ,6,Submitted,Wed Dec 05 03:53:35 PST 2018,Tue Dec 04 10:55:02 PST 2018,Tue Dec 04 11:13:35 PST 2018,,,,,,[],11.706416666666666
6,0.65,0.75,0.65,0.8,0.8,0.9,shape,color,313,211,16,2/2,multi_slider,313,solid,137,blue things,red things,green things,clouds,circles,squares,English,1,Female,29,,No,3,Mac,1080,1920,Chrome,3HKIF5DF6YS0TIZC0B50ZHHL5IM9GO,3T1XT3I8SXZB1M17G2PNLMVAGJG6HR,English conversations,Answer questions about English conversations.,language research fun cognitive science university,$0.50,Tue Dec 04 10:55:00 PST 2018,9,0,0,0,Reviewable,NotReviewed,1 cond,1800,60000,Thu Jan 03 10:55:00 PST 2019,https://requester.mturk.com/mturk/manageHIT?HITId=3HKIF5DF6YS0TIZC0B50ZHHL5IM9GO,39GXDJN2OUAMKU4QBG3AO5L8CTX8VJ,6,Submitted,Wed Dec 05 03:53:35 PST 2018,Tue Dec 04 10:55:02 PST 2018,Tue Dec 04 11:13:35 PST 2018,,,,,,[],11.706416666666666
6,0.7,0.85,0.75,0.8,0.8,0.8,shape,texture,331,331,17,1/1,multi_slider,211,solid,248,solid things,striped things,polka-dotted things,clouds,circles,squares,English,1,Female,29,,No,3,Mac,1080,1920,Chrome,3HKIF5DF6YS0TIZC0B50ZHHL5IM9GO,3T1XT3I8SXZB1M17G2PNLMVAGJG6HR,English conversations,Answer questions about English conversations.,language research fun cognitive science university,$0.50,Tue Dec 04 10:55:00 PST 2018,9,0,0,0,Reviewable,NotReviewed,1 cond,1800,60000,Thu Jan 03 10:55:00 PST 2019,https://requester.mturk.com/mturk/manageHIT?HITId=3HKIF5DF6YS0TIZC0B50ZHHL5IM9GO,39GXDJN2OUAMKU4QBG3AO5L8CTX8VJ,6,Submitted,Wed Dec 05 03:53:35 PST 2018,Tue Dec 04 10:55:02 PST 2018,Tue Dec 04 11:13:35 PST 2018,,,,,,[],11.706416666666666
7,0.1,0.05,0.05,0.3,0.35,0.35,texture,color,121,131,3,1/3,multi_slider,111,cloud,180,solid things,striped things,polka-dotted things,blue things,red things,green things,English,1,Female,25,,Yes,2,Windows,1080,1920,Chrome,3HKIF5DF6YS0TIZC0B50ZHHL5IM9GO,3T1XT3I8SXZB1M17G2PNLMVAGJG6HR,English conversations,Answer questions about English conversations.,language research fun cognitive science university,$0.50,Tue Dec 04 10:55:00 PST 2018,9,0,0,0,Reviewable,NotReviewed,1 cond,1800,60000,Thu Jan 03 10:55:00 PST 2019,https://requester.mturk.com/mturk/manageHIT?HITId=3HKIF5DF6YS0TIZC0B50ZHHL5IM9GO,3TMFV4NEP9AZZJ4V1Q86A74MJ2Z8WT,7,Submitted,Wed Dec 05 03:57:23 PST 2018,Tue Dec 04 10:55:23 PST 2018,Tue Dec 04 11:17:23 PST 2018,,,,,,[],7.369066666666667
7,0.35,0.05,0.05,0.1,0.2,0.05,shape,texture,231,331,4,2/3,multi_slider,331,blue,10,clouds,circles,squares,solid things,striped things,polka-dotted things,English,1,Female,25,,Yes,2,Windows,1080,1920,Chrome,3HKIF5DF6YS0TIZC0B50ZHHL5IM9GO,3T1XT3I8SXZB1M17G2PNLMVAGJG6HR,English conversations,Answer questions about English conversations.,language research fun cognitive science university,$0.50,Tue Dec 04 10:55:00 PST 2018,9,0,0,0,Reviewable,NotReviewed,1 cond,1800,60000,Thu Jan 03 10:55:00 PST 2019,https://requester.mturk.com/mturk/manageHIT?HITId=3HKIF5DF6YS0TIZC0B50ZHHL5IM9GO,3TMFV4NEP9AZZJ4V1Q86A74MJ2Z8WT,7,Submitted,Wed Dec 05 03:57:23 PST 2018,Tue Dec 04 10:55:23 PST 2018,Tue Dec 04 11:17:23 PST 2018,,,,,,[],7.369066666666667
7,0,0,0.05,0.1,0.45,0.15,texture,color,323,313,5,1/3,multi_slider,333,green,152,solid things,striped things,polka-dotted things,blue things,red things,green things,English,1,Female,25,,Yes,2,Windows,1080,1920,Chrome,3HKIF5DF6YS0TIZC0B50ZHHL5IM9GO,3T1XT3I8SXZB1M17G2PNLMVAGJG6HR,English conversations,Answer questions about English conversations.,language research fun cognitive science university,$0.50,Tue Dec 04 10:55:00 PST 2018,9,0,0,0,Reviewable,NotReviewed,1 cond,1800,60000,Thu Jan 03 10:55:00 PST 2019,https://requester.mturk.com/mturk/manageHIT?HITId=3HKIF5DF6YS0TIZC0B50ZHHL5IM9GO,3TMFV4NEP9AZZJ4V1Q86A74MJ2Z8WT,7,Submitted,Wed Dec 05 03:57:23 PST 2018,Tue Dec 04 10:55:23 PST 2018,Tue Dec 04 11:17:23 PST 2018,,,,,,[],7.369066666666667
7,0.15,0.25,0.1,0.1,0,0.4,shape,texture,212,222,6,1/2,multi_slider,112,solid,79,clouds,circles,squares,solid things,striped things,polka-dotted things,English,1,Female,25,,Yes,2,Windows,1080,1920,Chrome,3HKIF5DF6YS0TIZC0B50ZHHL5IM9GO,3T1XT3I8SXZB1M17G2PNLMVAGJG6HR,English conversations,Answer questions about English conversations.,language research fun cognitive science university,$0.50,Tue Dec 04 10:55:00 PST 2018,9,0,0,0,Reviewable,NotReviewed,1 cond,1800,60000,Thu Jan 03 10:55:00 PST 2019,https://requester.mturk.com/mturk/manageHIT?HITId=3HKIF5DF6YS0TIZC0B50ZHHL5IM9GO,3TMFV4NEP9AZZJ4V1Q86A74MJ2Z8WT,7,Submitted,Wed Dec 05 03:57:23 PST 2018,Tue Dec 04 10:55:23 PST 2018,Tue Dec 04 11:17:23 PST 2018,,,,,,[],7.369066666666667
7,0.1,0.15,0.05,0.05,0,0,texture,color,131,113,7,2/2,multi_slider,131,blue,102,blue things,red things,green things,solid things,striped things,polka-dotted things,English,1,Female,25,,Yes,2,Windows,1080,1920,Chrome,3HKIF5DF6YS0TIZC0B50ZHHL5IM9GO,3T1XT3I8SXZB1M17G2PNLMVAGJG6HR,English conversations,Answer questions about English conversations.,language research fun cognitive science university,$0.50,Tue Dec 04 10:55:00 PST 2018,9,0,0,0,Reviewable,NotReviewed,1 cond,1800,60000,Thu Jan 03 10:55:00 PST 2019,https://requester.mturk.com/mturk/manageHIT?HITId=3HKIF5DF6YS0TIZC0B50ZHHL5IM9GO,3TMFV4NEP9AZZJ4V1Q86A74MJ2Z8WT,7,Submitted,Wed Dec 05 03:57:23 PST 2018,Tue Dec 04 10:55:23 PST 2018,Tue Dec 04 11:17:23 PST 2018,,,,,,[],7.369066666666667
7,0,0.05,0.05,0.05,0.05,0.05,shape,color,323,323,8,3/3,multi_slider,323,square,268,blue things,red things,green things,clouds,circles,squares,English,1,Female,25,,Yes,2,Windows,1080,1920,Chrome,3HKIF5DF6YS0TIZC0B50ZHHL5IM9GO,3T1XT3I8SXZB1M17G2PNLMVAGJG6HR,English conversations,Answer questions about English conversations.,language research fun cognitive science university,$0.50,Tue Dec 04 10:55:00 PST 2018,9,0,0,0,Reviewable,NotReviewed,1 cond,1800,60000,Thu Jan 03 10:55:00 PST 2019,https://requester.mturk.com/mturk/manageHIT?HITId=3HKIF5DF6YS0TIZC0B50ZHHL5IM9GO,3TMFV4NEP9AZZJ4V1Q86A74MJ2Z8WT,7,Submitted,Wed Dec 05 03:57:23 PST 2018,Tue Dec 04 10:55:23 PST 2018,Tue Dec 04 11:17:23 PST 2018,,,,,,[],7.369066666666667
7,0.05,0.1,0.05,0.1,0.05,0.05,shape,color,111,111,9,3/3,multi_slider,111,blue,280,clouds,circles,squares,blue things,red things,green things,English,1,Female,25,,Yes,2,Windows,1080,1920,Chrome,3HKIF5DF6YS0TIZC0B50ZHHL5IM9GO,3T1XT3I8SXZB1M17G2PNLMVAGJG6HR,English conversations,Answer questions about English conversations.,language research fun cognitive science university,$0.50,Tue Dec 04 10:55:00 PST 2018,9,0,0,0,Reviewable,NotReviewed,1 cond,1800,60000,Thu Jan 03 10:55:00 PST 2019,https://requester.mturk.com/mturk/manageHIT?HITId=3HKIF5DF6YS0TIZC0B50ZHHL5IM9GO,3TMFV4NEP9AZZJ4V1Q86A74MJ2Z8WT,7,Submitted,Wed Dec 05 03:57:23 PST 2018,Tue Dec 04 10:55:23 PST 2018,Tue Dec 04 11:17:23 PST 2018,,,,,,[],7.369066666666667
7,0,0,0,0.25,0.1,0.1,texture,shape,312,332,10,1/3,multi_slider,322,red,155,solid things,striped things,polka-dotted things,clouds,circles,squares,English,1,Female,25,,Yes,2,Windows,1080,1920,Chrome,3HKIF5DF6YS0TIZC0B50ZHHL5IM9GO,3T1XT3I8SXZB1M17G2PNLMVAGJG6HR,English conversations,Answer questions about English conversations.,language research fun cognitive science university,$0.50,Tue Dec 04 10:55:00 PST 2018,9,0,0,0,Reviewable,NotReviewed,1 cond,1800,60000,Thu Jan 03 10:55:00 PST 2019,https://requester.mturk.com/mturk/manageHIT?HITId=3HKIF5DF6YS0TIZC0B50ZHHL5IM9GO,3TMFV4NEP9AZZJ4V1Q86A74MJ2Z8WT,7,Submitted,Wed Dec 05 03:57:23 PST 2018,Tue Dec 04 10:55:23 PST 2018,Tue Dec 04 11:17:23 PST 2018,,,,,,[],7.369066666666667
7,0.05,0,0.1,0.25,0.05,0.05,shape,color,221,122,11,2/2,multi_slider,222,red,136,clouds,circles,squares,blue things,red things,green things,English,1,Female,25,,Yes,2,Windows,1080,1920,Chrome,3HKIF5DF6YS0TIZC0B50ZHHL5IM9GO,3T1XT3I8SXZB1M17G2PNLMVAGJG6HR,English conversations,Answer questions about English conversations.,language research fun cognitive science university,$0.50,Tue Dec 04 10:55:00 PST 2018,9,0,0,0,Reviewable,NotReviewed,1 cond,1800,60000,Thu Jan 03 10:55:00 PST 2019,https://requester.mturk.com/mturk/manageHIT?HITId=3HKIF5DF6YS0TIZC0B50ZHHL5IM9GO,3TMFV4NEP9AZZJ4V1Q86A74MJ2Z8WT,7,Submitted,Wed Dec 05 03:57:23 PST 2018,Tue Dec 04 10:55:23 PST 2018,Tue Dec 04 11:17:23 PST 2018,,,,,,[],7.369066666666667
7,0,0,0,0.05,0,0,texture,color,133,112,12,1/1,multi_slider,121,striped,250,blue things,red things,green things,solid things,striped things,polka-dotted things,English,1,Female,25,,Yes,2,Windows,1080,1920,Chrome,3HKIF5DF6YS0TIZC0B50ZHHL5IM9GO,3T1XT3I8SXZB1M17G2PNLMVAGJG6HR,English conversations,Answer questions about English conversations.,language research fun cognitive science university,$0.50,Tue Dec 04 10:55:00 PST 2018,9,0,0,0,Reviewable,NotReviewed,1 cond,1800,60000,Thu Jan 03 10:55:00 PST 2019,https://requester.mturk.com/mturk/manageHIT?HITId=3HKIF5DF6YS0TIZC0B50ZHHL5IM9GO,3TMFV4NEP9AZZJ4V1Q86A74MJ2Z8WT,7,Submitted,Wed Dec 05 03:57:23 PST 2018,Tue Dec 04 10:55:23 PST 2018,Tue Dec 04 11:17:23 PST 2018,,,,,,[],7.369066666666667
7,0.05,0.05,0,0,0.05,0.05,texture,color,311,311,13,3/3,multi_slider,311,square,264,solid things,striped things,polka-dotted things,blue things,red things,green things,English,1,Female,25,,Yes,2,Windows,1080,1920,Chrome,3HKIF5DF6YS0TIZC0B50ZHHL5IM9GO,3T1XT3I8SXZB1M17G2PNLMVAGJG6HR,English conversations,Answer questions about English conversations.,language research fun cognitive science university,$0.50,Tue Dec 04 10:55:00 PST 2018,9,0,0,0,Reviewable,NotReviewed,1 cond,1800,60000,Thu Jan 03 10:55:00 PST 2019,https://requester.mturk.com/mturk/manageHIT?HITId=3HKIF5DF6YS0TIZC0B50ZHHL5IM9GO,3TMFV4NEP9AZZJ4V1Q86A74MJ2Z8WT,7,Submitted,Wed Dec 05 03:57:23 PST 2018,Tue Dec 04 10:55:23 PST 2018,Tue Dec 04 11:17:23 PST 2018,,,,,,[],7.369066666666667
7,0.05,0.05,0,0,0.05,0.05,shape,texture,321,321,14,3/3,multi_slider,321,striped,288,clouds,circles,squares,solid things,striped things,polka-dotted things,English,1,Female,25,,Yes,2,Windows,1080,1920,Chrome,3HKIF5DF6YS0TIZC0B50ZHHL5IM9GO,3T1XT3I8SXZB1M17G2PNLMVAGJG6HR,English conversations,Answer questions about English conversations.,language research fun cognitive science university,$0.50,Tue Dec 04 10:55:00 PST 2018,9,0,0,0,Reviewable,NotReviewed,1 cond,1800,60000,Thu Jan 03 10:55:00 PST 2019,https://requester.mturk.com/mturk/manageHIT?HITId=3HKIF5DF6YS0TIZC0B50ZHHL5IM9GO,3TMFV4NEP9AZZJ4V1Q86A74MJ2Z8WT,7,Submitted,Wed Dec 05 03:57:23 PST 2018,Tue Dec 04 10:55:23 PST 2018,Tue Dec 04 11:17:23 PST 2018,,,,,,[],7.369066666666667
7,0.05,0.4,0,0,0,0,texture,color,233,232,15,1/2,multi_slider,213,green,51,blue things,red things,green things,solid things,striped things,polka-dotted things,English,1,Female,25,,Yes,2,Windows,1080,1920,Chrome,3HKIF5DF6YS0TIZC0B50ZHHL5IM9GO,3T1XT3I8SXZB1M17G2PNLMVAGJG6HR,English conversations,Answer questions about English conversations.,language research fun cognitive science university,$0.50,Tue Dec 04 10:55:00 PST 2018,9,0,0,0,Reviewable,NotReviewed,1 cond,1800,60000,Thu Jan 03 10:55:00 PST 2019,https://requester.mturk.com/mturk/manageHIT?HITId=3HKIF5DF6YS0TIZC0B50ZHHL5IM9GO,3TMFV4NEP9AZZJ4V1Q86A74MJ2Z8WT,7,Submitted,Wed Dec 05 03:57:23 PST 2018,Tue Dec 04 10:55:23 PST 2018,Tue Dec 04 11:17:23 PST 2018,,,,,,[],7.369066666666667
7,0.05,0,0.05,0.05,0.15,0.1,texture,color,133,121,16,2/2,multi_slider,131,blue,105,solid things,striped things,polka-dotted things,blue things,red things,green things,English,1,Female,25,,Yes,2,Windows,1080,1920,Chrome,3HKIF5DF6YS0TIZC0B50ZHHL5IM9GO,3T1XT3I8SXZB1M17G2PNLMVAGJG6HR,English conversations,Answer questions about English conversations.,language research fun cognitive science university,$0.50,Tue Dec 04 10:55:00 PST 2018,9,0,0,0,Reviewable,NotReviewed,1 cond,1800,60000,Thu Jan 03 10:55:00 PST 2019,https://requester.mturk.com/mturk/manageHIT?HITId=3HKIF5DF6YS0TIZC0B50ZHHL5IM9GO,3TMFV4NEP9AZZJ4V1Q86A74MJ2Z8WT,7,Submitted,Wed Dec 05 03:57:23 PST 2018,Tue Dec 04 10:55:23 PST 2018,Tue Dec 04 11:17:23 PST 2018,,,,,,[],7.369066666666667
7,0,0,0,0,0,0,color,shape,311,311,17,1/3,multi_slider,312,red,171,blue things,red things,green things,clouds,circles,squares,English,1,Female,25,,Yes,2,Windows,1080,1920,Chrome,3HKIF5DF6YS0TIZC0B50ZHHL5IM9GO,3T1XT3I8SXZB1M17G2PNLMVAGJG6HR,English conversations,Answer questions about English conversations.,language research fun cognitive science university,$0.50,Tue Dec 04 10:55:00 PST 2018,9,0,0,0,Reviewable,NotReviewed,1 cond,1800,60000,Thu Jan 03 10:55:00 PST 2019,https://requester.mturk.com/mturk/manageHIT?HITId=3HKIF5DF6YS0TIZC0B50ZHHL5IM9GO,3TMFV4NEP9AZZJ4V1Q86A74MJ2Z8WT,7,Submitted,Wed Dec 05 03:57:23 PST 2018,Tue Dec 04 10:55:23 PST 2018,Tue Dec 04 11:17:23 PST 2018,,,,,,[],7.369066666666667
8,0,0.7,0,0,0,0,texture,shape,331,221,3,1/2,multi_slider,211,circle,59,clouds,circles,squares,solid things,striped things,polka-dotted things,english,1,Female,29,,Yes,2,Windows,900,1600,Chrome,3HKIF5DF6YS0TIZC0B50ZHHL5IM9GO,3T1XT3I8SXZB1M17G2PNLMVAGJG6HR,English conversations,Answer questions about English conversations.,language research fun cognitive science university,$0.50,Tue Dec 04 10:55:00 PST 2018,9,0,0,0,Reviewable,NotReviewed,1 cond,1800,60000,Thu Jan 03 10:55:00 PST 2019,https://requester.mturk.com/mturk/manageHIT?HITId=3HKIF5DF6YS0TIZC0B50ZHHL5IM9GO,3TPZPLC3M18NED1ODNZFRWOFAJ43P1,8,Submitted,Wed Dec 05 03:57:59 PST 2018,Tue Dec 04 10:55:08 PST 2018,Tue Dec 04 11:17:59 PST 2018,,,,,,[],8.254683333333332
8,0.75,0,0,0,0,0.75,shape,color,122,122,4,1/1,multi_slider,321,square,243,blue things,red things,green things,clouds,circles,squares,english,1,Female,29,,Yes,2,Windows,900,1600,Chrome,3HKIF5DF6YS0TIZC0B50ZHHL5IM9GO,3T1XT3I8SXZB1M17G2PNLMVAGJG6HR,English conversations,Answer questions about English conversations.,language research fun cognitive science university,$0.50,Tue Dec 04 10:55:00 PST 2018,9,0,0,0,Reviewable,NotReviewed,1 cond,1800,60000,Thu Jan 03 10:55:00 PST 2019,https://requester.mturk.com/mturk/manageHIT?HITId=3HKIF5DF6YS0TIZC0B50ZHHL5IM9GO,3TPZPLC3M18NED1ODNZFRWOFAJ43P1,8,Submitted,Wed Dec 05 03:57:59 PST 2018,Tue Dec 04 10:55:08 PST 2018,Tue Dec 04 11:17:59 PST 2018,,,,,,[],8.254683333333332
8,0.85,0.5,0,1,0.5,0,texture,shape,213,313,5,1/2,multi_slider,323,green,93,solid things,striped things,polka-dotted things,clouds,circles,squares,english,1,Female,29,,Yes,2,Windows,900,1600,Chrome,3HKIF5DF6YS0TIZC0B50ZHHL5IM9GO,3T1XT3I8SXZB1M17G2PNLMVAGJG6HR,English conversations,Answer questions about English conversations.,language research fun cognitive science university,$0.50,Tue Dec 04 10:55:00 PST 2018,9,0,0,0,Reviewable,NotReviewed,1 cond,1800,60000,Thu Jan 03 10:55:00 PST 2019,https://requester.mturk.com/mturk/manageHIT?HITId=3HKIF5DF6YS0TIZC0B50ZHHL5IM9GO,3TPZPLC3M18NED1ODNZFRWOFAJ43P1,8,Submitted,Wed Dec 05 03:57:59 PST 2018,Tue Dec 04 10:55:08 PST 2018,Tue Dec 04 11:17:59 PST 2018,,,,,,[],8.254683333333332
8,0.5,0.5,0.5,0.5,0.5,0.5,shape,color,133,133,6,3/3,multi_slider,133,green,285,clouds,circles,squares,blue things,red things,green things,english,1,Female,29,,Yes,2,Windows,900,1600,Chrome,3HKIF5DF6YS0TIZC0B50ZHHL5IM9GO,3T1XT3I8SXZB1M17G2PNLMVAGJG6HR,English conversations,Answer questions about English conversations.,language research fun cognitive science university,$0.50,Tue Dec 04 10:55:00 PST 2018,9,0,0,0,Reviewable,NotReviewed,1 cond,1800,60000,Thu Jan 03 10:55:00 PST 2019,https://requester.mturk.com/mturk/manageHIT?HITId=3HKIF5DF6YS0TIZC0B50ZHHL5IM9GO,3TPZPLC3M18NED1ODNZFRWOFAJ43P1,8,Submitted,Wed Dec 05 03:57:59 PST 2018,Tue Dec 04 10:55:08 PST 2018,Tue Dec 04 11:17:59 PST 2018,,,,,,[],8.254683333333332
8,0.5,0.5,0.5,0.5,0.5,0.5,texture,color,311,311,7,3/3,multi_slider,311,square,281,blue things,red things,green things,solid things,striped things,polka-dotted things,english,1,Female,29,,Yes,2,Windows,900,1600,Chrome,3HKIF5DF6YS0TIZC0B50ZHHL5IM9GO,3T1XT3I8SXZB1M17G2PNLMVAGJG6HR,English conversations,Answer questions about English conversations.,language research fun cognitive science university,$0.50,Tue Dec 04 10:55:00 PST 2018,9,0,0,0,Reviewable,NotReviewed,1 cond,1800,60000,Thu Jan 03 10:55:00 PST 2019,https://requester.mturk.com/mturk/manageHIT?HITId=3HKIF5DF6YS0TIZC0B50ZHHL5IM9GO,3TPZPLC3M18NED1ODNZFRWOFAJ43P1,8,Submitted,Wed Dec 05 03:57:59 PST 2018,Tue Dec 04 10:55:08 PST 2018,Tue Dec 04 11:17:59 PST 2018,,,,,,[],8.254683333333332
8,0.5,0.5,0.5,0.5,0.5,0.5,shape,color,111,111,8,3/3,multi_slider,111,cloud,280,clouds,circles,squares,blue things,red things,green things,english,1,Female,29,,Yes,2,Windows,900,1600,Chrome,3HKIF5DF6YS0TIZC0B50ZHHL5IM9GO,3T1XT3I8SXZB1M17G2PNLMVAGJG6HR,English conversations,Answer questions about English conversations.,language research fun cognitive science university,$0.50,Tue Dec 04 10:55:00 PST 2018,9,0,0,0,Reviewable,NotReviewed,1 cond,1800,60000,Thu Jan 03 10:55:00 PST 2019,https://requester.mturk.com/mturk/manageHIT?HITId=3HKIF5DF6YS0TIZC0B50ZHHL5IM9GO,3TPZPLC3M18NED1ODNZFRWOFAJ43P1,8,Submitted,Wed Dec 05 03:57:59 PST 2018,Tue Dec 04 10:55:08 PST 2018,Tue Dec 04 11:17:59 PST 2018,,,,,,[],8.254683333333332
8,0.5,0.5,0.5,0,1,0.5,color,texture,133,132,9,2/3,multi_slider,133,polka-dotted,6,blue things,red things,green things,solid things,striped things,polka-dotted things,english,1,Female,29,,Yes,2,Windows,900,1600,Chrome,3HKIF5DF6YS0TIZC0B50ZHHL5IM9GO,3T1XT3I8SXZB1M17G2PNLMVAGJG6HR,English conversations,Answer questions about English conversations.,language research fun cognitive science university,$0.50,Tue Dec 04 10:55:00 PST 2018,9,0,0,0,Reviewable,NotReviewed,1 cond,1800,60000,Thu Jan 03 10:55:00 PST 2019,https://requester.mturk.com/mturk/manageHIT?HITId=3HKIF5DF6YS0TIZC0B50ZHHL5IM9GO,3TPZPLC3M18NED1ODNZFRWOFAJ43P1,8,Submitted,Wed Dec 05 03:57:59 PST 2018,Tue Dec 04 10:55:08 PST 2018,Tue Dec 04 11:17:59 PST 2018,,,,,,[],8.254683333333332
8,0.5,1,0,0.5,0.5,0.5,color,shape,212,211,10,2/3,multi_slider,211,solid,43,clouds,circles,squares,blue things,red things,green things,english,1,Female,29,,Yes,2,Windows,900,1600,Chrome,3HKIF5DF6YS0TIZC0B50ZHHL5IM9GO,3T1XT3I8SXZB1M17G2PNLMVAGJG6HR,English conversations,Answer questions about English conversations.,language research fun cognitive science university,$0.50,Tue Dec 04 10:55:00 PST 2018,9,0,0,0,Reviewable,NotReviewed,1 cond,1800,60000,Thu Jan 03 10:55:00 PST 2019,https://requester.mturk.com/mturk/manageHIT?HITId=3HKIF5DF6YS0TIZC0B50ZHHL5IM9GO,3TPZPLC3M18NED1ODNZFRWOFAJ43P1,8,Submitted,Wed Dec 05 03:57:59 PST 2018,Tue Dec 04 10:55:08 PST 2018,Tue Dec 04 11:17:59 PST 2018,,,,,,[],8.254683333333332
8,0.5,0.5,0.5,0,0,1,color,shape,122,123,11,1/3,multi_slider,121,striped,178,blue things,red things,green things,clouds,circles,squares,english,1,Female,29,,Yes,2,Windows,900,1600,Chrome,3HKIF5DF6YS0TIZC0B50ZHHL5IM9GO,3T1XT3I8SXZB1M17G2PNLMVAGJG6HR,English conversations,Answer questions about English conversations.,language research fun cognitive science university,$0.50,Tue Dec 04 10:55:00 PST 2018,9,0,0,0,Reviewable,NotReviewed,1 cond,1800,60000,Thu Jan 03 10:55:00 PST 2019,https://requester.mturk.com/mturk/manageHIT?HITId=3HKIF5DF6YS0TIZC0B50ZHHL5IM9GO,3TPZPLC3M18NED1ODNZFRWOFAJ43P1,8,Submitted,Wed Dec 05 03:57:59 PST 2018,Tue Dec 04 10:55:08 PST 2018,Tue Dec 04 11:17:59 PST 2018,,,,,,[],8.254683333333332
8,0.5,0.5,0.5,0.5,1,0,shape,color,133,132,12,1/2,multi_slider,332,red,76,clouds,circles,squares,blue things,red things,green things,english,1,Female,29,,Yes,2,Windows,900,1600,Chrome,3HKIF5DF6YS0TIZC0B50ZHHL5IM9GO,3T1XT3I8SXZB1M17G2PNLMVAGJG6HR,English conversations,Answer questions about English conversations.,language research fun cognitive science university,$0.50,Tue Dec 04 10:55:00 PST 2018,9,0,0,0,Reviewable,NotReviewed,1 cond,1800,60000,Thu Jan 03 10:55:00 PST 2019,https://requester.mturk.com/mturk/manageHIT?HITId=3HKIF5DF6YS0TIZC0B50ZHHL5IM9GO,3TPZPLC3M18NED1ODNZFRWOFAJ43P1,8,Submitted,Wed Dec 05 03:57:59 PST 2018,Tue Dec 04 10:55:08 PST 2018,Tue Dec 04 11:17:59 PST 2018,,,,,,[],8.254683333333332
8,0.5,0.5,0.5,0.5,0.5,0.5,shape,texture,232,232,13,3/3,multi_slider,232,circle,299,solid things,striped things,polka-dotted things,clouds,circles,squares,english,1,Female,29,,Yes,2,Windows,900,1600,Chrome,3HKIF5DF6YS0TIZC0B50ZHHL5IM9GO,3T1XT3I8SXZB1M17G2PNLMVAGJG6HR,English conversations,Answer questions about English conversations.,language research fun cognitive science university,$0.50,Tue Dec 04 10:55:00 PST 2018,9,0,0,0,Reviewable,NotReviewed,1 cond,1800,60000,Thu Jan 03 10:55:00 PST 2019,https://requester.mturk.com/mturk/manageHIT?HITId=3HKIF5DF6YS0TIZC0B50ZHHL5IM9GO,3TPZPLC3M18NED1ODNZFRWOFAJ43P1,8,Submitted,Wed Dec 05 03:57:59 PST 2018,Tue Dec 04 10:55:08 PST 2018,Tue Dec 04 11:17:59 PST 2018,,,,,,[],8.254683333333332
8,0.5,0.5,0.5,0.5,0.5,0.5,shape,color,111,111,14,3/3,multi_slider,111,blue,295,clouds,circles,squares,blue things,red things,green things,english,1,Female,29,,Yes,2,Windows,900,1600,Chrome,3HKIF5DF6YS0TIZC0B50ZHHL5IM9GO,3T1XT3I8SXZB1M17G2PNLMVAGJG6HR,English conversations,Answer questions about English conversations.,language research fun cognitive science university,$0.50,Tue Dec 04 10:55:00 PST 2018,9,0,0,0,Reviewable,NotReviewed,1 cond,1800,60000,Thu Jan 03 10:55:00 PST 2019,https://requester.mturk.com/mturk/manageHIT?HITId=3HKIF5DF6YS0TIZC0B50ZHHL5IM9GO,3TPZPLC3M18NED1ODNZFRWOFAJ43P1,8,Submitted,Wed Dec 05 03:57:59 PST 2018,Tue Dec 04 10:55:08 PST 2018,Tue Dec 04 11:17:59 PST 2018,,,,,,[],8.254683333333332
8,0.5,0.5,0.5,0,1,0,shape,color,232,132,15,1/1,multi_slider,333,polka-dotted,245,clouds,circles,squares,blue things,red things,green things,english,1,Female,29,,Yes,2,Windows,900,1600,Chrome,3HKIF5DF6YS0TIZC0B50ZHHL5IM9GO,3T1XT3I8SXZB1M17G2PNLMVAGJG6HR,English conversations,Answer questions about English conversations.,language research fun cognitive science university,$0.50,Tue Dec 04 10:55:00 PST 2018,9,0,0,0,Reviewable,NotReviewed,1 cond,1800,60000,Thu Jan 03 10:55:00 PST 2019,https://requester.mturk.com/mturk/manageHIT?HITId=3HKIF5DF6YS0TIZC0B50ZHHL5IM9GO,3TPZPLC3M18NED1ODNZFRWOFAJ43P1,8,Submitted,Wed Dec 05 03:57:59 PST 2018,Tue Dec 04 10:55:08 PST 2018,Tue Dec 04 11:17:59 PST 2018,,,,,,[],8.254683333333332
8,0.5,0.5,0.5,0.5,0.5,0.5,shape,texture,233,133,16,2/3,multi_slider,233,circle,44,clouds,circles,squares,solid things,striped things,polka-dotted things,english,1,Female,29,,Yes,2,Windows,900,1600,Chrome,3HKIF5DF6YS0TIZC0B50ZHHL5IM9GO,3T1XT3I8SXZB1M17G2PNLMVAGJG6HR,English conversations,Answer questions about English conversations.,language research fun cognitive science university,$0.50,Tue Dec 04 10:55:00 PST 2018,9,0,0,0,Reviewable,NotReviewed,1 cond,1800,60000,Thu Jan 03 10:55:00 PST 2019,https://requester.mturk.com/mturk/manageHIT?HITId=3HKIF5DF6YS0TIZC0B50ZHHL5IM9GO,3TPZPLC3M18NED1ODNZFRWOFAJ43P1,8,Submitted,Wed Dec 05 03:57:59 PST 2018,Tue Dec 04 10:55:08 PST 2018,Tue Dec 04 11:17:59 PST 2018,,,,,,[],8.254683333333332
8,0.5,0.5,0.5,1,0.5,0,shape,texture,231,111,17,2/2,multi_slider,211,solid,127,clouds,circles,squares,solid things,striped things,polka-dotted things,english,1,Female,29,,Yes,2,Windows,900,1600,Chrome,3HKIF5DF6YS0TIZC0B50ZHHL5IM9GO,3T1XT3I8SXZB1M17G2PNLMVAGJG6HR,English conversations,Answer questions about English conversations.,language research fun cognitive science university,$0.50,Tue Dec 04 10:55:00 PST 2018,9,0,0,0,Reviewable,NotReviewed,1 cond,1800,60000,Thu Jan 03 10:55:00 PST 2019,https://requester.mturk.com/mturk/manageHIT?HITId=3HKIF5DF6YS0TIZC0B50ZHHL5IM9GO,3TPZPLC3M18NED1ODNZFRWOFAJ43P1,8,Submitted,Wed Dec 05 03:57:59 PST 2018,Tue Dec 04 10:55:08 PST 2018,Tue Dec 04 11:17:59 PST 2018,,,,,,[],8.254683333333332
