workerid,MUsharedother,trial_type,obj3,obj2,target,itemCode,item,MUnumchoices,slide_number,MUsharedlistenerpick,MUalign,utterance,response,language,enjoyment,gender,age,comments,assess,education,OS,screenH,screenW,Browser,hitid,hittypeid,title,description,keywords,reward,creationtime,assignments,numavailable,numpending,numcomplete,hitstatus,reviewstatus,annotation,assignmentduration,autoapprovaldelay,hitlifetime,viewhit,assignmentid,workerid,assignmentstatus,autoapprovaltime,assignmentaccepttime,assignmentsubmittime,assignmentapprovaltime,assignmentrejecttime,deadline,feedback,reject,Answer.catch_trials,Answer.time_in_minutes
0,NA,mutual_understanding,212,121,231,2sameNANA,14451,2,6,NA,same,blue,0.5,english,2,Male,27,,Yes,1,Windows,768,1366,Chrome,3H6W48L9F4KHIR5JW55F7A3O84OPWK,385XUCFVXXF240SD23DC3P25S8PV4R,Questions about Images,Answer questions about English conversations.,language research fun cognitive science university,$0.45,Wed Apr 10 09:08:20 PDT 2019,9,0,0,9,Reviewable,NotReviewed,1 cond,1800,60000,Fri May 10 09:08:20 PDT 2019,https://requester.mturk.com/mturk/manageHIT?HITId=3H6W48L9F4KHIR5JW55F7A3O84OPWK,34S9DKFK74LORVMZMTFDD1FYYLTYNE,0,Approved,Thu Apr 11 01:51:06 PDT 2019,Wed Apr 10 09:09:05 PDT 2019,Wed Apr 10 09:11:06 PDT 2019,Thu Apr 11 01:51:58 PDT 2019,,,,,[],1.8088
0,NA,mutual_understanding,113,331,133,2diff1NA,218570,2,7,1,diff,polka-dotted,0.5,english,2,Male,27,,Yes,1,Windows,768,1366,Chrome,3H6W48L9F4KHIR5JW55F7A3O84OPWK,385XUCFVXXF240SD23DC3P25S8PV4R,Questions about Images,Answer questions about English conversations.,language research fun cognitive science university,$0.45,Wed Apr 10 09:08:20 PDT 2019,9,0,0,9,Reviewable,NotReviewed,1 cond,1800,60000,Fri May 10 09:08:20 PDT 2019,https://requester.mturk.com/mturk/manageHIT?HITId=3H6W48L9F4KHIR5JW55F7A3O84OPWK,34S9DKFK74LORVMZMTFDD1FYYLTYNE,0,Approved,Thu Apr 11 01:51:06 PDT 2019,Wed Apr 10 09:09:05 PDT 2019,Wed Apr 10 09:11:06 PDT 2019,Thu Apr 11 01:51:58 PDT 2019,,,,,[],1.8088
0,NA,mutual_understanding,131,212,222,2diff2NA,33760,2,8,2,diff,circle,0.5,english,2,Male,27,,Yes,1,Windows,768,1366,Chrome,3H6W48L9F4KHIR5JW55F7A3O84OPWK,385XUCFVXXF240SD23DC3P25S8PV4R,Questions about Images,Answer questions about English conversations.,language research fun cognitive science university,$0.45,Wed Apr 10 09:08:20 PDT 2019,9,0,0,9,Reviewable,NotReviewed,1 cond,1800,60000,Fri May 10 09:08:20 PDT 2019,https://requester.mturk.com/mturk/manageHIT?HITId=3H6W48L9F4KHIR5JW55F7A3O84OPWK,34S9DKFK74LORVMZMTFDD1FYYLTYNE,0,Approved,Thu Apr 11 01:51:06 PDT 2019,Wed Apr 10 09:09:05 PDT 2019,Wed Apr 10 09:11:06 PDT 2019,Thu Apr 11 01:51:58 PDT 2019,,,,,[],1.8088
0,1,mutual_understanding,222,221,123,3diff11,141270,3,9,1,diff,striped,0.5,english,2,Male,27,,Yes,1,Windows,768,1366,Chrome,3H6W48L9F4KHIR5JW55F7A3O84OPWK,385XUCFVXXF240SD23DC3P25S8PV4R,Questions about Images,Answer questions about English conversations.,language research fun cognitive science university,$0.45,Wed Apr 10 09:08:20 PDT 2019,9,0,0,9,Reviewable,NotReviewed,1 cond,1800,60000,Fri May 10 09:08:20 PDT 2019,https://requester.mturk.com/mturk/manageHIT?HITId=3H6W48L9F4KHIR5JW55F7A3O84OPWK,34S9DKFK74LORVMZMTFDD1FYYLTYNE,0,Approved,Thu Apr 11 01:51:06 PDT 2019,Wed Apr 10 09:09:05 PDT 2019,Wed Apr 10 09:11:06 PDT 2019,Thu Apr 11 01:51:58 PDT 2019,,,,,[],1.8088
0,NA,mutual_understanding,133,212,221,1sameNANA,207310,1,10,NA,same,striped,0.5,english,2,Male,27,,Yes,1,Windows,768,1366,Chrome,3H6W48L9F4KHIR5JW55F7A3O84OPWK,385XUCFVXXF240SD23DC3P25S8PV4R,Questions about Images,Answer questions about English conversations.,language research fun cognitive science university,$0.45,Wed Apr 10 09:08:20 PDT 2019,9,0,0,9,Reviewable,NotReviewed,1 cond,1800,60000,Fri May 10 09:08:20 PDT 2019,https://requester.mturk.com/mturk/manageHIT?HITId=3H6W48L9F4KHIR5JW55F7A3O84OPWK,34S9DKFK74LORVMZMTFDD1FYYLTYNE,0,Approved,Thu Apr 11 01:51:06 PDT 2019,Wed Apr 10 09:09:05 PDT 2019,Wed Apr 10 09:11:06 PDT 2019,Thu Apr 11 01:51:58 PDT 2019,,,,,[],1.8088
0,NA,mutual_understanding,123,121,322,1sameNANA,142430,1,11,NA,same,square,0.5,english,2,Male,27,,Yes,1,Windows,768,1366,Chrome,3H6W48L9F4KHIR5JW55F7A3O84OPWK,385XUCFVXXF240SD23DC3P25S8PV4R,Questions about Images,Answer questions about English conversations.,language research fun cognitive science university,$0.45,Wed Apr 10 09:08:20 PDT 2019,9,0,0,9,Reviewable,NotReviewed,1 cond,1800,60000,Fri May 10 09:08:20 PDT 2019,https://requester.mturk.com/mturk/manageHIT?HITId=3H6W48L9F4KHIR5JW55F7A3O84OPWK,34S9DKFK74LORVMZMTFDD1FYYLTYNE,0,Approved,Thu Apr 11 01:51:06 PDT 2019,Wed Apr 10 09:09:05 PDT 2019,Wed Apr 10 09:11:06 PDT 2019,Thu Apr 11 01:51:58 PDT 2019,,,,,[],1.8088
0,NA,mutual_understanding,332,312,122,1sameNANA,75730,1,12,NA,same,cloud,0.5,english,2,Male,27,,Yes,1,Windows,768,1366,Chrome,3H6W48L9F4KHIR5JW55F7A3O84OPWK,385XUCFVXXF240SD23DC3P25S8PV4R,Questions about Images,Answer questions about English conversations.,language research fun cognitive science university,$0.45,Wed Apr 10 09:08:20 PDT 2019,9,0,0,9,Reviewable,NotReviewed,1 cond,1800,60000,Fri May 10 09:08:20 PDT 2019,https://requester.mturk.com/mturk/manageHIT?HITId=3H6W48L9F4KHIR5JW55F7A3O84OPWK,34S9DKFK74LORVMZMTFDD1FYYLTYNE,0,Approved,Thu Apr 11 01:51:06 PDT 2019,Wed Apr 10 09:09:05 PDT 2019,Wed Apr 10 09:11:06 PDT 2019,Thu Apr 11 01:51:58 PDT 2019,,,,,[],1.8088
0,2,mutual_understanding,321,123,121,3diff22,134311,3,13,2,diff,striped,0.5,english,2,Male,27,,Yes,1,Windows,768,1366,Chrome,3H6W48L9F4KHIR5JW55F7A3O84OPWK,385XUCFVXXF240SD23DC3P25S8PV4R,Questions about Images,Answer questions about English conversations.,language research fun cognitive science university,$0.45,Wed Apr 10 09:08:20 PDT 2019,9,0,0,9,Reviewable,NotReviewed,1 cond,1800,60000,Fri May 10 09:08:20 PDT 2019,https://requester.mturk.com/mturk/manageHIT?HITId=3H6W48L9F4KHIR5JW55F7A3O84OPWK,34S9DKFK74LORVMZMTFDD1FYYLTYNE,0,Approved,Thu Apr 11 01:51:06 PDT 2019,Wed Apr 10 09:09:05 PDT 2019,Wed Apr 10 09:11:06 PDT 2019,Thu Apr 11 01:51:58 PDT 2019,,,,,[],1.8088
0,2,mutual_understanding,322,223,123,3diff12,176440,3,14,1,diff,striped,0.5,english,2,Male,27,,Yes,1,Windows,768,1366,Chrome,3H6W48L9F4KHIR5JW55F7A3O84OPWK,385XUCFVXXF240SD23DC3P25S8PV4R,Questions about Images,Answer questions about English conversations.,language research fun cognitive science university,$0.45,Wed Apr 10 09:08:20 PDT 2019,9,0,0,9,Reviewable,NotReviewed,1 cond,1800,60000,Fri May 10 09:08:20 PDT 2019,https://requester.mturk.com/mturk/manageHIT?HITId=3H6W48L9F4KHIR5JW55F7A3O84OPWK,34S9DKFK74LORVMZMTFDD1FYYLTYNE,0,Approved,Thu Apr 11 01:51:06 PDT 2019,Wed Apr 10 09:09:05 PDT 2019,Wed Apr 10 09:11:06 PDT 2019,Thu Apr 11 01:51:58 PDT 2019,,,,,[],1.8088
0,NA,mutual_understanding,231,321,311,2sameNANA,4700,2,15,NA,same,square,0.5,english,2,Male,27,,Yes,1,Windows,768,1366,Chrome,3H6W48L9F4KHIR5JW55F7A3O84OPWK,385XUCFVXXF240SD23DC3P25S8PV4R,Questions about Images,Answer questions about English conversations.,language research fun cognitive science university,$0.45,Wed Apr 10 09:08:20 PDT 2019,9,0,0,9,Reviewable,NotReviewed,1 cond,1800,60000,Fri May 10 09:08:20 PDT 2019,https://requester.mturk.com/mturk/manageHIT?HITId=3H6W48L9F4KHIR5JW55F7A3O84OPWK,34S9DKFK74LORVMZMTFDD1FYYLTYNE,0,Approved,Thu Apr 11 01:51:06 PDT 2019,Wed Apr 10 09:09:05 PDT 2019,Wed Apr 10 09:11:06 PDT 2019,Thu Apr 11 01:51:58 PDT 2019,,,,,[],1.8088
0,NA,mutual_understanding,232,212,211,3sameNANA,60600,3,16,NA,same,circle,0.5,english,2,Male,27,,Yes,1,Windows,768,1366,Chrome,3H6W48L9F4KHIR5JW55F7A3O84OPWK,385XUCFVXXF240SD23DC3P25S8PV4R,Questions about Images,Answer questions about English conversations.,language research fun cognitive science university,$0.45,Wed Apr 10 09:08:20 PDT 2019,9,0,0,9,Reviewable,NotReviewed,1 cond,1800,60000,Fri May 10 09:08:20 PDT 2019,https://requester.mturk.com/mturk/manageHIT?HITId=3H6W48L9F4KHIR5JW55F7A3O84OPWK,34S9DKFK74LORVMZMTFDD1FYYLTYNE,0,Approved,Thu Apr 11 01:51:06 PDT 2019,Wed Apr 10 09:09:05 PDT 2019,Wed Apr 10 09:11:06 PDT 2019,Thu Apr 11 01:51:58 PDT 2019,,,,,[],1.8088
0,NA,mutual_understanding,311,332,322,3sameNANA,77331,3,17,NA,same,square,0.5,english,2,Male,27,,Yes,1,Windows,768,1366,Chrome,3H6W48L9F4KHIR5JW55F7A3O84OPWK,385XUCFVXXF240SD23DC3P25S8PV4R,Questions about Images,Answer questions about English conversations.,language research fun cognitive science university,$0.45,Wed Apr 10 09:08:20 PDT 2019,9,0,0,9,Reviewable,NotReviewed,1 cond,1800,60000,Fri May 10 09:08:20 PDT 2019,https://requester.mturk.com/mturk/manageHIT?HITId=3H6W48L9F4KHIR5JW55F7A3O84OPWK,34S9DKFK74LORVMZMTFDD1FYYLTYNE,0,Approved,Thu Apr 11 01:51:06 PDT 2019,Wed Apr 10 09:09:05 PDT 2019,Wed Apr 10 09:11:06 PDT 2019,Thu Apr 11 01:51:58 PDT 2019,,,,,[],1.8088
0,NA,mutual_understanding,312,111,113,3sameNANA,87172,3,18,NA,same,solid,0.5,english,2,Male,27,,Yes,1,Windows,768,1366,Chrome,3H6W48L9F4KHIR5JW55F7A3O84OPWK,385XUCFVXXF240SD23DC3P25S8PV4R,Questions about Images,Answer questions about English conversations.,language research fun cognitive science university,$0.45,Wed Apr 10 09:08:20 PDT 2019,9,0,0,9,Reviewable,NotReviewed,1 cond,1800,60000,Fri May 10 09:08:20 PDT 2019,https://requester.mturk.com/mturk/manageHIT?HITId=3H6W48L9F4KHIR5JW55F7A3O84OPWK,34S9DKFK74LORVMZMTFDD1FYYLTYNE,0,Approved,Thu Apr 11 01:51:06 PDT 2019,Wed Apr 10 09:09:05 PDT 2019,Wed Apr 10 09:11:06 PDT 2019,Thu Apr 11 01:51:58 PDT 2019,,,,,[],1.8088
0,1,mutual_understanding,331,321,322,3diff21,39760,3,19,2,diff,square,0.5,english,2,Male,27,,Yes,1,Windows,768,1366,Chrome,3H6W48L9F4KHIR5JW55F7A3O84OPWK,385XUCFVXXF240SD23DC3P25S8PV4R,Questions about Images,Answer questions about English conversations.,language research fun cognitive science university,$0.45,Wed Apr 10 09:08:20 PDT 2019,9,0,0,9,Reviewable,NotReviewed,1 cond,1800,60000,Fri May 10 09:08:20 PDT 2019,https://requester.mturk.com/mturk/manageHIT?HITId=3H6W48L9F4KHIR5JW55F7A3O84OPWK,34S9DKFK74LORVMZMTFDD1FYYLTYNE,0,Approved,Thu Apr 11 01:51:06 PDT 2019,Wed Apr 10 09:09:05 PDT 2019,Wed Apr 10 09:11:06 PDT 2019,Thu Apr 11 01:51:58 PDT 2019,,,,,[],1.8088
0,NA,mutual_understanding,122,223,233,2sameNANA,254361,2,20,NA,same,circle,0.5,english,2,Male,27,,Yes,1,Windows,768,1366,Chrome,3H6W48L9F4KHIR5JW55F7A3O84OPWK,385XUCFVXXF240SD23DC3P25S8PV4R,Questions about Images,Answer questions about English conversations.,language research fun cognitive science university,$0.45,Wed Apr 10 09:08:20 PDT 2019,9,0,0,9,Reviewable,NotReviewed,1 cond,1800,60000,Fri May 10 09:08:20 PDT 2019,https://requester.mturk.com/mturk/manageHIT?HITId=3H6W48L9F4KHIR5JW55F7A3O84OPWK,34S9DKFK74LORVMZMTFDD1FYYLTYNE,0,Approved,Thu Apr 11 01:51:06 PDT 2019,Wed Apr 10 09:09:05 PDT 2019,Wed Apr 10 09:11:06 PDT 2019,Thu Apr 11 01:51:58 PDT 2019,,,,,[],1.8088
1,2,mutual_understanding,133,112,111,3diff12,206002,3,6,1,diff,cloud,0.15,English,1,Male,43,Thanks,Yes,3,Windows,768,1024,Chrome,3H6W48L9F4KHIR5JW55F7A3O84OPWK,385XUCFVXXF240SD23DC3P25S8PV4R,Questions about Images,Answer questions about English conversations.,language research fun cognitive science university,$0.45,Wed Apr 10 09:08:20 PDT 2019,9,0,0,9,Reviewable,NotReviewed,1 cond,1800,60000,Fri May 10 09:08:20 PDT 2019,https://requester.mturk.com/mturk/manageHIT?HITId=3H6W48L9F4KHIR5JW55F7A3O84OPWK,3XCC1ODXDM70XRN5OQF09ZH6091QRR,1,Approved,Thu Apr 11 01:53:43 PDT 2019,Wed Apr 10 09:08:39 PDT 2019,Wed Apr 10 09:13:43 PDT 2019,Thu Apr 11 01:53:58 PDT 2019,,,,,[],4.79205
1,2,mutual_understanding,313,312,311,3diff22,119702,3,7,2,diff,square,0.5,English,1,Male,43,Thanks,Yes,3,Windows,768,1024,Chrome,3H6W48L9F4KHIR5JW55F7A3O84OPWK,385XUCFVXXF240SD23DC3P25S8PV4R,Questions about Images,Answer questions about English conversations.,language research fun cognitive science university,$0.45,Wed Apr 10 09:08:20 PDT 2019,9,0,0,9,Reviewable,NotReviewed,1 cond,1800,60000,Fri May 10 09:08:20 PDT 2019,https://requester.mturk.com/mturk/manageHIT?HITId=3H6W48L9F4KHIR5JW55F7A3O84OPWK,3XCC1ODXDM70XRN5OQF09ZH6091QRR,1,Approved,Thu Apr 11 01:53:43 PDT 2019,Wed Apr 10 09:08:39 PDT 2019,Wed Apr 10 09:13:43 PDT 2019,Thu Apr 11 01:53:58 PDT 2019,,,,,[],4.79205
1,NA,mutual_understanding,322,122,232,3sameNANA,66382,3,8,NA,same,red,0.7,English,1,Male,43,Thanks,Yes,3,Windows,768,1024,Chrome,3H6W48L9F4KHIR5JW55F7A3O84OPWK,385XUCFVXXF240SD23DC3P25S8PV4R,Questions about Images,Answer questions about English conversations.,language research fun cognitive science university,$0.45,Wed Apr 10 09:08:20 PDT 2019,9,0,0,9,Reviewable,NotReviewed,1 cond,1800,60000,Fri May 10 09:08:20 PDT 2019,https://requester.mturk.com/mturk/manageHIT?HITId=3H6W48L9F4KHIR5JW55F7A3O84OPWK,3XCC1ODXDM70XRN5OQF09ZH6091QRR,1,Approved,Thu Apr 11 01:53:43 PDT 2019,Wed Apr 10 09:08:39 PDT 2019,Wed Apr 10 09:13:43 PDT 2019,Thu Apr 11 01:53:58 PDT 2019,,,,,[],4.79205
1,NA,mutual_understanding,313,213,211,2diff2NA,131201,2,9,2,diff,circle,0.8,English,1,Male,43,Thanks,Yes,3,Windows,768,1024,Chrome,3H6W48L9F4KHIR5JW55F7A3O84OPWK,385XUCFVXXF240SD23DC3P25S8PV4R,Questions about Images,Answer questions about English conversations.,language research fun cognitive science university,$0.45,Wed Apr 10 09:08:20 PDT 2019,9,0,0,9,Reviewable,NotReviewed,1 cond,1800,60000,Fri May 10 09:08:20 PDT 2019,https://requester.mturk.com/mturk/manageHIT?HITId=3H6W48L9F4KHIR5JW55F7A3O84OPWK,3XCC1ODXDM70XRN5OQF09ZH6091QRR,1,Approved,Thu Apr 11 01:53:43 PDT 2019,Wed Apr 10 09:08:39 PDT 2019,Wed Apr 10 09:13:43 PDT 2019,Thu Apr 11 01:53:58 PDT 2019,,,,,[],4.79205
1,NA,mutual_understanding,123,121,322,1sameNANA,142430,1,10,NA,same,square,1,English,1,Male,43,Thanks,Yes,3,Windows,768,1024,Chrome,3H6W48L9F4KHIR5JW55F7A3O84OPWK,385XUCFVXXF240SD23DC3P25S8PV4R,Questions about Images,Answer questions about English conversations.,language research fun cognitive science university,$0.45,Wed Apr 10 09:08:20 PDT 2019,9,0,0,9,Reviewable,NotReviewed,1 cond,1800,60000,Fri May 10 09:08:20 PDT 2019,https://requester.mturk.com/mturk/manageHIT?HITId=3H6W48L9F4KHIR5JW55F7A3O84OPWK,3XCC1ODXDM70XRN5OQF09ZH6091QRR,1,Approved,Thu Apr 11 01:53:43 PDT 2019,Wed Apr 10 09:08:39 PDT 2019,Wed Apr 10 09:13:43 PDT 2019,Thu Apr 11 01:53:58 PDT 2019,,,,,[],4.79205
1,NA,mutual_understanding,322,232,131,2sameNANA,65710,2,11,NA,same,polka-dotted,0.8,English,1,Male,43,Thanks,Yes,3,Windows,768,1024,Chrome,3H6W48L9F4KHIR5JW55F7A3O84OPWK,385XUCFVXXF240SD23DC3P25S8PV4R,Questions about Images,Answer questions about English conversations.,language research fun cognitive science university,$0.45,Wed Apr 10 09:08:20 PDT 2019,9,0,0,9,Reviewable,NotReviewed,1 cond,1800,60000,Fri May 10 09:08:20 PDT 2019,https://requester.mturk.com/mturk/manageHIT?HITId=3H6W48L9F4KHIR5JW55F7A3O84OPWK,3XCC1ODXDM70XRN5OQF09ZH6091QRR,1,Approved,Thu Apr 11 01:53:43 PDT 2019,Wed Apr 10 09:08:39 PDT 2019,Wed Apr 10 09:13:43 PDT 2019,Thu Apr 11 01:53:58 PDT 2019,,,,,[],4.79205
1,NA,mutual_understanding,221,321,331,3sameNANA,7082,3,12,NA,same,blue,0.75,English,1,Male,43,Thanks,Yes,3,Windows,768,1024,Chrome,3H6W48L9F4KHIR5JW55F7A3O84OPWK,385XUCFVXXF240SD23DC3P25S8PV4R,Questions about Images,Answer questions about English conversations.,language research fun cognitive science university,$0.45,Wed Apr 10 09:08:20 PDT 2019,9,0,0,9,Reviewable,NotReviewed,1 cond,1800,60000,Fri May 10 09:08:20 PDT 2019,https://requester.mturk.com/mturk/manageHIT?HITId=3H6W48L9F4KHIR5JW55F7A3O84OPWK,3XCC1ODXDM70XRN5OQF09ZH6091QRR,1,Approved,Thu Apr 11 01:53:43 PDT 2019,Wed Apr 10 09:08:39 PDT 2019,Wed Apr 10 09:13:43 PDT 2019,Thu Apr 11 01:53:58 PDT 2019,,,,,[],4.79205
1,1,mutual_understanding,221,121,123,3diff21,133970,3,13,2,diff,striped,0.5,English,1,Male,43,Thanks,Yes,3,Windows,768,1024,Chrome,3H6W48L9F4KHIR5JW55F7A3O84OPWK,385XUCFVXXF240SD23DC3P25S8PV4R,Questions about Images,Answer questions about English conversations.,language research fun cognitive science university,$0.45,Wed Apr 10 09:08:20 PDT 2019,9,0,0,9,Reviewable,NotReviewed,1 cond,1800,60000,Fri May 10 09:08:20 PDT 2019,https://requester.mturk.com/mturk/manageHIT?HITId=3H6W48L9F4KHIR5JW55F7A3O84OPWK,3XCC1ODXDM70XRN5OQF09ZH6091QRR,1,Approved,Thu Apr 11 01:53:43 PDT 2019,Wed Apr 10 09:08:39 PDT 2019,Wed Apr 10 09:13:43 PDT 2019,Thu Apr 11 01:53:58 PDT 2019,,,,,[],4.79205
1,1,mutual_understanding,231,221,212,3diff11,14560,3,14,1,diff,circle,0.6,English,1,Male,43,Thanks,Yes,3,Windows,768,1024,Chrome,3H6W48L9F4KHIR5JW55F7A3O84OPWK,385XUCFVXXF240SD23DC3P25S8PV4R,Questions about Images,Answer questions about English conversations.,language research fun cognitive science university,$0.45,Wed Apr 10 09:08:20 PDT 2019,9,0,0,9,Reviewable,NotReviewed,1 cond,1800,60000,Fri May 10 09:08:20 PDT 2019,https://requester.mturk.com/mturk/manageHIT?HITId=3H6W48L9F4KHIR5JW55F7A3O84OPWK,3XCC1ODXDM70XRN5OQF09ZH6091QRR,1,Approved,Thu Apr 11 01:53:43 PDT 2019,Wed Apr 10 09:08:39 PDT 2019,Wed Apr 10 09:13:43 PDT 2019,Thu Apr 11 01:53:58 PDT 2019,,,,,[],4.79205
1,NA,mutual_understanding,232,111,311,2sameNANA,56141,2,15,NA,same,solid,0.65,English,1,Male,43,Thanks,Yes,3,Windows,768,1024,Chrome,3H6W48L9F4KHIR5JW55F7A3O84OPWK,385XUCFVXXF240SD23DC3P25S8PV4R,Questions about Images,Answer questions about English conversations.,language research fun cognitive science university,$0.45,Wed Apr 10 09:08:20 PDT 2019,9,0,0,9,Reviewable,NotReviewed,1 cond,1800,60000,Fri May 10 09:08:20 PDT 2019,https://requester.mturk.com/mturk/manageHIT?HITId=3H6W48L9F4KHIR5JW55F7A3O84OPWK,3XCC1ODXDM70XRN5OQF09ZH6091QRR,1,Approved,Thu Apr 11 01:53:43 PDT 2019,Wed Apr 10 09:08:39 PDT 2019,Wed Apr 10 09:13:43 PDT 2019,Thu Apr 11 01:53:58 PDT 2019,,,,,[],4.79205
1,NA,mutual_understanding,333,111,312,2sameNANA,265541,2,16,NA,same,solid,0.85,English,1,Male,43,Thanks,Yes,3,Windows,768,1024,Chrome,3H6W48L9F4KHIR5JW55F7A3O84OPWK,385XUCFVXXF240SD23DC3P25S8PV4R,Questions about Images,Answer questions about English conversations.,language research fun cognitive science university,$0.45,Wed Apr 10 09:08:20 PDT 2019,9,0,0,9,Reviewable,NotReviewed,1 cond,1800,60000,Fri May 10 09:08:20 PDT 2019,https://requester.mturk.com/mturk/manageHIT?HITId=3H6W48L9F4KHIR5JW55F7A3O84OPWK,3XCC1ODXDM70XRN5OQF09ZH6091QRR,1,Approved,Thu Apr 11 01:53:43 PDT 2019,Wed Apr 10 09:08:39 PDT 2019,Wed Apr 10 09:13:43 PDT 2019,Thu Apr 11 01:53:58 PDT 2019,,,,,[],4.79205
1,NA,mutual_understanding,322,132,231,1sameNANA,55320,1,17,NA,same,blue,1,English,1,Male,43,Thanks,Yes,3,Windows,768,1024,Chrome,3H6W48L9F4KHIR5JW55F7A3O84OPWK,385XUCFVXXF240SD23DC3P25S8PV4R,Questions about Images,Answer questions about English conversations.,language research fun cognitive science university,$0.45,Wed Apr 10 09:08:20 PDT 2019,9,0,0,9,Reviewable,NotReviewed,1 cond,1800,60000,Fri May 10 09:08:20 PDT 2019,https://requester.mturk.com/mturk/manageHIT?HITId=3H6W48L9F4KHIR5JW55F7A3O84OPWK,3XCC1ODXDM70XRN5OQF09ZH6091QRR,1,Approved,Thu Apr 11 01:53:43 PDT 2019,Wed Apr 10 09:08:39 PDT 2019,Wed Apr 10 09:13:43 PDT 2019,Thu Apr 11 01:53:58 PDT 2019,,,,,[],4.79205
1,NA,mutual_understanding,113,223,232,2diff1NA,170901,2,18,1,diff,circle,0.6,English,1,Male,43,Thanks,Yes,3,Windows,768,1024,Chrome,3H6W48L9F4KHIR5JW55F7A3O84OPWK,385XUCFVXXF240SD23DC3P25S8PV4R,Questions about Images,Answer questions about English conversations.,language research fun cognitive science university,$0.45,Wed Apr 10 09:08:20 PDT 2019,9,0,0,9,Reviewable,NotReviewed,1 cond,1800,60000,Fri May 10 09:08:20 PDT 2019,https://requester.mturk.com/mturk/manageHIT?HITId=3H6W48L9F4KHIR5JW55F7A3O84OPWK,3XCC1ODXDM70XRN5OQF09ZH6091QRR,1,Approved,Thu Apr 11 01:53:43 PDT 2019,Wed Apr 10 09:08:39 PDT 2019,Wed Apr 10 09:13:43 PDT 2019,Thu Apr 11 01:53:58 PDT 2019,,,,,[],4.79205
1,NA,mutual_understanding,132,231,323,1sameNANA,188380,1,19,NA,same,green,1,English,1,Male,43,Thanks,Yes,3,Windows,768,1024,Chrome,3H6W48L9F4KHIR5JW55F7A3O84OPWK,385XUCFVXXF240SD23DC3P25S8PV4R,Questions about Images,Answer questions about English conversations.,language research fun cognitive science university,$0.45,Wed Apr 10 09:08:20 PDT 2019,9,0,0,9,Reviewable,NotReviewed,1 cond,1800,60000,Fri May 10 09:08:20 PDT 2019,https://requester.mturk.com/mturk/manageHIT?HITId=3H6W48L9F4KHIR5JW55F7A3O84OPWK,3XCC1ODXDM70XRN5OQF09ZH6091QRR,1,Approved,Thu Apr 11 01:53:43 PDT 2019,Wed Apr 10 09:08:39 PDT 2019,Wed Apr 10 09:13:43 PDT 2019,Thu Apr 11 01:53:58 PDT 2019,,,,,[],4.79205
1,NA,mutual_understanding,133,122,112,3sameNANA,209900,3,20,NA,same,cloud,0.65,English,1,Male,43,Thanks,Yes,3,Windows,768,1024,Chrome,3H6W48L9F4KHIR5JW55F7A3O84OPWK,385XUCFVXXF240SD23DC3P25S8PV4R,Questions about Images,Answer questions about English conversations.,language research fun cognitive science university,$0.45,Wed Apr 10 09:08:20 PDT 2019,9,0,0,9,Reviewable,NotReviewed,1 cond,1800,60000,Fri May 10 09:08:20 PDT 2019,https://requester.mturk.com/mturk/manageHIT?HITId=3H6W48L9F4KHIR5JW55F7A3O84OPWK,3XCC1ODXDM70XRN5OQF09ZH6091QRR,1,Approved,Thu Apr 11 01:53:43 PDT 2019,Wed Apr 10 09:08:39 PDT 2019,Wed Apr 10 09:13:43 PDT 2019,Thu Apr 11 01:53:58 PDT 2019,,,,,[],4.79205
2,NA,mutual_understanding,311,211,121,3sameNANA,382,3,6,NA,same,blue,0.2,english,1,Female,35,,Yes,3,Mac,800,1280,Chrome,3H6W48L9F4KHIR5JW55F7A3O84OPWK,385XUCFVXXF240SD23DC3P25S8PV4R,Questions about Images,Answer questions about English conversations.,language research fun cognitive science university,$0.45,Wed Apr 10 09:08:20 PDT 2019,9,0,0,9,Reviewable,NotReviewed,1 cond,1800,60000,Fri May 10 09:08:20 PDT 2019,https://requester.mturk.com/mturk/manageHIT?HITId=3H6W48L9F4KHIR5JW55F7A3O84OPWK,3UNH76FOCT1I9D1ZAS0D0MQYTVJYME,2,Approved,Thu Apr 11 01:55:05 PDT 2019,Wed Apr 10 09:09:03 PDT 2019,Wed Apr 10 09:15:05 PDT 2019,Thu Apr 11 01:55:58 PDT 2019,,,,,[],5.951883333333333
2,2,mutual_understanding,121,311,331,3diff12,6181,3,7,1,diff,blue,0,english,1,Female,35,,Yes,3,Mac,800,1280,Chrome,3H6W48L9F4KHIR5JW55F7A3O84OPWK,385XUCFVXXF240SD23DC3P25S8PV4R,Questions about Images,Answer questions about English conversations.,language research fun cognitive science university,$0.45,Wed Apr 10 09:08:20 PDT 2019,9,0,0,9,Reviewable,NotReviewed,1 cond,1800,60000,Fri May 10 09:08:20 PDT 2019,https://requester.mturk.com/mturk/manageHIT?HITId=3H6W48L9F4KHIR5JW55F7A3O84OPWK,3UNH76FOCT1I9D1ZAS0D0MQYTVJYME,2,Approved,Thu Apr 11 01:55:05 PDT 2019,Wed Apr 10 09:09:03 PDT 2019,Wed Apr 10 09:15:05 PDT 2019,Thu Apr 11 01:55:58 PDT 2019,,,,,[],5.951883333333333
2,NA,mutual_understanding,333,323,221,1sameNANA,285700,1,8,NA,same,circle,0.5,english,1,Female,35,,Yes,3,Mac,800,1280,Chrome,3H6W48L9F4KHIR5JW55F7A3O84OPWK,385XUCFVXXF240SD23DC3P25S8PV4R,Questions about Images,Answer questions about English conversations.,language research fun cognitive science university,$0.45,Wed Apr 10 09:08:20 PDT 2019,9,0,0,9,Reviewable,NotReviewed,1 cond,1800,60000,Fri May 10 09:08:20 PDT 2019,https://requester.mturk.com/mturk/manageHIT?HITId=3H6W48L9F4KHIR5JW55F7A3O84OPWK,3UNH76FOCT1I9D1ZAS0D0MQYTVJYME,2,Approved,Thu Apr 11 01:55:05 PDT 2019,Wed Apr 10 09:09:03 PDT 2019,Wed Apr 10 09:15:05 PDT 2019,Thu Apr 11 01:55:58 PDT 2019,,,,,[],5.951883333333333
2,NA,mutual_understanding,333,111,312,2sameNANA,265541,2,9,NA,same,solid,0.75,english,1,Female,35,,Yes,3,Mac,800,1280,Chrome,3H6W48L9F4KHIR5JW55F7A3O84OPWK,385XUCFVXXF240SD23DC3P25S8PV4R,Questions about Images,Answer questions about English conversations.,language research fun cognitive science university,$0.45,Wed Apr 10 09:08:20 PDT 2019,9,0,0,9,Reviewable,NotReviewed,1 cond,1800,60000,Fri May 10 09:08:20 PDT 2019,https://requester.mturk.com/mturk/manageHIT?HITId=3H6W48L9F4KHIR5JW55F7A3O84OPWK,3UNH76FOCT1I9D1ZAS0D0MQYTVJYME,2,Approved,Thu Apr 11 01:55:05 PDT 2019,Wed Apr 10 09:09:03 PDT 2019,Wed Apr 10 09:15:05 PDT 2019,Thu Apr 11 01:55:58 PDT 2019,,,,,[],5.951883333333333
2,1,mutual_understanding,233,221,212,3diff11,234932,3,10,1,diff,circle,0.4,english,1,Female,35,,Yes,3,Mac,800,1280,Chrome,3H6W48L9F4KHIR5JW55F7A3O84OPWK,385XUCFVXXF240SD23DC3P25S8PV4R,Questions about Images,Answer questions about English conversations.,language research fun cognitive science university,$0.45,Wed Apr 10 09:08:20 PDT 2019,9,0,0,9,Reviewable,NotReviewed,1 cond,1800,60000,Fri May 10 09:08:20 PDT 2019,https://requester.mturk.com/mturk/manageHIT?HITId=3H6W48L9F4KHIR5JW55F7A3O84OPWK,3UNH76FOCT1I9D1ZAS0D0MQYTVJYME,2,Approved,Thu Apr 11 01:55:05 PDT 2019,Wed Apr 10 09:09:03 PDT 2019,Wed Apr 10 09:15:05 PDT 2019,Thu Apr 11 01:55:58 PDT 2019,,,,,[],5.951883333333333
2,2,mutual_understanding,321,123,121,3diff22,134311,3,11,2,diff,striped,0.5,english,1,Female,35,,Yes,3,Mac,800,1280,Chrome,3H6W48L9F4KHIR5JW55F7A3O84OPWK,385XUCFVXXF240SD23DC3P25S8PV4R,Questions about Images,Answer questions about English conversations.,language research fun cognitive science university,$0.45,Wed Apr 10 09:08:20 PDT 2019,9,0,0,9,Reviewable,NotReviewed,1 cond,1800,60000,Fri May 10 09:08:20 PDT 2019,https://requester.mturk.com/mturk/manageHIT?HITId=3H6W48L9F4KHIR5JW55F7A3O84OPWK,3UNH76FOCT1I9D1ZAS0D0MQYTVJYME,2,Approved,Thu Apr 11 01:55:05 PDT 2019,Wed Apr 10 09:09:03 PDT 2019,Wed Apr 10 09:15:05 PDT 2019,Thu Apr 11 01:55:58 PDT 2019,,,,,[],5.951883333333333
2,1,mutual_understanding,111,221,231,3diff21,4181,3,12,2,diff,blue,0.1,english,1,Female,35,,Yes,3,Mac,800,1280,Chrome,3H6W48L9F4KHIR5JW55F7A3O84OPWK,385XUCFVXXF240SD23DC3P25S8PV4R,Questions about Images,Answer questions about English conversations.,language research fun cognitive science university,$0.45,Wed Apr 10 09:08:20 PDT 2019,9,0,0,9,Reviewable,NotReviewed,1 cond,1800,60000,Fri May 10 09:08:20 PDT 2019,https://requester.mturk.com/mturk/manageHIT?HITId=3H6W48L9F4KHIR5JW55F7A3O84OPWK,3UNH76FOCT1I9D1ZAS0D0MQYTVJYME,2,Approved,Thu Apr 11 01:55:05 PDT 2019,Wed Apr 10 09:09:03 PDT 2019,Wed Apr 10 09:15:05 PDT 2019,Thu Apr 11 01:55:58 PDT 2019,,,,,[],5.951883333333333
2,NA,mutual_understanding,332,312,222,1sameNANA,76930,1,13,NA,same,circle,0.7,english,1,Female,35,,Yes,3,Mac,800,1280,Chrome,3H6W48L9F4KHIR5JW55F7A3O84OPWK,385XUCFVXXF240SD23DC3P25S8PV4R,Questions about Images,Answer questions about English conversations.,language research fun cognitive science university,$0.45,Wed Apr 10 09:08:20 PDT 2019,9,0,0,9,Reviewable,NotReviewed,1 cond,1800,60000,Fri May 10 09:08:20 PDT 2019,https://requester.mturk.com/mturk/manageHIT?HITId=3H6W48L9F4KHIR5JW55F7A3O84OPWK,3UNH76FOCT1I9D1ZAS0D0MQYTVJYME,2,Approved,Thu Apr 11 01:55:05 PDT 2019,Wed Apr 10 09:09:03 PDT 2019,Wed Apr 10 09:15:05 PDT 2019,Thu Apr 11 01:55:58 PDT 2019,,,,,[],5.951883333333333
2,NA,mutual_understanding,231,221,223,3sameNANA,156562,3,14,NA,same,circle,0.75,english,1,Female,35,,Yes,3,Mac,800,1280,Chrome,3H6W48L9F4KHIR5JW55F7A3O84OPWK,385XUCFVXXF240SD23DC3P25S8PV4R,Questions about Images,Answer questions about English conversations.,language research fun cognitive science university,$0.45,Wed Apr 10 09:08:20 PDT 2019,9,0,0,9,Reviewable,NotReviewed,1 cond,1800,60000,Fri May 10 09:08:20 PDT 2019,https://requester.mturk.com/mturk/manageHIT?HITId=3H6W48L9F4KHIR5JW55F7A3O84OPWK,3UNH76FOCT1I9D1ZAS0D0MQYTVJYME,2,Approved,Thu Apr 11 01:55:05 PDT 2019,Wed Apr 10 09:09:03 PDT 2019,Wed Apr 10 09:15:05 PDT 2019,Thu Apr 11 01:55:58 PDT 2019,,,,,[],5.951883333333333
2,NA,mutual_understanding,323,331,132,2sameNANA,188441,2,15,NA,same,polka-dotted,0.8,english,1,Female,35,,Yes,3,Mac,800,1280,Chrome,3H6W48L9F4KHIR5JW55F7A3O84OPWK,385XUCFVXXF240SD23DC3P25S8PV4R,Questions about Images,Answer questions about English conversations.,language research fun cognitive science university,$0.45,Wed Apr 10 09:08:20 PDT 2019,9,0,0,9,Reviewable,NotReviewed,1 cond,1800,60000,Fri May 10 09:08:20 PDT 2019,https://requester.mturk.com/mturk/manageHIT?HITId=3H6W48L9F4KHIR5JW55F7A3O84OPWK,3UNH76FOCT1I9D1ZAS0D0MQYTVJYME,2,Approved,Thu Apr 11 01:55:05 PDT 2019,Wed Apr 10 09:09:03 PDT 2019,Wed Apr 10 09:15:05 PDT 2019,Thu Apr 11 01:55:58 PDT 2019,,,,,[],5.951883333333333
2,NA,mutual_understanding,222,331,131,2diff2NA,32011,2,16,2,diff,polka-dotted,0.3,english,1,Female,35,,Yes,3,Mac,800,1280,Chrome,3H6W48L9F4KHIR5JW55F7A3O84OPWK,385XUCFVXXF240SD23DC3P25S8PV4R,Questions about Images,Answer questions about English conversations.,language research fun cognitive science university,$0.45,Wed Apr 10 09:08:20 PDT 2019,9,0,0,9,Reviewable,NotReviewed,1 cond,1800,60000,Fri May 10 09:08:20 PDT 2019,https://requester.mturk.com/mturk/manageHIT?HITId=3H6W48L9F4KHIR5JW55F7A3O84OPWK,3UNH76FOCT1I9D1ZAS0D0MQYTVJYME,2,Approved,Thu Apr 11 01:55:05 PDT 2019,Wed Apr 10 09:09:03 PDT 2019,Wed Apr 10 09:15:05 PDT 2019,Thu Apr 11 01:55:58 PDT 2019,,,,,[],5.951883333333333
2,NA,mutual_understanding,212,311,313,3sameNANA,118772,3,17,NA,same,solid,0.9,english,1,Female,35,,Yes,3,Mac,800,1280,Chrome,3H6W48L9F4KHIR5JW55F7A3O84OPWK,385XUCFVXXF240SD23DC3P25S8PV4R,Questions about Images,Answer questions about English conversations.,language research fun cognitive science university,$0.45,Wed Apr 10 09:08:20 PDT 2019,9,0,0,9,Reviewable,NotReviewed,1 cond,1800,60000,Fri May 10 09:08:20 PDT 2019,https://requester.mturk.com/mturk/manageHIT?HITId=3H6W48L9F4KHIR5JW55F7A3O84OPWK,3UNH76FOCT1I9D1ZAS0D0MQYTVJYME,2,Approved,Thu Apr 11 01:55:05 PDT 2019,Wed Apr 10 09:09:03 PDT 2019,Wed Apr 10 09:15:05 PDT 2019,Thu Apr 11 01:55:58 PDT 2019,,,,,[],5.951883333333333
2,NA,mutual_understanding,313,222,321,2sameNANA,122310,2,18,NA,same,striped,0.85,english,1,Female,35,,Yes,3,Mac,800,1280,Chrome,3H6W48L9F4KHIR5JW55F7A3O84OPWK,385XUCFVXXF240SD23DC3P25S8PV4R,Questions about Images,Answer questions about English conversations.,language research fun cognitive science university,$0.45,Wed Apr 10 09:08:20 PDT 2019,9,0,0,9,Reviewable,NotReviewed,1 cond,1800,60000,Fri May 10 09:08:20 PDT 2019,https://requester.mturk.com/mturk/manageHIT?HITId=3H6W48L9F4KHIR5JW55F7A3O84OPWK,3UNH76FOCT1I9D1ZAS0D0MQYTVJYME,2,Approved,Thu Apr 11 01:55:05 PDT 2019,Wed Apr 10 09:09:03 PDT 2019,Wed Apr 10 09:15:05 PDT 2019,Thu Apr 11 01:55:58 PDT 2019,,,,,[],5.951883333333333
2,NA,mutual_understanding,132,221,122,2diff1NA,52540,2,19,1,diff,striped,0.05,english,1,Female,35,,Yes,3,Mac,800,1280,Chrome,3H6W48L9F4KHIR5JW55F7A3O84OPWK,385XUCFVXXF240SD23DC3P25S8PV4R,Questions about Images,Answer questions about English conversations.,language research fun cognitive science university,$0.45,Wed Apr 10 09:08:20 PDT 2019,9,0,0,9,Reviewable,NotReviewed,1 cond,1800,60000,Fri May 10 09:08:20 PDT 2019,https://requester.mturk.com/mturk/manageHIT?HITId=3H6W48L9F4KHIR5JW55F7A3O84OPWK,3UNH76FOCT1I9D1ZAS0D0MQYTVJYME,2,Approved,Thu Apr 11 01:55:05 PDT 2019,Wed Apr 10 09:09:03 PDT 2019,Wed Apr 10 09:15:05 PDT 2019,Thu Apr 11 01:55:58 PDT 2019,,,,,[],5.951883333333333
2,NA,mutual_understanding,121,231,232,1sameNANA,58480,1,20,NA,same,red,0.9,english,1,Female,35,,Yes,3,Mac,800,1280,Chrome,3H6W48L9F4KHIR5JW55F7A3O84OPWK,385XUCFVXXF240SD23DC3P25S8PV4R,Questions about Images,Answer questions about English conversations.,language research fun cognitive science university,$0.45,Wed Apr 10 09:08:20 PDT 2019,9,0,0,9,Reviewable,NotReviewed,1 cond,1800,60000,Fri May 10 09:08:20 PDT 2019,https://requester.mturk.com/mturk/manageHIT?HITId=3H6W48L9F4KHIR5JW55F7A3O84OPWK,3UNH76FOCT1I9D1ZAS0D0MQYTVJYME,2,Approved,Thu Apr 11 01:55:05 PDT 2019,Wed Apr 10 09:09:03 PDT 2019,Wed Apr 10 09:15:05 PDT 2019,Thu Apr 11 01:55:58 PDT 2019,,,,,[],5.951883333333333
3,1,mutual_understanding,322,312,333,3diff11,270261,3,6,1,diff,square,0.15,English,1,Male,25,,Yes,1,Windows,1080,1920,Chrome,3H6W48L9F4KHIR5JW55F7A3O84OPWK,385XUCFVXXF240SD23DC3P25S8PV4R,Questions about Images,Answer questions about English conversations.,language research fun cognitive science university,$0.45,Wed Apr 10 09:08:20 PDT 2019,9,0,0,9,Reviewable,NotReviewed,1 cond,1800,60000,Fri May 10 09:08:20 PDT 2019,https://requester.mturk.com/mturk/manageHIT?HITId=3H6W48L9F4KHIR5JW55F7A3O84OPWK,3CTOC39K38M9TLZDKMXL7HEKL2G7JJ,3,Approved,Thu Apr 11 01:55:20 PDT 2019,Wed Apr 10 09:08:25 PDT 2019,Wed Apr 10 09:15:20 PDT 2019,Thu Apr 11 01:55:58 PDT 2019,,,,,[],1.9024333333333334
3,NA,mutual_understanding,123,311,331,2sameNANA,136031,2,7,NA,same,square,0.5,English,1,Male,25,,Yes,1,Windows,1080,1920,Chrome,3H6W48L9F4KHIR5JW55F7A3O84OPWK,385XUCFVXXF240SD23DC3P25S8PV4R,Questions about Images,Answer questions about English conversations.,language research fun cognitive science university,$0.45,Wed Apr 10 09:08:20 PDT 2019,9,0,0,9,Reviewable,NotReviewed,1 cond,1800,60000,Fri May 10 09:08:20 PDT 2019,https://requester.mturk.com/mturk/manageHIT?HITId=3H6W48L9F4KHIR5JW55F7A3O84OPWK,3CTOC39K38M9TLZDKMXL7HEKL2G7JJ,3,Approved,Thu Apr 11 01:55:20 PDT 2019,Wed Apr 10 09:08:25 PDT 2019,Wed Apr 10 09:15:20 PDT 2019,Thu Apr 11 01:55:58 PDT 2019,,,,,[],1.9024333333333334
3,NA,mutual_understanding,333,112,222,1sameNANA,268730,1,8,NA,same,circle,1,English,1,Male,25,,Yes,1,Windows,1080,1920,Chrome,3H6W48L9F4KHIR5JW55F7A3O84OPWK,385XUCFVXXF240SD23DC3P25S8PV4R,Questions about Images,Answer questions about English conversations.,language research fun cognitive science university,$0.45,Wed Apr 10 09:08:20 PDT 2019,9,0,0,9,Reviewable,NotReviewed,1 cond,1800,60000,Fri May 10 09:08:20 PDT 2019,https://requester.mturk.com/mturk/manageHIT?HITId=3H6W48L9F4KHIR5JW55F7A3O84OPWK,3CTOC39K38M9TLZDKMXL7HEKL2G7JJ,3,Approved,Thu Apr 11 01:55:20 PDT 2019,Wed Apr 10 09:08:25 PDT 2019,Wed Apr 10 09:15:20 PDT 2019,Thu Apr 11 01:55:58 PDT 2019,,,,,[],1.9024333333333334
3,NA,mutual_understanding,332,312,111,1sameNANA,73500,1,9,NA,same,cloud,1,English,1,Male,25,,Yes,1,Windows,1080,1920,Chrome,3H6W48L9F4KHIR5JW55F7A3O84OPWK,385XUCFVXXF240SD23DC3P25S8PV4R,Questions about Images,Answer questions about English conversations.,language research fun cognitive science university,$0.45,Wed Apr 10 09:08:20 PDT 2019,9,0,0,9,Reviewable,NotReviewed,1 cond,1800,60000,Fri May 10 09:08:20 PDT 2019,https://requester.mturk.com/mturk/manageHIT?HITId=3H6W48L9F4KHIR5JW55F7A3O84OPWK,3CTOC39K38M9TLZDKMXL7HEKL2G7JJ,3,Approved,Thu Apr 11 01:55:20 PDT 2019,Wed Apr 10 09:08:25 PDT 2019,Wed Apr 10 09:15:20 PDT 2019,Thu Apr 11 01:55:58 PDT 2019,,,,,[],1.9024333333333334
3,NA,mutual_understanding,222,333,123,2sameNANA,282350,2,10,NA,same,green,0.25,English,1,Male,25,,Yes,1,Windows,1080,1920,Chrome,3H6W48L9F4KHIR5JW55F7A3O84OPWK,385XUCFVXXF240SD23DC3P25S8PV4R,Questions about Images,Answer questions about English conversations.,language research fun cognitive science university,$0.45,Wed Apr 10 09:08:20 PDT 2019,9,0,0,9,Reviewable,NotReviewed,1 cond,1800,60000,Fri May 10 09:08:20 PDT 2019,https://requester.mturk.com/mturk/manageHIT?HITId=3H6W48L9F4KHIR5JW55F7A3O84OPWK,3CTOC39K38M9TLZDKMXL7HEKL2G7JJ,3,Approved,Thu Apr 11 01:55:20 PDT 2019,Wed Apr 10 09:08:25 PDT 2019,Wed Apr 10 09:15:20 PDT 2019,Thu Apr 11 01:55:58 PDT 2019,,,,,[],1.9024333333333334
3,NA,mutual_understanding,333,322,232,2diff1NA,273450,2,11,1,diff,red,0.3,English,1,Male,25,,Yes,1,Windows,1080,1920,Chrome,3H6W48L9F4KHIR5JW55F7A3O84OPWK,385XUCFVXXF240SD23DC3P25S8PV4R,Questions about Images,Answer questions about English conversations.,language research fun cognitive science university,$0.45,Wed Apr 10 09:08:20 PDT 2019,9,0,0,9,Reviewable,NotReviewed,1 cond,1800,60000,Fri May 10 09:08:20 PDT 2019,https://requester.mturk.com/mturk/manageHIT?HITId=3H6W48L9F4KHIR5JW55F7A3O84OPWK,3CTOC39K38M9TLZDKMXL7HEKL2G7JJ,3,Approved,Thu Apr 11 01:55:20 PDT 2019,Wed Apr 10 09:08:25 PDT 2019,Wed Apr 10 09:15:20 PDT 2019,Thu Apr 11 01:55:58 PDT 2019,,,,,[],1.9024333333333334
3,NA,mutual_understanding,333,113,223,3sameNANA,284951,3,12,NA,same,green,0.25,English,1,Male,25,,Yes,1,Windows,1080,1920,Chrome,3H6W48L9F4KHIR5JW55F7A3O84OPWK,385XUCFVXXF240SD23DC3P25S8PV4R,Questions about Images,Answer questions about English conversations.,language research fun cognitive science university,$0.45,Wed Apr 10 09:08:20 PDT 2019,9,0,0,9,Reviewable,NotReviewed,1 cond,1800,60000,Fri May 10 09:08:20 PDT 2019,https://requester.mturk.com/mturk/manageHIT?HITId=3H6W48L9F4KHIR5JW55F7A3O84OPWK,3CTOC39K38M9TLZDKMXL7HEKL2G7JJ,3,Approved,Thu Apr 11 01:55:20 PDT 2019,Wed Apr 10 09:08:25 PDT 2019,Wed Apr 10 09:15:20 PDT 2019,Thu Apr 11 01:55:58 PDT 2019,,,,,[],1.9024333333333334
3,NA,mutual_understanding,323,331,132,2sameNANA,188441,2,13,NA,same,polka-dotted,0.25,English,1,Male,25,,Yes,1,Windows,1080,1920,Chrome,3H6W48L9F4KHIR5JW55F7A3O84OPWK,385XUCFVXXF240SD23DC3P25S8PV4R,Questions about Images,Answer questions about English conversations.,language research fun cognitive science university,$0.45,Wed Apr 10 09:08:20 PDT 2019,9,0,0,9,Reviewable,NotReviewed,1 cond,1800,60000,Fri May 10 09:08:20 PDT 2019,https://requester.mturk.com/mturk/manageHIT?HITId=3H6W48L9F4KHIR5JW55F7A3O84OPWK,3CTOC39K38M9TLZDKMXL7HEKL2G7JJ,3,Approved,Thu Apr 11 01:55:20 PDT 2019,Wed Apr 10 09:08:25 PDT 2019,Wed Apr 10 09:15:20 PDT 2019,Thu Apr 11 01:55:58 PDT 2019,,,,,[],1.9024333333333334
3,1,mutual_understanding,221,121,131,3diff21,2980,3,14,2,diff,blue,0.1,English,1,Male,25,,Yes,1,Windows,1080,1920,Chrome,3H6W48L9F4KHIR5JW55F7A3O84OPWK,385XUCFVXXF240SD23DC3P25S8PV4R,Questions about Images,Answer questions about English conversations.,language research fun cognitive science university,$0.45,Wed Apr 10 09:08:20 PDT 2019,9,0,0,9,Reviewable,NotReviewed,1 cond,1800,60000,Fri May 10 09:08:20 PDT 2019,https://requester.mturk.com/mturk/manageHIT?HITId=3H6W48L9F4KHIR5JW55F7A3O84OPWK,3CTOC39K38M9TLZDKMXL7HEKL2G7JJ,3,Approved,Thu Apr 11 01:55:20 PDT 2019,Wed Apr 10 09:08:25 PDT 2019,Wed Apr 10 09:15:20 PDT 2019,Thu Apr 11 01:55:58 PDT 2019,,,,,[],1.9024333333333334
3,NA,mutual_understanding,321,121,122,3sameNANA,23372,3,15,NA,same,striped,0.1,English,1,Male,25,,Yes,1,Windows,1080,1920,Chrome,3H6W48L9F4KHIR5JW55F7A3O84OPWK,385XUCFVXXF240SD23DC3P25S8PV4R,Questions about Images,Answer questions about English conversations.,language research fun cognitive science university,$0.45,Wed Apr 10 09:08:20 PDT 2019,9,0,0,9,Reviewable,NotReviewed,1 cond,1800,60000,Fri May 10 09:08:20 PDT 2019,https://requester.mturk.com/mturk/manageHIT?HITId=3H6W48L9F4KHIR5JW55F7A3O84OPWK,3CTOC39K38M9TLZDKMXL7HEKL2G7JJ,3,Approved,Thu Apr 11 01:55:20 PDT 2019,Wed Apr 10 09:08:25 PDT 2019,Wed Apr 10 09:15:20 PDT 2019,Thu Apr 11 01:55:58 PDT 2019,,,,,[],1.9024333333333334
3,NA,mutual_understanding,331,321,221,3sameNANA,7020,3,16,NA,same,blue,0.15,English,1,Male,25,,Yes,1,Windows,1080,1920,Chrome,3H6W48L9F4KHIR5JW55F7A3O84OPWK,385XUCFVXXF240SD23DC3P25S8PV4R,Questions about Images,Answer questions about English conversations.,language research fun cognitive science university,$0.45,Wed Apr 10 09:08:20 PDT 2019,9,0,0,9,Reviewable,NotReviewed,1 cond,1800,60000,Fri May 10 09:08:20 PDT 2019,https://requester.mturk.com/mturk/manageHIT?HITId=3H6W48L9F4KHIR5JW55F7A3O84OPWK,3CTOC39K38M9TLZDKMXL7HEKL2G7JJ,3,Approved,Thu Apr 11 01:55:20 PDT 2019,Wed Apr 10 09:08:25 PDT 2019,Wed Apr 10 09:15:20 PDT 2019,Thu Apr 11 01:55:58 PDT 2019,,,,,[],1.9024333333333334
3,NA,mutual_understanding,332,323,322,2diff2NA,192111,2,17,2,diff,striped,0.25,English,1,Male,25,,Yes,1,Windows,1080,1920,Chrome,3H6W48L9F4KHIR5JW55F7A3O84OPWK,385XUCFVXXF240SD23DC3P25S8PV4R,Questions about Images,Answer questions about English conversations.,language research fun cognitive science university,$0.45,Wed Apr 10 09:08:20 PDT 2019,9,0,0,9,Reviewable,NotReviewed,1 cond,1800,60000,Fri May 10 09:08:20 PDT 2019,https://requester.mturk.com/mturk/manageHIT?HITId=3H6W48L9F4KHIR5JW55F7A3O84OPWK,3CTOC39K38M9TLZDKMXL7HEKL2G7JJ,3,Approved,Thu Apr 11 01:55:20 PDT 2019,Wed Apr 10 09:08:25 PDT 2019,Wed Apr 10 09:15:20 PDT 2019,Thu Apr 11 01:55:58 PDT 2019,,,,,[],1.9024333333333334
3,NA,mutual_understanding,212,311,133,1sameNANA,207170,1,18,NA,same,polka-dotted,0.95,English,1,Male,25,,Yes,1,Windows,1080,1920,Chrome,3H6W48L9F4KHIR5JW55F7A3O84OPWK,385XUCFVXXF240SD23DC3P25S8PV4R,Questions about Images,Answer questions about English conversations.,language research fun cognitive science university,$0.45,Wed Apr 10 09:08:20 PDT 2019,9,0,0,9,Reviewable,NotReviewed,1 cond,1800,60000,Fri May 10 09:08:20 PDT 2019,https://requester.mturk.com/mturk/manageHIT?HITId=3H6W48L9F4KHIR5JW55F7A3O84OPWK,3CTOC39K38M9TLZDKMXL7HEKL2G7JJ,3,Approved,Thu Apr 11 01:55:20 PDT 2019,Wed Apr 10 09:08:25 PDT 2019,Wed Apr 10 09:15:20 PDT 2019,Thu Apr 11 01:55:58 PDT 2019,,,,,[],1.9024333333333334
3,2,mutual_understanding,311,323,321,3diff22,178332,3,19,2,diff,square,0.15,English,1,Male,25,,Yes,1,Windows,1080,1920,Chrome,3H6W48L9F4KHIR5JW55F7A3O84OPWK,385XUCFVXXF240SD23DC3P25S8PV4R,Questions about Images,Answer questions about English conversations.,language research fun cognitive science university,$0.45,Wed Apr 10 09:08:20 PDT 2019,9,0,0,9,Reviewable,NotReviewed,1 cond,1800,60000,Fri May 10 09:08:20 PDT 2019,https://requester.mturk.com/mturk/manageHIT?HITId=3H6W48L9F4KHIR5JW55F7A3O84OPWK,3CTOC39K38M9TLZDKMXL7HEKL2G7JJ,3,Approved,Thu Apr 11 01:55:20 PDT 2019,Wed Apr 10 09:08:25 PDT 2019,Wed Apr 10 09:15:20 PDT 2019,Thu Apr 11 01:55:58 PDT 2019,,,,,[],1.9024333333333334
3,2,mutual_understanding,132,232,233,3diff12,243570,3,20,1,diff,polka-dotted,0.05,English,1,Male,25,,Yes,1,Windows,1080,1920,Chrome,3H6W48L9F4KHIR5JW55F7A3O84OPWK,385XUCFVXXF240SD23DC3P25S8PV4R,Questions about Images,Answer questions about English conversations.,language research fun cognitive science university,$0.45,Wed Apr 10 09:08:20 PDT 2019,9,0,0,9,Reviewable,NotReviewed,1 cond,1800,60000,Fri May 10 09:08:20 PDT 2019,https://requester.mturk.com/mturk/manageHIT?HITId=3H6W48L9F4KHIR5JW55F7A3O84OPWK,3CTOC39K38M9TLZDKMXL7HEKL2G7JJ,3,Approved,Thu Apr 11 01:55:20 PDT 2019,Wed Apr 10 09:08:25 PDT 2019,Wed Apr 10 09:15:20 PDT 2019,Thu Apr 11 01:55:58 PDT 2019,,,,,[],1.9024333333333334
4,NA,mutual_understanding,111,232,231,2sameNANA,58130,2,6,NA,same,circle,1,English,1,Male,24,,Yes,2,Windows,768,1366,Chrome,3H6W48L9F4KHIR5JW55F7A3O84OPWK,385XUCFVXXF240SD23DC3P25S8PV4R,Questions about Images,Answer questions about English conversations.,language research fun cognitive science university,$0.45,Wed Apr 10 09:08:20 PDT 2019,9,0,0,9,Reviewable,NotReviewed,1 cond,1800,60000,Fri May 10 09:08:20 PDT 2019,https://requester.mturk.com/mturk/manageHIT?HITId=3H6W48L9F4KHIR5JW55F7A3O84OPWK,3ATPCQ38J96H7CSADPA8RVVYZEUYAU,4,Approved,Thu Apr 11 01:55:41 PDT 2019,Wed Apr 10 09:08:46 PDT 2019,Wed Apr 10 09:15:41 PDT 2019,Thu Apr 11 01:55:58 PDT 2019,,,,,[],5.57485
4,NA,mutual_understanding,131,321,223,1sameNANA,156060,1,7,NA,same,circle,1,English,1,Male,24,,Yes,2,Windows,768,1366,Chrome,3H6W48L9F4KHIR5JW55F7A3O84OPWK,385XUCFVXXF240SD23DC3P25S8PV4R,Questions about Images,Answer questions about English conversations.,language research fun cognitive science university,$0.45,Wed Apr 10 09:08:20 PDT 2019,9,0,0,9,Reviewable,NotReviewed,1 cond,1800,60000,Fri May 10 09:08:20 PDT 2019,https://requester.mturk.com/mturk/manageHIT?HITId=3H6W48L9F4KHIR5JW55F7A3O84OPWK,3ATPCQ38J96H7CSADPA8RVVYZEUYAU,4,Approved,Thu Apr 11 01:55:41 PDT 2019,Wed Apr 10 09:08:46 PDT 2019,Wed Apr 10 09:15:41 PDT 2019,Thu Apr 11 01:55:58 PDT 2019,,,,,[],5.57485
4,NA,mutual_understanding,123,131,212,1sameNANA,138130,1,8,NA,same,circle,0.95,English,1,Male,24,,Yes,2,Windows,768,1366,Chrome,3H6W48L9F4KHIR5JW55F7A3O84OPWK,385XUCFVXXF240SD23DC3P25S8PV4R,Questions about Images,Answer questions about English conversations.,language research fun cognitive science university,$0.45,Wed Apr 10 09:08:20 PDT 2019,9,0,0,9,Reviewable,NotReviewed,1 cond,1800,60000,Fri May 10 09:08:20 PDT 2019,https://requester.mturk.com/mturk/manageHIT?HITId=3H6W48L9F4KHIR5JW55F7A3O84OPWK,3ATPCQ38J96H7CSADPA8RVVYZEUYAU,4,Approved,Thu Apr 11 01:55:41 PDT 2019,Wed Apr 10 09:08:46 PDT 2019,Wed Apr 10 09:15:41 PDT 2019,Thu Apr 11 01:55:58 PDT 2019,,,,,[],5.57485
4,NA,mutual_understanding,221,113,123,2sameNANA,148781,2,9,NA,same,green,0.5,English,1,Male,24,,Yes,2,Windows,768,1366,Chrome,3H6W48L9F4KHIR5JW55F7A3O84OPWK,385XUCFVXXF240SD23DC3P25S8PV4R,Questions about Images,Answer questions about English conversations.,language research fun cognitive science university,$0.45,Wed Apr 10 09:08:20 PDT 2019,9,0,0,9,Reviewable,NotReviewed,1 cond,1800,60000,Fri May 10 09:08:20 PDT 2019,https://requester.mturk.com/mturk/manageHIT?HITId=3H6W48L9F4KHIR5JW55F7A3O84OPWK,3ATPCQ38J96H7CSADPA8RVVYZEUYAU,4,Approved,Thu Apr 11 01:55:41 PDT 2019,Wed Apr 10 09:08:46 PDT 2019,Wed Apr 10 09:15:41 PDT 2019,Thu Apr 11 01:55:58 PDT 2019,,,,,[],5.57485
4,1,mutual_understanding,131,311,221,3diff11,2850,3,10,1,diff,blue,0,English,1,Male,24,,Yes,2,Windows,768,1366,Chrome,3H6W48L9F4KHIR5JW55F7A3O84OPWK,385XUCFVXXF240SD23DC3P25S8PV4R,Questions about Images,Answer questions about English conversations.,language research fun cognitive science university,$0.45,Wed Apr 10 09:08:20 PDT 2019,9,0,0,9,Reviewable,NotReviewed,1 cond,1800,60000,Fri May 10 09:08:20 PDT 2019,https://requester.mturk.com/mturk/manageHIT?HITId=3H6W48L9F4KHIR5JW55F7A3O84OPWK,3ATPCQ38J96H7CSADPA8RVVYZEUYAU,4,Approved,Thu Apr 11 01:55:41 PDT 2019,Wed Apr 10 09:08:46 PDT 2019,Wed Apr 10 09:15:41 PDT 2019,Thu Apr 11 01:55:58 PDT 2019,,,,,[],5.57485
4,NA,mutual_understanding,332,331,123,1sameNANA,147480,1,11,NA,same,green,0.95,English,1,Male,24,,Yes,2,Windows,768,1366,Chrome,3H6W48L9F4KHIR5JW55F7A3O84OPWK,385XUCFVXXF240SD23DC3P25S8PV4R,Questions about Images,Answer questions about English conversations.,language research fun cognitive science university,$0.45,Wed Apr 10 09:08:20 PDT 2019,9,0,0,9,Reviewable,NotReviewed,1 cond,1800,60000,Fri May 10 09:08:20 PDT 2019,https://requester.mturk.com/mturk/manageHIT?HITId=3H6W48L9F4KHIR5JW55F7A3O84OPWK,3ATPCQ38J96H7CSADPA8RVVYZEUYAU,4,Approved,Thu Apr 11 01:55:41 PDT 2019,Wed Apr 10 09:08:46 PDT 2019,Wed Apr 10 09:15:41 PDT 2019,Thu Apr 11 01:55:58 PDT 2019,,,,,[],5.57485
4,NA,mutual_understanding,223,121,123,2diff2NA,175330,2,12,2,diff,cloud,0.05,English,1,Male,24,,Yes,2,Windows,768,1366,Chrome,3H6W48L9F4KHIR5JW55F7A3O84OPWK,385XUCFVXXF240SD23DC3P25S8PV4R,Questions about Images,Answer questions about English conversations.,language research fun cognitive science university,$0.45,Wed Apr 10 09:08:20 PDT 2019,9,0,0,9,Reviewable,NotReviewed,1 cond,1800,60000,Fri May 10 09:08:20 PDT 2019,https://requester.mturk.com/mturk/manageHIT?HITId=3H6W48L9F4KHIR5JW55F7A3O84OPWK,3ATPCQ38J96H7CSADPA8RVVYZEUYAU,4,Approved,Thu Apr 11 01:55:41 PDT 2019,Wed Apr 10 09:08:46 PDT 2019,Wed Apr 10 09:15:41 PDT 2019,Thu Apr 11 01:55:58 PDT 2019,,,,,[],5.57485
4,NA,mutual_understanding,122,133,131,3sameNANA,209600,3,13,NA,same,cloud,0.95,English,1,Male,24,,Yes,2,Windows,768,1366,Chrome,3H6W48L9F4KHIR5JW55F7A3O84OPWK,385XUCFVXXF240SD23DC3P25S8PV4R,Questions about Images,Answer questions about English conversations.,language research fun cognitive science university,$0.45,Wed Apr 10 09:08:20 PDT 2019,9,0,0,9,Reviewable,NotReviewed,1 cond,1800,60000,Fri May 10 09:08:20 PDT 2019,https://requester.mturk.com/mturk/manageHIT?HITId=3H6W48L9F4KHIR5JW55F7A3O84OPWK,3ATPCQ38J96H7CSADPA8RVVYZEUYAU,4,Approved,Thu Apr 11 01:55:41 PDT 2019,Wed Apr 10 09:08:46 PDT 2019,Wed Apr 10 09:15:41 PDT 2019,Thu Apr 11 01:55:58 PDT 2019,,,,,[],5.57485
4,2,mutual_understanding,313,312,311,3diff22,119702,3,14,2,diff,square,0,English,1,Male,24,,Yes,2,Windows,768,1366,Chrome,3H6W48L9F4KHIR5JW55F7A3O84OPWK,385XUCFVXXF240SD23DC3P25S8PV4R,Questions about Images,Answer questions about English conversations.,language research fun cognitive science university,$0.45,Wed Apr 10 09:08:20 PDT 2019,9,0,0,9,Reviewable,NotReviewed,1 cond,1800,60000,Fri May 10 09:08:20 PDT 2019,https://requester.mturk.com/mturk/manageHIT?HITId=3H6W48L9F4KHIR5JW55F7A3O84OPWK,3ATPCQ38J96H7CSADPA8RVVYZEUYAU,4,Approved,Thu Apr 11 01:55:41 PDT 2019,Wed Apr 10 09:08:46 PDT 2019,Wed Apr 10 09:15:41 PDT 2019,Thu Apr 11 01:55:58 PDT 2019,,,,,[],5.57485
4,NA,mutual_understanding,333,232,131,3sameNANA,272610,3,15,NA,same,polka-dotted,1,English,1,Male,24,,Yes,2,Windows,768,1366,Chrome,3H6W48L9F4KHIR5JW55F7A3O84OPWK,385XUCFVXXF240SD23DC3P25S8PV4R,Questions about Images,Answer questions about English conversations.,language research fun cognitive science university,$0.45,Wed Apr 10 09:08:20 PDT 2019,9,0,0,9,Reviewable,NotReviewed,1 cond,1800,60000,Fri May 10 09:08:20 PDT 2019,https://requester.mturk.com/mturk/manageHIT?HITId=3H6W48L9F4KHIR5JW55F7A3O84OPWK,3ATPCQ38J96H7CSADPA8RVVYZEUYAU,4,Approved,Thu Apr 11 01:55:41 PDT 2019,Wed Apr 10 09:08:46 PDT 2019,Wed Apr 10 09:15:41 PDT 2019,Thu Apr 11 01:55:58 PDT 2019,,,,,[],5.57485
4,1,mutual_understanding,322,223,221,3diff21,163512,3,16,2,diff,striped,0.05,English,1,Male,24,,Yes,2,Windows,768,1366,Chrome,3H6W48L9F4KHIR5JW55F7A3O84OPWK,385XUCFVXXF240SD23DC3P25S8PV4R,Questions about Images,Answer questions about English conversations.,language research fun cognitive science university,$0.45,Wed Apr 10 09:08:20 PDT 2019,9,0,0,9,Reviewable,NotReviewed,1 cond,1800,60000,Fri May 10 09:08:20 PDT 2019,https://requester.mturk.com/mturk/manageHIT?HITId=3H6W48L9F4KHIR5JW55F7A3O84OPWK,3ATPCQ38J96H7CSADPA8RVVYZEUYAU,4,Approved,Thu Apr 11 01:55:41 PDT 2019,Wed Apr 10 09:08:46 PDT 2019,Wed Apr 10 09:15:41 PDT 2019,Thu Apr 11 01:55:58 PDT 2019,,,,,[],5.57485
4,NA,mutual_understanding,222,132,331,2sameNANA,54110,2,17,NA,same,polka-dotted,0.95,English,1,Male,24,,Yes,2,Windows,768,1366,Chrome,3H6W48L9F4KHIR5JW55F7A3O84OPWK,385XUCFVXXF240SD23DC3P25S8PV4R,Questions about Images,Answer questions about English conversations.,language research fun cognitive science university,$0.45,Wed Apr 10 09:08:20 PDT 2019,9,0,0,9,Reviewable,NotReviewed,1 cond,1800,60000,Fri May 10 09:08:20 PDT 2019,https://requester.mturk.com/mturk/manageHIT?HITId=3H6W48L9F4KHIR5JW55F7A3O84OPWK,3ATPCQ38J96H7CSADPA8RVVYZEUYAU,4,Approved,Thu Apr 11 01:55:41 PDT 2019,Wed Apr 10 09:08:46 PDT 2019,Wed Apr 10 09:15:41 PDT 2019,Thu Apr 11 01:55:58 PDT 2019,,,,,[],5.57485
4,2,mutual_understanding,132,222,322,3diff12,55952,3,18,1,diff,red,0.05,English,1,Male,24,,Yes,2,Windows,768,1366,Chrome,3H6W48L9F4KHIR5JW55F7A3O84OPWK,385XUCFVXXF240SD23DC3P25S8PV4R,Questions about Images,Answer questions about English conversations.,language research fun cognitive science university,$0.45,Wed Apr 10 09:08:20 PDT 2019,9,0,0,9,Reviewable,NotReviewed,1 cond,1800,60000,Fri May 10 09:08:20 PDT 2019,https://requester.mturk.com/mturk/manageHIT?HITId=3H6W48L9F4KHIR5JW55F7A3O84OPWK,3ATPCQ38J96H7CSADPA8RVVYZEUYAU,4,Approved,Thu Apr 11 01:55:41 PDT 2019,Wed Apr 10 09:08:46 PDT 2019,Wed Apr 10 09:15:41 PDT 2019,Thu Apr 11 01:55:58 PDT 2019,,,,,[],5.57485
4,NA,mutual_understanding,231,233,123,2diff1NA,251751,2,19,1,diff,green,0.5,English,1,Male,24,,Yes,2,Windows,768,1366,Chrome,3H6W48L9F4KHIR5JW55F7A3O84OPWK,385XUCFVXXF240SD23DC3P25S8PV4R,Questions about Images,Answer questions about English conversations.,language research fun cognitive science university,$0.45,Wed Apr 10 09:08:20 PDT 2019,9,0,0,9,Reviewable,NotReviewed,1 cond,1800,60000,Fri May 10 09:08:20 PDT 2019,https://requester.mturk.com/mturk/manageHIT?HITId=3H6W48L9F4KHIR5JW55F7A3O84OPWK,3ATPCQ38J96H7CSADPA8RVVYZEUYAU,4,Approved,Thu Apr 11 01:55:41 PDT 2019,Wed Apr 10 09:08:46 PDT 2019,Wed Apr 10 09:15:41 PDT 2019,Thu Apr 11 01:55:58 PDT 2019,,,,,[],5.57485
4,NA,mutual_understanding,231,221,223,3sameNANA,156562,3,20,NA,same,circle,0.95,English,1,Male,24,,Yes,2,Windows,768,1366,Chrome,3H6W48L9F4KHIR5JW55F7A3O84OPWK,385XUCFVXXF240SD23DC3P25S8PV4R,Questions about Images,Answer questions about English conversations.,language research fun cognitive science university,$0.45,Wed Apr 10 09:08:20 PDT 2019,9,0,0,9,Reviewable,NotReviewed,1 cond,1800,60000,Fri May 10 09:08:20 PDT 2019,https://requester.mturk.com/mturk/manageHIT?HITId=3H6W48L9F4KHIR5JW55F7A3O84OPWK,3ATPCQ38J96H7CSADPA8RVVYZEUYAU,4,Approved,Thu Apr 11 01:55:41 PDT 2019,Wed Apr 10 09:08:46 PDT 2019,Wed Apr 10 09:15:41 PDT 2019,Thu Apr 11 01:55:58 PDT 2019,,,,,[],5.57485
5,NA,mutual_understanding,333,323,221,1sameNANA,285700,1,6,NA,same,circle,0.3,english,1,Male,33,N/A,Yes,2,Windows,768,1366,Chrome,3H6W48L9F4KHIR5JW55F7A3O84OPWK,385XUCFVXXF240SD23DC3P25S8PV4R,Questions about Images,Answer questions about English conversations.,language research fun cognitive science university,$0.45,Wed Apr 10 09:08:20 PDT 2019,9,0,0,9,Reviewable,NotReviewed,1 cond,1800,60000,Fri May 10 09:08:20 PDT 2019,https://requester.mturk.com/mturk/manageHIT?HITId=3H6W48L9F4KHIR5JW55F7A3O84OPWK,3GNCZX450JJNYY09M2EPE42MV9SAPD,5,Approved,Thu Apr 11 02:06:32 PDT 2019,Wed Apr 10 09:09:05 PDT 2019,Wed Apr 10 09:26:32 PDT 2019,Thu Apr 11 02:06:58 PDT 2019,,,,,[],1.3281666666666667
5,NA,mutual_understanding,131,333,332,2sameNANA,274230,2,7,NA,same,square,0.7,english,1,Male,33,N/A,Yes,2,Windows,768,1366,Chrome,3H6W48L9F4KHIR5JW55F7A3O84OPWK,385XUCFVXXF240SD23DC3P25S8PV4R,Questions about Images,Answer questions about English conversations.,language research fun cognitive science university,$0.45,Wed Apr 10 09:08:20 PDT 2019,9,0,0,9,Reviewable,NotReviewed,1 cond,1800,60000,Fri May 10 09:08:20 PDT 2019,https://requester.mturk.com/mturk/manageHIT?HITId=3H6W48L9F4KHIR5JW55F7A3O84OPWK,3GNCZX450JJNYY09M2EPE42MV9SAPD,5,Approved,Thu Apr 11 02:06:32 PDT 2019,Wed Apr 10 09:09:05 PDT 2019,Wed Apr 10 09:26:32 PDT 2019,Thu Apr 11 02:06:58 PDT 2019,,,,,[],1.3281666666666667
5,NA,mutual_understanding,113,232,212,2sameNANA,94600,2,8,NA,same,circle,0.35,english,1,Male,33,N/A,Yes,2,Windows,768,1366,Chrome,3H6W48L9F4KHIR5JW55F7A3O84OPWK,385XUCFVXXF240SD23DC3P25S8PV4R,Questions about Images,Answer questions about English conversations.,language research fun cognitive science university,$0.45,Wed Apr 10 09:08:20 PDT 2019,9,0,0,9,Reviewable,NotReviewed,1 cond,1800,60000,Fri May 10 09:08:20 PDT 2019,https://requester.mturk.com/mturk/manageHIT?HITId=3H6W48L9F4KHIR5JW55F7A3O84OPWK,3GNCZX450JJNYY09M2EPE42MV9SAPD,5,Approved,Thu Apr 11 02:06:32 PDT 2019,Wed Apr 10 09:09:05 PDT 2019,Wed Apr 10 09:26:32 PDT 2019,Thu Apr 11 02:06:58 PDT 2019,,,,,[],1.3281666666666667
5,NA,mutual_understanding,213,333,313,3sameNANA,280951,3,9,NA,same,green,0.6,english,1,Male,33,N/A,Yes,2,Windows,768,1366,Chrome,3H6W48L9F4KHIR5JW55F7A3O84OPWK,385XUCFVXXF240SD23DC3P25S8PV4R,Questions about Images,Answer questions about English conversations.,language research fun cognitive science university,$0.45,Wed Apr 10 09:08:20 PDT 2019,9,0,0,9,Reviewable,NotReviewed,1 cond,1800,60000,Fri May 10 09:08:20 PDT 2019,https://requester.mturk.com/mturk/manageHIT?HITId=3H6W48L9F4KHIR5JW55F7A3O84OPWK,3GNCZX450JJNYY09M2EPE42MV9SAPD,5,Approved,Thu Apr 11 02:06:32 PDT 2019,Wed Apr 10 09:09:05 PDT 2019,Wed Apr 10 09:26:32 PDT 2019,Thu Apr 11 02:06:58 PDT 2019,,,,,[],1.3281666666666667
5,NA,mutual_understanding,321,332,232,2diff2NA,80551,2,10,2,diff,red,0.6,english,1,Male,33,N/A,Yes,2,Windows,768,1366,Chrome,3H6W48L9F4KHIR5JW55F7A3O84OPWK,385XUCFVXXF240SD23DC3P25S8PV4R,Questions about Images,Answer questions about English conversations.,language research fun cognitive science university,$0.45,Wed Apr 10 09:08:20 PDT 2019,9,0,0,9,Reviewable,NotReviewed,1 cond,1800,60000,Fri May 10 09:08:20 PDT 2019,https://requester.mturk.com/mturk/manageHIT?HITId=3H6W48L9F4KHIR5JW55F7A3O84OPWK,3GNCZX450JJNYY09M2EPE42MV9SAPD,5,Approved,Thu Apr 11 02:06:32 PDT 2019,Wed Apr 10 09:09:05 PDT 2019,Wed Apr 10 09:26:32 PDT 2019,Thu Apr 11 02:06:58 PDT 2019,,,,,[],1.3281666666666667
5,1,mutual_understanding,222,121,321,3diff21,29940,3,11,2,diff,striped,0.65,english,1,Male,33,N/A,Yes,2,Windows,768,1366,Chrome,3H6W48L9F4KHIR5JW55F7A3O84OPWK,385XUCFVXXF240SD23DC3P25S8PV4R,Questions about Images,Answer questions about English conversations.,language research fun cognitive science university,$0.45,Wed Apr 10 09:08:20 PDT 2019,9,0,0,9,Reviewable,NotReviewed,1 cond,1800,60000,Fri May 10 09:08:20 PDT 2019,https://requester.mturk.com/mturk/manageHIT?HITId=3H6W48L9F4KHIR5JW55F7A3O84OPWK,3GNCZX450JJNYY09M2EPE42MV9SAPD,5,Approved,Thu Apr 11 02:06:32 PDT 2019,Wed Apr 10 09:09:05 PDT 2019,Wed Apr 10 09:26:32 PDT 2019,Thu Apr 11 02:06:58 PDT 2019,,,,,[],1.3281666666666667
5,NA,mutual_understanding,312,112,212,1sameNANA,21930,1,12,NA,same,circle,0.65,english,1,Male,33,N/A,Yes,2,Windows,768,1366,Chrome,3H6W48L9F4KHIR5JW55F7A3O84OPWK,385XUCFVXXF240SD23DC3P25S8PV4R,Questions about Images,Answer questions about English conversations.,language research fun cognitive science university,$0.45,Wed Apr 10 09:08:20 PDT 2019,9,0,0,9,Reviewable,NotReviewed,1 cond,1800,60000,Fri May 10 09:08:20 PDT 2019,https://requester.mturk.com/mturk/manageHIT?HITId=3H6W48L9F4KHIR5JW55F7A3O84OPWK,3GNCZX450JJNYY09M2EPE42MV9SAPD,5,Approved,Thu Apr 11 02:06:32 PDT 2019,Wed Apr 10 09:09:05 PDT 2019,Wed Apr 10 09:26:32 PDT 2019,Thu Apr 11 02:06:58 PDT 2019,,,,,[],1.3281666666666667
5,1,mutual_understanding,233,213,221,3diff11,247502,3,13,1,diff,circle,0.65,english,1,Male,33,N/A,Yes,2,Windows,768,1366,Chrome,3H6W48L9F4KHIR5JW55F7A3O84OPWK,385XUCFVXXF240SD23DC3P25S8PV4R,Questions about Images,Answer questions about English conversations.,language research fun cognitive science university,$0.45,Wed Apr 10 09:08:20 PDT 2019,9,0,0,9,Reviewable,NotReviewed,1 cond,1800,60000,Fri May 10 09:08:20 PDT 2019,https://requester.mturk.com/mturk/manageHIT?HITId=3H6W48L9F4KHIR5JW55F7A3O84OPWK,3GNCZX450JJNYY09M2EPE42MV9SAPD,5,Approved,Thu Apr 11 02:06:32 PDT 2019,Wed Apr 10 09:09:05 PDT 2019,Wed Apr 10 09:26:32 PDT 2019,Thu Apr 11 02:06:58 PDT 2019,,,,,[],1.3281666666666667
5,2,mutual_understanding,211,233,231,3diff22,232232,3,14,2,diff,circle,0.6,english,1,Male,33,N/A,Yes,2,Windows,768,1366,Chrome,3H6W48L9F4KHIR5JW55F7A3O84OPWK,385XUCFVXXF240SD23DC3P25S8PV4R,Questions about Images,Answer questions about English conversations.,language research fun cognitive science university,$0.45,Wed Apr 10 09:08:20 PDT 2019,9,0,0,9,Reviewable,NotReviewed,1 cond,1800,60000,Fri May 10 09:08:20 PDT 2019,https://requester.mturk.com/mturk/manageHIT?HITId=3H6W48L9F4KHIR5JW55F7A3O84OPWK,3GNCZX450JJNYY09M2EPE42MV9SAPD,5,Approved,Thu Apr 11 02:06:32 PDT 2019,Wed Apr 10 09:09:05 PDT 2019,Wed Apr 10 09:26:32 PDT 2019,Thu Apr 11 02:06:58 PDT 2019,,,,,[],1.3281666666666667
5,2,mutual_understanding,322,223,123,3diff12,176440,3,15,1,diff,striped,0.6,english,1,Male,33,N/A,Yes,2,Windows,768,1366,Chrome,3H6W48L9F4KHIR5JW55F7A3O84OPWK,385XUCFVXXF240SD23DC3P25S8PV4R,Questions about Images,Answer questions about English conversations.,language research fun cognitive science university,$0.45,Wed Apr 10 09:08:20 PDT 2019,9,0,0,9,Reviewable,NotReviewed,1 cond,1800,60000,Fri May 10 09:08:20 PDT 2019,https://requester.mturk.com/mturk/manageHIT?HITId=3H6W48L9F4KHIR5JW55F7A3O84OPWK,3GNCZX450JJNYY09M2EPE42MV9SAPD,5,Approved,Thu Apr 11 02:06:32 PDT 2019,Wed Apr 10 09:09:05 PDT 2019,Wed Apr 10 09:26:32 PDT 2019,Thu Apr 11 02:06:58 PDT 2019,,,,,[],1.3281666666666667
5,NA,mutual_understanding,123,311,331,2sameNANA,136031,2,16,NA,same,square,0.65,english,1,Male,33,N/A,Yes,2,Windows,768,1366,Chrome,3H6W48L9F4KHIR5JW55F7A3O84OPWK,385XUCFVXXF240SD23DC3P25S8PV4R,Questions about Images,Answer questions about English conversations.,language research fun cognitive science university,$0.45,Wed Apr 10 09:08:20 PDT 2019,9,0,0,9,Reviewable,NotReviewed,1 cond,1800,60000,Fri May 10 09:08:20 PDT 2019,https://requester.mturk.com/mturk/manageHIT?HITId=3H6W48L9F4KHIR5JW55F7A3O84OPWK,3GNCZX450JJNYY09M2EPE42MV9SAPD,5,Approved,Thu Apr 11 02:06:32 PDT 2019,Wed Apr 10 09:09:05 PDT 2019,Wed Apr 10 09:26:32 PDT 2019,Thu Apr 11 02:06:58 PDT 2019,,,,,[],1.3281666666666667
5,NA,mutual_understanding,133,232,312,1sameNANA,215500,1,17,NA,same,square,0.65,english,1,Male,33,N/A,Yes,2,Windows,768,1366,Chrome,3H6W48L9F4KHIR5JW55F7A3O84OPWK,385XUCFVXXF240SD23DC3P25S8PV4R,Questions about Images,Answer questions about English conversations.,language research fun cognitive science university,$0.45,Wed Apr 10 09:08:20 PDT 2019,9,0,0,9,Reviewable,NotReviewed,1 cond,1800,60000,Fri May 10 09:08:20 PDT 2019,https://requester.mturk.com/mturk/manageHIT?HITId=3H6W48L9F4KHIR5JW55F7A3O84OPWK,3GNCZX450JJNYY09M2EPE42MV9SAPD,5,Approved,Thu Apr 11 02:06:32 PDT 2019,Wed Apr 10 09:09:05 PDT 2019,Wed Apr 10 09:26:32 PDT 2019,Thu Apr 11 02:06:58 PDT 2019,,,,,[],1.3281666666666667
5,NA,mutual_understanding,322,232,212,3sameNANA,66120,3,18,NA,same,red,0.65,english,1,Male,33,N/A,Yes,2,Windows,768,1366,Chrome,3H6W48L9F4KHIR5JW55F7A3O84OPWK,385XUCFVXXF240SD23DC3P25S8PV4R,Questions about Images,Answer questions about English conversations.,language research fun cognitive science university,$0.45,Wed Apr 10 09:08:20 PDT 2019,9,0,0,9,Reviewable,NotReviewed,1 cond,1800,60000,Fri May 10 09:08:20 PDT 2019,https://requester.mturk.com/mturk/manageHIT?HITId=3H6W48L9F4KHIR5JW55F7A3O84OPWK,3GNCZX450JJNYY09M2EPE42MV9SAPD,5,Approved,Thu Apr 11 02:06:32 PDT 2019,Wed Apr 10 09:09:05 PDT 2019,Wed Apr 10 09:26:32 PDT 2019,Thu Apr 11 02:06:58 PDT 2019,,,,,[],1.3281666666666667
5,NA,mutual_understanding,112,223,321,2diff1NA,158111,2,19,1,diff,striped,0.65,english,1,Male,33,N/A,Yes,2,Windows,768,1366,Chrome,3H6W48L9F4KHIR5JW55F7A3O84OPWK,385XUCFVXXF240SD23DC3P25S8PV4R,Questions about Images,Answer questions about English conversations.,language research fun cognitive science university,$0.45,Wed Apr 10 09:08:20 PDT 2019,9,0,0,9,Reviewable,NotReviewed,1 cond,1800,60000,Fri May 10 09:08:20 PDT 2019,https://requester.mturk.com/mturk/manageHIT?HITId=3H6W48L9F4KHIR5JW55F7A3O84OPWK,3GNCZX450JJNYY09M2EPE42MV9SAPD,5,Approved,Thu Apr 11 02:06:32 PDT 2019,Wed Apr 10 09:09:05 PDT 2019,Wed Apr 10 09:26:32 PDT 2019,Thu Apr 11 02:06:58 PDT 2019,,,,,[],1.3281666666666667
5,NA,mutual_understanding,311,211,121,3sameNANA,382,3,20,NA,same,blue,0.6,english,1,Male,33,N/A,Yes,2,Windows,768,1366,Chrome,3H6W48L9F4KHIR5JW55F7A3O84OPWK,385XUCFVXXF240SD23DC3P25S8PV4R,Questions about Images,Answer questions about English conversations.,language research fun cognitive science university,$0.45,Wed Apr 10 09:08:20 PDT 2019,9,0,0,9,Reviewable,NotReviewed,1 cond,1800,60000,Fri May 10 09:08:20 PDT 2019,https://requester.mturk.com/mturk/manageHIT?HITId=3H6W48L9F4KHIR5JW55F7A3O84OPWK,3GNCZX450JJNYY09M2EPE42MV9SAPD,5,Approved,Thu Apr 11 02:06:32 PDT 2019,Wed Apr 10 09:09:05 PDT 2019,Wed Apr 10 09:26:32 PDT 2019,Thu Apr 11 02:06:58 PDT 2019,,,,,[],1.3281666666666667
6,2,mutual_understanding,333,233,231,3diff12,290712,3,6,1,diff,polka-dotted,0.1,english,2,Female,36,,Yes,3,Windows,768,1366,Chrome,3H6W48L9F4KHIR5JW55F7A3O84OPWK,385XUCFVXXF240SD23DC3P25S8PV4R,Questions about Images,Answer questions about English conversations.,language research fun cognitive science university,$0.45,Wed Apr 10 09:08:20 PDT 2019,9,0,0,9,Reviewable,NotReviewed,1 cond,1800,60000,Fri May 10 09:08:20 PDT 2019,https://requester.mturk.com/mturk/manageHIT?HITId=3H6W48L9F4KHIR5JW55F7A3O84OPWK,33F859I567904R7D936G06K1R17BHA,6,Approved,Thu Apr 11 02:12:34 PDT 2019,Wed Apr 10 09:23:54 PDT 2019,Wed Apr 10 09:32:34 PDT 2019,Thu Apr 11 02:12:58 PDT 2019,,,,,[],3.9587333333333334
6,NA,mutual_understanding,331,231,112,1sameNANA,11980,1,7,NA,same,red,0.95,english,2,Female,36,,Yes,3,Windows,768,1366,Chrome,3H6W48L9F4KHIR5JW55F7A3O84OPWK,385XUCFVXXF240SD23DC3P25S8PV4R,Questions about Images,Answer questions about English conversations.,language research fun cognitive science university,$0.45,Wed Apr 10 09:08:20 PDT 2019,9,0,0,9,Reviewable,NotReviewed,1 cond,1800,60000,Fri May 10 09:08:20 PDT 2019,https://requester.mturk.com/mturk/manageHIT?HITId=3H6W48L9F4KHIR5JW55F7A3O84OPWK,33F859I567904R7D936G06K1R17BHA,6,Approved,Thu Apr 11 02:12:34 PDT 2019,Wed Apr 10 09:23:54 PDT 2019,Wed Apr 10 09:32:34 PDT 2019,Thu Apr 11 02:12:58 PDT 2019,,,,,[],3.9587333333333334
6,1,mutual_understanding,121,321,311,3diff21,1522,3,8,2,diff,blue,0.15,english,2,Female,36,,Yes,3,Windows,768,1366,Chrome,3H6W48L9F4KHIR5JW55F7A3O84OPWK,385XUCFVXXF240SD23DC3P25S8PV4R,Questions about Images,Answer questions about English conversations.,language research fun cognitive science university,$0.45,Wed Apr 10 09:08:20 PDT 2019,9,0,0,9,Reviewable,NotReviewed,1 cond,1800,60000,Fri May 10 09:08:20 PDT 2019,https://requester.mturk.com/mturk/manageHIT?HITId=3H6W48L9F4KHIR5JW55F7A3O84OPWK,33F859I567904R7D936G06K1R17BHA,6,Approved,Thu Apr 11 02:12:34 PDT 2019,Wed Apr 10 09:23:54 PDT 2019,Wed Apr 10 09:32:34 PDT 2019,Thu Apr 11 02:12:58 PDT 2019,,,,,[],3.9587333333333334
6,NA,mutual_understanding,232,113,133,2diff2NA,219380,2,9,2,diff,green,0.2,english,2,Female,36,,Yes,3,Windows,768,1366,Chrome,3H6W48L9F4KHIR5JW55F7A3O84OPWK,385XUCFVXXF240SD23DC3P25S8PV4R,Questions about Images,Answer questions about English conversations.,language research fun cognitive science university,$0.45,Wed Apr 10 09:08:20 PDT 2019,9,0,0,9,Reviewable,NotReviewed,1 cond,1800,60000,Fri May 10 09:08:20 PDT 2019,https://requester.mturk.com/mturk/manageHIT?HITId=3H6W48L9F4KHIR5JW55F7A3O84OPWK,33F859I567904R7D936G06K1R17BHA,6,Approved,Thu Apr 11 02:12:34 PDT 2019,Wed Apr 10 09:23:54 PDT 2019,Wed Apr 10 09:32:34 PDT 2019,Thu Apr 11 02:12:58 PDT 2019,,,,,[],3.9587333333333334
6,2,mutual_understanding,223,322,323,3diff22,201670,3,10,2,diff,striped,0.1,english,2,Female,36,,Yes,3,Windows,768,1366,Chrome,3H6W48L9F4KHIR5JW55F7A3O84OPWK,385XUCFVXXF240SD23DC3P25S8PV4R,Questions about Images,Answer questions about English conversations.,language research fun cognitive science university,$0.45,Wed Apr 10 09:08:20 PDT 2019,9,0,0,9,Reviewable,NotReviewed,1 cond,1800,60000,Fri May 10 09:08:20 PDT 2019,https://requester.mturk.com/mturk/manageHIT?HITId=3H6W48L9F4KHIR5JW55F7A3O84OPWK,33F859I567904R7D936G06K1R17BHA,6,Approved,Thu Apr 11 02:12:34 PDT 2019,Wed Apr 10 09:23:54 PDT 2019,Wed Apr 10 09:32:34 PDT 2019,Thu Apr 11 02:12:58 PDT 2019,,,,,[],3.9587333333333334
6,NA,mutual_understanding,221,321,331,3sameNANA,7082,3,11,NA,same,blue,0.15,english,2,Female,36,,Yes,3,Windows,768,1366,Chrome,3H6W48L9F4KHIR5JW55F7A3O84OPWK,385XUCFVXXF240SD23DC3P25S8PV4R,Questions about Images,Answer questions about English conversations.,language research fun cognitive science university,$0.45,Wed Apr 10 09:08:20 PDT 2019,9,0,0,9,Reviewable,NotReviewed,1 cond,1800,60000,Fri May 10 09:08:20 PDT 2019,https://requester.mturk.com/mturk/manageHIT?HITId=3H6W48L9F4KHIR5JW55F7A3O84OPWK,33F859I567904R7D936G06K1R17BHA,6,Approved,Thu Apr 11 02:12:34 PDT 2019,Wed Apr 10 09:23:54 PDT 2019,Wed Apr 10 09:32:34 PDT 2019,Thu Apr 11 02:12:58 PDT 2019,,,,,[],3.9587333333333334
6,NA,mutual_understanding,211,312,132,2diff1NA,51180,2,12,1,diff,red,0.1,english,2,Female,36,,Yes,3,Windows,768,1366,Chrome,3H6W48L9F4KHIR5JW55F7A3O84OPWK,385XUCFVXXF240SD23DC3P25S8PV4R,Questions about Images,Answer questions about English conversations.,language research fun cognitive science university,$0.45,Wed Apr 10 09:08:20 PDT 2019,9,0,0,9,Reviewable,NotReviewed,1 cond,1800,60000,Fri May 10 09:08:20 PDT 2019,https://requester.mturk.com/mturk/manageHIT?HITId=3H6W48L9F4KHIR5JW55F7A3O84OPWK,33F859I567904R7D936G06K1R17BHA,6,Approved,Thu Apr 11 02:12:34 PDT 2019,Wed Apr 10 09:23:54 PDT 2019,Wed Apr 10 09:32:34 PDT 2019,Thu Apr 11 02:12:58 PDT 2019,,,,,[],3.9587333333333334
6,1,mutual_understanding,331,121,211,3diff11,6022,3,13,1,diff,blue,0.1,english,2,Female,36,,Yes,3,Windows,768,1366,Chrome,3H6W48L9F4KHIR5JW55F7A3O84OPWK,385XUCFVXXF240SD23DC3P25S8PV4R,Questions about Images,Answer questions about English conversations.,language research fun cognitive science university,$0.45,Wed Apr 10 09:08:20 PDT 2019,9,0,0,9,Reviewable,NotReviewed,1 cond,1800,60000,Fri May 10 09:08:20 PDT 2019,https://requester.mturk.com/mturk/manageHIT?HITId=3H6W48L9F4KHIR5JW55F7A3O84OPWK,33F859I567904R7D936G06K1R17BHA,6,Approved,Thu Apr 11 02:12:34 PDT 2019,Wed Apr 10 09:23:54 PDT 2019,Wed Apr 10 09:32:34 PDT 2019,Thu Apr 11 02:12:58 PDT 2019,,,,,[],3.9587333333333334
6,NA,mutual_understanding,323,222,131,1sameNANA,185510,1,14,NA,same,polka-dotted,0.9,english,2,Female,36,,Yes,3,Windows,768,1366,Chrome,3H6W48L9F4KHIR5JW55F7A3O84OPWK,385XUCFVXXF240SD23DC3P25S8PV4R,Questions about Images,Answer questions about English conversations.,language research fun cognitive science university,$0.45,Wed Apr 10 09:08:20 PDT 2019,9,0,0,9,Reviewable,NotReviewed,1 cond,1800,60000,Fri May 10 09:08:20 PDT 2019,https://requester.mturk.com/mturk/manageHIT?HITId=3H6W48L9F4KHIR5JW55F7A3O84OPWK,33F859I567904R7D936G06K1R17BHA,6,Approved,Thu Apr 11 02:12:34 PDT 2019,Wed Apr 10 09:23:54 PDT 2019,Wed Apr 10 09:32:34 PDT 2019,Thu Apr 11 02:12:58 PDT 2019,,,,,[],3.9587333333333334
6,NA,mutual_understanding,312,213,212,3sameNANA,103410,3,15,NA,same,solid,0.1,english,2,Female,36,,Yes,3,Windows,768,1366,Chrome,3H6W48L9F4KHIR5JW55F7A3O84OPWK,385XUCFVXXF240SD23DC3P25S8PV4R,Questions about Images,Answer questions about English conversations.,language research fun cognitive science university,$0.45,Wed Apr 10 09:08:20 PDT 2019,9,0,0,9,Reviewable,NotReviewed,1 cond,1800,60000,Fri May 10 09:08:20 PDT 2019,https://requester.mturk.com/mturk/manageHIT?HITId=3H6W48L9F4KHIR5JW55F7A3O84OPWK,33F859I567904R7D936G06K1R17BHA,6,Approved,Thu Apr 11 02:12:34 PDT 2019,Wed Apr 10 09:23:54 PDT 2019,Wed Apr 10 09:32:34 PDT 2019,Thu Apr 11 02:12:58 PDT 2019,,,,,[],3.9587333333333334
6,NA,mutual_understanding,232,111,311,2sameNANA,56141,2,16,NA,same,solid,0.15,english,2,Female,36,,Yes,3,Windows,768,1366,Chrome,3H6W48L9F4KHIR5JW55F7A3O84OPWK,385XUCFVXXF240SD23DC3P25S8PV4R,Questions about Images,Answer questions about English conversations.,language research fun cognitive science university,$0.45,Wed Apr 10 09:08:20 PDT 2019,9,0,0,9,Reviewable,NotReviewed,1 cond,1800,60000,Fri May 10 09:08:20 PDT 2019,https://requester.mturk.com/mturk/manageHIT?HITId=3H6W48L9F4KHIR5JW55F7A3O84OPWK,33F859I567904R7D936G06K1R17BHA,6,Approved,Thu Apr 11 02:12:34 PDT 2019,Wed Apr 10 09:23:54 PDT 2019,Wed Apr 10 09:32:34 PDT 2019,Thu Apr 11 02:12:58 PDT 2019,,,,,[],3.9587333333333334
6,NA,mutual_understanding,123,311,331,2sameNANA,136031,2,17,NA,same,square,0.15,english,2,Female,36,,Yes,3,Windows,768,1366,Chrome,3H6W48L9F4KHIR5JW55F7A3O84OPWK,385XUCFVXXF240SD23DC3P25S8PV4R,Questions about Images,Answer questions about English conversations.,language research fun cognitive science university,$0.45,Wed Apr 10 09:08:20 PDT 2019,9,0,0,9,Reviewable,NotReviewed,1 cond,1800,60000,Fri May 10 09:08:20 PDT 2019,https://requester.mturk.com/mturk/manageHIT?HITId=3H6W48L9F4KHIR5JW55F7A3O84OPWK,33F859I567904R7D936G06K1R17BHA,6,Approved,Thu Apr 11 02:12:34 PDT 2019,Wed Apr 10 09:23:54 PDT 2019,Wed Apr 10 09:32:34 PDT 2019,Thu Apr 11 02:12:58 PDT 2019,,,,,[],3.9587333333333334
6,NA,mutual_understanding,332,121,231,2sameNANA,70451,2,18,NA,same,blue,0.1,english,2,Female,36,,Yes,3,Windows,768,1366,Chrome,3H6W48L9F4KHIR5JW55F7A3O84OPWK,385XUCFVXXF240SD23DC3P25S8PV4R,Questions about Images,Answer questions about English conversations.,language research fun cognitive science university,$0.45,Wed Apr 10 09:08:20 PDT 2019,9,0,0,9,Reviewable,NotReviewed,1 cond,1800,60000,Fri May 10 09:08:20 PDT 2019,https://requester.mturk.com/mturk/manageHIT?HITId=3H6W48L9F4KHIR5JW55F7A3O84OPWK,33F859I567904R7D936G06K1R17BHA,6,Approved,Thu Apr 11 02:12:34 PDT 2019,Wed Apr 10 09:23:54 PDT 2019,Wed Apr 10 09:32:34 PDT 2019,Thu Apr 11 02:12:58 PDT 2019,,,,,[],3.9587333333333334
6,NA,mutual_understanding,321,121,122,3sameNANA,23372,3,19,NA,same,striped,0,english,2,Female,36,,Yes,3,Windows,768,1366,Chrome,3H6W48L9F4KHIR5JW55F7A3O84OPWK,385XUCFVXXF240SD23DC3P25S8PV4R,Questions about Images,Answer questions about English conversations.,language research fun cognitive science university,$0.45,Wed Apr 10 09:08:20 PDT 2019,9,0,0,9,Reviewable,NotReviewed,1 cond,1800,60000,Fri May 10 09:08:20 PDT 2019,https://requester.mturk.com/mturk/manageHIT?HITId=3H6W48L9F4KHIR5JW55F7A3O84OPWK,33F859I567904R7D936G06K1R17BHA,6,Approved,Thu Apr 11 02:12:34 PDT 2019,Wed Apr 10 09:23:54 PDT 2019,Wed Apr 10 09:32:34 PDT 2019,Thu Apr 11 02:12:58 PDT 2019,,,,,[],3.9587333333333334
6,NA,mutual_understanding,213,312,322,1sameNANA,107140,1,20,NA,same,striped,0.9,english,2,Female,36,,Yes,3,Windows,768,1366,Chrome,3H6W48L9F4KHIR5JW55F7A3O84OPWK,385XUCFVXXF240SD23DC3P25S8PV4R,Questions about Images,Answer questions about English conversations.,language research fun cognitive science university,$0.45,Wed Apr 10 09:08:20 PDT 2019,9,0,0,9,Reviewable,NotReviewed,1 cond,1800,60000,Fri May 10 09:08:20 PDT 2019,https://requester.mturk.com/mturk/manageHIT?HITId=3H6W48L9F4KHIR5JW55F7A3O84OPWK,33F859I567904R7D936G06K1R17BHA,6,Approved,Thu Apr 11 02:12:34 PDT 2019,Wed Apr 10 09:23:54 PDT 2019,Wed Apr 10 09:32:34 PDT 2019,Thu Apr 11 02:12:58 PDT 2019,,,,,[],3.9587333333333334
7,NA,mutual_understanding,313,222,321,2sameNANA,122310,2,6,NA,same,striped,0.75,enlish,1,Male,29,,Yes,2,Windows,615,1093,Chrome,3H6W48L9F4KHIR5JW55F7A3O84OPWK,385XUCFVXXF240SD23DC3P25S8PV4R,Questions about Images,Answer questions about English conversations.,language research fun cognitive science university,$0.45,Wed Apr 10 09:08:20 PDT 2019,9,0,0,9,Reviewable,NotReviewed,1 cond,1800,60000,Fri May 10 09:08:20 PDT 2019,https://requester.mturk.com/mturk/manageHIT?HITId=3H6W48L9F4KHIR5JW55F7A3O84OPWK,3FE7TXL1LJJJT76K900Z8R9YOHM2QP,7,Approved,Thu Apr 11 02:16:29 PDT 2019,Wed Apr 10 09:19:42 PDT 2019,Wed Apr 10 09:36:29 PDT 2019,Thu Apr 11 02:16:58 PDT 2019,,,,,[],2.9453833333333335
7,NA,mutual_understanding,312,311,133,1sameNANA,208170,1,7,NA,same,polka-dotted,0.8,enlish,1,Male,29,,Yes,2,Windows,615,1093,Chrome,3H6W48L9F4KHIR5JW55F7A3O84OPWK,385XUCFVXXF240SD23DC3P25S8PV4R,Questions about Images,Answer questions about English conversations.,language research fun cognitive science university,$0.45,Wed Apr 10 09:08:20 PDT 2019,9,0,0,9,Reviewable,NotReviewed,1 cond,1800,60000,Fri May 10 09:08:20 PDT 2019,https://requester.mturk.com/mturk/manageHIT?HITId=3H6W48L9F4KHIR5JW55F7A3O84OPWK,3FE7TXL1LJJJT76K900Z8R9YOHM2QP,7,Approved,Thu Apr 11 02:16:29 PDT 2019,Wed Apr 10 09:19:42 PDT 2019,Wed Apr 10 09:36:29 PDT 2019,Thu Apr 11 02:16:58 PDT 2019,,,,,[],2.9453833333333335
7,NA,mutual_understanding,313,112,121,2diff1NA,117901,2,8,1,diff,cloud,0.1,enlish,1,Male,29,,Yes,2,Windows,615,1093,Chrome,3H6W48L9F4KHIR5JW55F7A3O84OPWK,385XUCFVXXF240SD23DC3P25S8PV4R,Questions about Images,Answer questions about English conversations.,language research fun cognitive science university,$0.45,Wed Apr 10 09:08:20 PDT 2019,9,0,0,9,Reviewable,NotReviewed,1 cond,1800,60000,Fri May 10 09:08:20 PDT 2019,https://requester.mturk.com/mturk/manageHIT?HITId=3H6W48L9F4KHIR5JW55F7A3O84OPWK,3FE7TXL1LJJJT76K900Z8R9YOHM2QP,7,Approved,Thu Apr 11 02:16:29 PDT 2019,Wed Apr 10 09:19:42 PDT 2019,Wed Apr 10 09:36:29 PDT 2019,Thu Apr 11 02:16:58 PDT 2019,,,,,[],2.9453833333333335
7,NA,mutual_understanding,333,313,213,3sameNANA,280920,3,9,NA,same,green,0.85,enlish,1,Male,29,,Yes,2,Windows,615,1093,Chrome,3H6W48L9F4KHIR5JW55F7A3O84OPWK,385XUCFVXXF240SD23DC3P25S8PV4R,Questions about Images,Answer questions about English conversations.,language research fun cognitive science university,$0.45,Wed Apr 10 09:08:20 PDT 2019,9,0,0,9,Reviewable,NotReviewed,1 cond,1800,60000,Fri May 10 09:08:20 PDT 2019,https://requester.mturk.com/mturk/manageHIT?HITId=3H6W48L9F4KHIR5JW55F7A3O84OPWK,3FE7TXL1LJJJT76K900Z8R9YOHM2QP,7,Approved,Thu Apr 11 02:16:29 PDT 2019,Wed Apr 10 09:19:42 PDT 2019,Wed Apr 10 09:36:29 PDT 2019,Thu Apr 11 02:16:58 PDT 2019,,,,,[],2.9453833333333335
7,NA,mutual_understanding,213,312,311,3sameNANA,102610,3,10,NA,same,solid,0.8,enlish,1,Male,29,,Yes,2,Windows,615,1093,Chrome,3H6W48L9F4KHIR5JW55F7A3O84OPWK,385XUCFVXXF240SD23DC3P25S8PV4R,Questions about Images,Answer questions about English conversations.,language research fun cognitive science university,$0.45,Wed Apr 10 09:08:20 PDT 2019,9,0,0,9,Reviewable,NotReviewed,1 cond,1800,60000,Fri May 10 09:08:20 PDT 2019,https://requester.mturk.com/mturk/manageHIT?HITId=3H6W48L9F4KHIR5JW55F7A3O84OPWK,3FE7TXL1LJJJT76K900Z8R9YOHM2QP,7,Approved,Thu Apr 11 02:16:29 PDT 2019,Wed Apr 10 09:19:42 PDT 2019,Wed Apr 10 09:36:29 PDT 2019,Thu Apr 11 02:16:58 PDT 2019,,,,,[],2.9453833333333335
7,2,mutual_understanding,211,233,231,3diff22,232232,3,11,2,diff,circle,0.15,enlish,1,Male,29,,Yes,2,Windows,615,1093,Chrome,3H6W48L9F4KHIR5JW55F7A3O84OPWK,385XUCFVXXF240SD23DC3P25S8PV4R,Questions about Images,Answer questions about English conversations.,language research fun cognitive science university,$0.45,Wed Apr 10 09:08:20 PDT 2019,9,0,0,9,Reviewable,NotReviewed,1 cond,1800,60000,Fri May 10 09:08:20 PDT 2019,https://requester.mturk.com/mturk/manageHIT?HITId=3H6W48L9F4KHIR5JW55F7A3O84OPWK,3FE7TXL1LJJJT76K900Z8R9YOHM2QP,7,Approved,Thu Apr 11 02:16:29 PDT 2019,Wed Apr 10 09:19:42 PDT 2019,Wed Apr 10 09:36:29 PDT 2019,Thu Apr 11 02:16:58 PDT 2019,,,,,[],2.9453833333333335
7,NA,mutual_understanding,333,313,312,2sameNANA,280110,2,12,NA,same,solid,0.85,enlish,1,Male,29,,Yes,2,Windows,615,1093,Chrome,3H6W48L9F4KHIR5JW55F7A3O84OPWK,385XUCFVXXF240SD23DC3P25S8PV4R,Questions about Images,Answer questions about English conversations.,language research fun cognitive science university,$0.45,Wed Apr 10 09:08:20 PDT 2019,9,0,0,9,Reviewable,NotReviewed,1 cond,1800,60000,Fri May 10 09:08:20 PDT 2019,https://requester.mturk.com/mturk/manageHIT?HITId=3H6W48L9F4KHIR5JW55F7A3O84OPWK,3FE7TXL1LJJJT76K900Z8R9YOHM2QP,7,Approved,Thu Apr 11 02:16:29 PDT 2019,Wed Apr 10 09:19:42 PDT 2019,Wed Apr 10 09:36:29 PDT 2019,Thu Apr 11 02:16:58 PDT 2019,,,,,[],2.9453833333333335
7,NA,mutual_understanding,331,111,131,3sameNANA,7151,3,13,NA,same,blue,0.8,enlish,1,Male,29,,Yes,2,Windows,615,1093,Chrome,3H6W48L9F4KHIR5JW55F7A3O84OPWK,385XUCFVXXF240SD23DC3P25S8PV4R,Questions about Images,Answer questions about English conversations.,language research fun cognitive science university,$0.45,Wed Apr 10 09:08:20 PDT 2019,9,0,0,9,Reviewable,NotReviewed,1 cond,1800,60000,Fri May 10 09:08:20 PDT 2019,https://requester.mturk.com/mturk/manageHIT?HITId=3H6W48L9F4KHIR5JW55F7A3O84OPWK,3FE7TXL1LJJJT76K900Z8R9YOHM2QP,7,Approved,Thu Apr 11 02:16:29 PDT 2019,Wed Apr 10 09:19:42 PDT 2019,Wed Apr 10 09:36:29 PDT 2019,Thu Apr 11 02:16:58 PDT 2019,,,,,[],2.9453833333333335
7,NA,mutual_understanding,232,312,333,2sameNANA,273161,2,14,NA,same,square,0.9,enlish,1,Male,29,,Yes,2,Windows,615,1093,Chrome,3H6W48L9F4KHIR5JW55F7A3O84OPWK,385XUCFVXXF240SD23DC3P25S8PV4R,Questions about Images,Answer questions about English conversations.,language research fun cognitive science university,$0.45,Wed Apr 10 09:08:20 PDT 2019,9,0,0,9,Reviewable,NotReviewed,1 cond,1800,60000,Fri May 10 09:08:20 PDT 2019,https://requester.mturk.com/mturk/manageHIT?HITId=3H6W48L9F4KHIR5JW55F7A3O84OPWK,3FE7TXL1LJJJT76K900Z8R9YOHM2QP,7,Approved,Thu Apr 11 02:16:29 PDT 2019,Wed Apr 10 09:19:42 PDT 2019,Wed Apr 10 09:36:29 PDT 2019,Thu Apr 11 02:16:58 PDT 2019,,,,,[],2.9453833333333335
7,2,mutual_understanding,233,133,131,3diff12,258212,3,15,1,diff,polka-dotted,0.15,enlish,1,Male,29,,Yes,2,Windows,615,1093,Chrome,3H6W48L9F4KHIR5JW55F7A3O84OPWK,385XUCFVXXF240SD23DC3P25S8PV4R,Questions about Images,Answer questions about English conversations.,language research fun cognitive science university,$0.45,Wed Apr 10 09:08:20 PDT 2019,9,0,0,9,Reviewable,NotReviewed,1 cond,1800,60000,Fri May 10 09:08:20 PDT 2019,https://requester.mturk.com/mturk/manageHIT?HITId=3H6W48L9F4KHIR5JW55F7A3O84OPWK,3FE7TXL1LJJJT76K900Z8R9YOHM2QP,7,Approved,Thu Apr 11 02:16:29 PDT 2019,Wed Apr 10 09:19:42 PDT 2019,Wed Apr 10 09:36:29 PDT 2019,Thu Apr 11 02:16:58 PDT 2019,,,,,[],2.9453833333333335
7,NA,mutual_understanding,222,112,312,2diff2NA,35040,2,16,2,diff,solid,0.15,enlish,1,Male,29,,Yes,2,Windows,615,1093,Chrome,3H6W48L9F4KHIR5JW55F7A3O84OPWK,385XUCFVXXF240SD23DC3P25S8PV4R,Questions about Images,Answer questions about English conversations.,language research fun cognitive science university,$0.45,Wed Apr 10 09:08:20 PDT 2019,9,0,0,9,Reviewable,NotReviewed,1 cond,1800,60000,Fri May 10 09:08:20 PDT 2019,https://requester.mturk.com/mturk/manageHIT?HITId=3H6W48L9F4KHIR5JW55F7A3O84OPWK,3FE7TXL1LJJJT76K900Z8R9YOHM2QP,7,Approved,Thu Apr 11 02:16:29 PDT 2019,Wed Apr 10 09:19:42 PDT 2019,Wed Apr 10 09:36:29 PDT 2019,Thu Apr 11 02:16:58 PDT 2019,,,,,[],2.9453833333333335
7,1,mutual_understanding,233,232,131,3diff11,242611,3,17,1,diff,polka-dotted,0.15,enlish,1,Male,29,,Yes,2,Windows,615,1093,Chrome,3H6W48L9F4KHIR5JW55F7A3O84OPWK,385XUCFVXXF240SD23DC3P25S8PV4R,Questions about Images,Answer questions about English conversations.,language research fun cognitive science university,$0.45,Wed Apr 10 09:08:20 PDT 2019,9,0,0,9,Reviewable,NotReviewed,1 cond,1800,60000,Fri May 10 09:08:20 PDT 2019,https://requester.mturk.com/mturk/manageHIT?HITId=3H6W48L9F4KHIR5JW55F7A3O84OPWK,3FE7TXL1LJJJT76K900Z8R9YOHM2QP,7,Approved,Thu Apr 11 02:16:29 PDT 2019,Wed Apr 10 09:19:42 PDT 2019,Wed Apr 10 09:36:29 PDT 2019,Thu Apr 11 02:16:58 PDT 2019,,,,,[],2.9453833333333335
7,NA,mutual_understanding,221,232,333,1sameNANA,272460,1,18,NA,same,square,0.9,enlish,1,Male,29,,Yes,2,Windows,615,1093,Chrome,3H6W48L9F4KHIR5JW55F7A3O84OPWK,385XUCFVXXF240SD23DC3P25S8PV4R,Questions about Images,Answer questions about English conversations.,language research fun cognitive science university,$0.45,Wed Apr 10 09:08:20 PDT 2019,9,0,0,9,Reviewable,NotReviewed,1 cond,1800,60000,Fri May 10 09:08:20 PDT 2019,https://requester.mturk.com/mturk/manageHIT?HITId=3H6W48L9F4KHIR5JW55F7A3O84OPWK,3FE7TXL1LJJJT76K900Z8R9YOHM2QP,7,Approved,Thu Apr 11 02:16:29 PDT 2019,Wed Apr 10 09:19:42 PDT 2019,Wed Apr 10 09:36:29 PDT 2019,Thu Apr 11 02:16:58 PDT 2019,,,,,[],2.9453833333333335
7,NA,mutual_understanding,333,112,222,1sameNANA,268730,1,19,NA,same,circle,0.8,enlish,1,Male,29,,Yes,2,Windows,615,1093,Chrome,3H6W48L9F4KHIR5JW55F7A3O84OPWK,385XUCFVXXF240SD23DC3P25S8PV4R,Questions about Images,Answer questions about English conversations.,language research fun cognitive science university,$0.45,Wed Apr 10 09:08:20 PDT 2019,9,0,0,9,Reviewable,NotReviewed,1 cond,1800,60000,Fri May 10 09:08:20 PDT 2019,https://requester.mturk.com/mturk/manageHIT?HITId=3H6W48L9F4KHIR5JW55F7A3O84OPWK,3FE7TXL1LJJJT76K900Z8R9YOHM2QP,7,Approved,Thu Apr 11 02:16:29 PDT 2019,Wed Apr 10 09:19:42 PDT 2019,Wed Apr 10 09:36:29 PDT 2019,Thu Apr 11 02:16:58 PDT 2019,,,,,[],2.9453833333333335
7,1,mutual_understanding,233,213,113,3diff21,248921,3,20,2,diff,green,0.2,enlish,1,Male,29,,Yes,2,Windows,615,1093,Chrome,3H6W48L9F4KHIR5JW55F7A3O84OPWK,385XUCFVXXF240SD23DC3P25S8PV4R,Questions about Images,Answer questions about English conversations.,language research fun cognitive science university,$0.45,Wed Apr 10 09:08:20 PDT 2019,9,0,0,9,Reviewable,NotReviewed,1 cond,1800,60000,Fri May 10 09:08:20 PDT 2019,https://requester.mturk.com/mturk/manageHIT?HITId=3H6W48L9F4KHIR5JW55F7A3O84OPWK,3FE7TXL1LJJJT76K900Z8R9YOHM2QP,7,Approved,Thu Apr 11 02:16:29 PDT 2019,Wed Apr 10 09:19:42 PDT 2019,Wed Apr 10 09:36:29 PDT 2019,Thu Apr 11 02:16:58 PDT 2019,,,,,[],2.9453833333333335
8,NA,mutual_understanding,213,321,221,2diff2NA,98311,2,6,2,diff,striped,0.35,English,2,Male,33,No comments,Yes,3,Windows,1440,2560,Chrome,3H6W48L9F4KHIR5JW55F7A3O84OPWK,385XUCFVXXF240SD23DC3P25S8PV4R,Questions about Images,Answer questions about English conversations.,language research fun cognitive science university,$0.45,Wed Apr 10 09:08:20 PDT 2019,9,0,0,9,Reviewable,NotReviewed,1 cond,1800,60000,Fri May 10 09:08:20 PDT 2019,https://requester.mturk.com/mturk/manageHIT?HITId=3H6W48L9F4KHIR5JW55F7A3O84OPWK,34V1S5K3GTX1J98ZF01GC90LUNP96Y,8,Approved,Thu Apr 11 02:20:15 PDT 2019,Wed Apr 10 09:27:26 PDT 2019,Wed Apr 10 09:40:15 PDT 2019,Thu Apr 11 02:20:58 PDT 2019,,,,,[],5.193966666666666
8,NA,mutual_understanding,333,233,223,3sameNANA,292220,3,7,NA,same,green,0.4,English,2,Male,33,No comments,Yes,3,Windows,1440,2560,Chrome,3H6W48L9F4KHIR5JW55F7A3O84OPWK,385XUCFVXXF240SD23DC3P25S8PV4R,Questions about Images,Answer questions about English conversations.,language research fun cognitive science university,$0.45,Wed Apr 10 09:08:20 PDT 2019,9,0,0,9,Reviewable,NotReviewed,1 cond,1800,60000,Fri May 10 09:08:20 PDT 2019,https://requester.mturk.com/mturk/manageHIT?HITId=3H6W48L9F4KHIR5JW55F7A3O84OPWK,34V1S5K3GTX1J98ZF01GC90LUNP96Y,8,Approved,Thu Apr 11 02:20:15 PDT 2019,Wed Apr 10 09:27:26 PDT 2019,Wed Apr 10 09:40:15 PDT 2019,Thu Apr 11 02:20:58 PDT 2019,,,,,[],5.193966666666666
8,NA,mutual_understanding,323,223,122,1sameNANA,201400,1,8,NA,same,cloud,1,English,2,Male,33,No comments,Yes,3,Windows,1440,2560,Chrome,3H6W48L9F4KHIR5JW55F7A3O84OPWK,385XUCFVXXF240SD23DC3P25S8PV4R,Questions about Images,Answer questions about English conversations.,language research fun cognitive science university,$0.45,Wed Apr 10 09:08:20 PDT 2019,9,0,0,9,Reviewable,NotReviewed,1 cond,1800,60000,Fri May 10 09:08:20 PDT 2019,https://requester.mturk.com/mturk/manageHIT?HITId=3H6W48L9F4KHIR5JW55F7A3O84OPWK,34V1S5K3GTX1J98ZF01GC90LUNP96Y,8,Approved,Thu Apr 11 02:20:15 PDT 2019,Wed Apr 10 09:27:26 PDT 2019,Wed Apr 10 09:40:15 PDT 2019,Thu Apr 11 02:20:58 PDT 2019,,,,,[],5.193966666666666
8,NA,mutual_understanding,232,212,113,1sameNANA,94680,1,9,NA,same,green,1,English,2,Male,33,No comments,Yes,3,Windows,1440,2560,Chrome,3H6W48L9F4KHIR5JW55F7A3O84OPWK,385XUCFVXXF240SD23DC3P25S8PV4R,Questions about Images,Answer questions about English conversations.,language research fun cognitive science university,$0.45,Wed Apr 10 09:08:20 PDT 2019,9,0,0,9,Reviewable,NotReviewed,1 cond,1800,60000,Fri May 10 09:08:20 PDT 2019,https://requester.mturk.com/mturk/manageHIT?HITId=3H6W48L9F4KHIR5JW55F7A3O84OPWK,34V1S5K3GTX1J98ZF01GC90LUNP96Y,8,Approved,Thu Apr 11 02:20:15 PDT 2019,Wed Apr 10 09:27:26 PDT 2019,Wed Apr 10 09:40:15 PDT 2019,Thu Apr 11 02:20:58 PDT 2019,,,,,[],5.193966666666666
8,NA,mutual_understanding,132,232,222,3sameNANA,67820,3,10,NA,same,red,0.35,English,2,Male,33,No comments,Yes,3,Windows,1440,2560,Chrome,3H6W48L9F4KHIR5JW55F7A3O84OPWK,385XUCFVXXF240SD23DC3P25S8PV4R,Questions about Images,Answer questions about English conversations.,language research fun cognitive science university,$0.45,Wed Apr 10 09:08:20 PDT 2019,9,0,0,9,Reviewable,NotReviewed,1 cond,1800,60000,Fri May 10 09:08:20 PDT 2019,https://requester.mturk.com/mturk/manageHIT?HITId=3H6W48L9F4KHIR5JW55F7A3O84OPWK,34V1S5K3GTX1J98ZF01GC90LUNP96Y,8,Approved,Thu Apr 11 02:20:15 PDT 2019,Wed Apr 10 09:27:26 PDT 2019,Wed Apr 10 09:40:15 PDT 2019,Thu Apr 11 02:20:58 PDT 2019,,,,,[],5.193966666666666
8,NA,mutual_understanding,121,322,321,2sameNANA,37730,2,11,NA,same,square,0.55,English,2,Male,33,No comments,Yes,3,Windows,1440,2560,Chrome,3H6W48L9F4KHIR5JW55F7A3O84OPWK,385XUCFVXXF240SD23DC3P25S8PV4R,Questions about Images,Answer questions about English conversations.,language research fun cognitive science university,$0.45,Wed Apr 10 09:08:20 PDT 2019,9,0,0,9,Reviewable,NotReviewed,1 cond,1800,60000,Fri May 10 09:08:20 PDT 2019,https://requester.mturk.com/mturk/manageHIT?HITId=3H6W48L9F4KHIR5JW55F7A3O84OPWK,34V1S5K3GTX1J98ZF01GC90LUNP96Y,8,Approved,Thu Apr 11 02:20:15 PDT 2019,Wed Apr 10 09:27:26 PDT 2019,Wed Apr 10 09:40:15 PDT 2019,Thu Apr 11 02:20:58 PDT 2019,,,,,[],5.193966666666666
8,NA,mutual_understanding,211,232,331,2sameNANA,58940,2,12,NA,same,polka-dotted,0.55,English,2,Male,33,No comments,Yes,3,Windows,1440,2560,Chrome,3H6W48L9F4KHIR5JW55F7A3O84OPWK,385XUCFVXXF240SD23DC3P25S8PV4R,Questions about Images,Answer questions about English conversations.,language research fun cognitive science university,$0.45,Wed Apr 10 09:08:20 PDT 2019,9,0,0,9,Reviewable,NotReviewed,1 cond,1800,60000,Fri May 10 09:08:20 PDT 2019,https://requester.mturk.com/mturk/manageHIT?HITId=3H6W48L9F4KHIR5JW55F7A3O84OPWK,34V1S5K3GTX1J98ZF01GC90LUNP96Y,8,Approved,Thu Apr 11 02:20:15 PDT 2019,Wed Apr 10 09:27:26 PDT 2019,Wed Apr 10 09:40:15 PDT 2019,Thu Apr 11 02:20:58 PDT 2019,,,,,[],5.193966666666666
8,1,mutual_understanding,212,211,113,3diff11,86270,3,13,1,diff,solid,0.15,English,2,Male,33,No comments,Yes,3,Windows,1440,2560,Chrome,3H6W48L9F4KHIR5JW55F7A3O84OPWK,385XUCFVXXF240SD23DC3P25S8PV4R,Questions about Images,Answer questions about English conversations.,language research fun cognitive science university,$0.45,Wed Apr 10 09:08:20 PDT 2019,9,0,0,9,Reviewable,NotReviewed,1 cond,1800,60000,Fri May 10 09:08:20 PDT 2019,https://requester.mturk.com/mturk/manageHIT?HITId=3H6W48L9F4KHIR5JW55F7A3O84OPWK,34V1S5K3GTX1J98ZF01GC90LUNP96Y,8,Approved,Thu Apr 11 02:20:15 PDT 2019,Wed Apr 10 09:27:26 PDT 2019,Wed Apr 10 09:40:15 PDT 2019,Thu Apr 11 02:20:58 PDT 2019,,,,,[],5.193966666666666
8,1,mutual_understanding,221,211,111,3diff21,421,3,14,2,diff,blue,0.4,English,2,Male,33,No comments,Yes,3,Windows,1440,2560,Chrome,3H6W48L9F4KHIR5JW55F7A3O84OPWK,385XUCFVXXF240SD23DC3P25S8PV4R,Questions about Images,Answer questions about English conversations.,language research fun cognitive science university,$0.45,Wed Apr 10 09:08:20 PDT 2019,9,0,0,9,Reviewable,NotReviewed,1 cond,1800,60000,Fri May 10 09:08:20 PDT 2019,https://requester.mturk.com/mturk/manageHIT?HITId=3H6W48L9F4KHIR5JW55F7A3O84OPWK,34V1S5K3GTX1J98ZF01GC90LUNP96Y,8,Approved,Thu Apr 11 02:20:15 PDT 2019,Wed Apr 10 09:27:26 PDT 2019,Wed Apr 10 09:40:15 PDT 2019,Thu Apr 11 02:20:58 PDT 2019,,,,,[],5.193966666666666
8,NA,mutual_understanding,313,222,321,2sameNANA,122310,2,15,NA,same,striped,0.65,English,2,Male,33,No comments,Yes,3,Windows,1440,2560,Chrome,3H6W48L9F4KHIR5JW55F7A3O84OPWK,385XUCFVXXF240SD23DC3P25S8PV4R,Questions about Images,Answer questions about English conversations.,language research fun cognitive science university,$0.45,Wed Apr 10 09:08:20 PDT 2019,9,0,0,9,Reviewable,NotReviewed,1 cond,1800,60000,Fri May 10 09:08:20 PDT 2019,https://requester.mturk.com/mturk/manageHIT?HITId=3H6W48L9F4KHIR5JW55F7A3O84OPWK,34V1S5K3GTX1J98ZF01GC90LUNP96Y,8,Approved,Thu Apr 11 02:20:15 PDT 2019,Wed Apr 10 09:27:26 PDT 2019,Wed Apr 10 09:40:15 PDT 2019,Thu Apr 11 02:20:58 PDT 2019,,,,,[],5.193966666666666
8,NA,mutual_understanding,323,332,311,3sameNANA,190900,3,16,NA,same,square,0.8,English,2,Male,33,No comments,Yes,3,Windows,1440,2560,Chrome,3H6W48L9F4KHIR5JW55F7A3O84OPWK,385XUCFVXXF240SD23DC3P25S8PV4R,Questions about Images,Answer questions about English conversations.,language research fun cognitive science university,$0.45,Wed Apr 10 09:08:20 PDT 2019,9,0,0,9,Reviewable,NotReviewed,1 cond,1800,60000,Fri May 10 09:08:20 PDT 2019,https://requester.mturk.com/mturk/manageHIT?HITId=3H6W48L9F4KHIR5JW55F7A3O84OPWK,34V1S5K3GTX1J98ZF01GC90LUNP96Y,8,Approved,Thu Apr 11 02:20:15 PDT 2019,Wed Apr 10 09:27:26 PDT 2019,Wed Apr 10 09:40:15 PDT 2019,Thu Apr 11 02:20:58 PDT 2019,,,,,[],5.193966666666666
8,2,mutual_understanding,223,322,323,3diff22,201670,3,17,2,diff,striped,0.8,English,2,Male,33,No comments,Yes,3,Windows,1440,2560,Chrome,3H6W48L9F4KHIR5JW55F7A3O84OPWK,385XUCFVXXF240SD23DC3P25S8PV4R,Questions about Images,Answer questions about English conversations.,language research fun cognitive science university,$0.45,Wed Apr 10 09:08:20 PDT 2019,9,0,0,9,Reviewable,NotReviewed,1 cond,1800,60000,Fri May 10 09:08:20 PDT 2019,https://requester.mturk.com/mturk/manageHIT?HITId=3H6W48L9F4KHIR5JW55F7A3O84OPWK,34V1S5K3GTX1J98ZF01GC90LUNP96Y,8,Approved,Thu Apr 11 02:20:15 PDT 2019,Wed Apr 10 09:27:26 PDT 2019,Wed Apr 10 09:40:15 PDT 2019,Thu Apr 11 02:20:58 PDT 2019,,,,,[],5.193966666666666
8,NA,mutual_understanding,321,132,133,1sameNANA,213480,1,18,NA,same,green,1,English,2,Male,33,No comments,Yes,3,Windows,1440,2560,Chrome,3H6W48L9F4KHIR5JW55F7A3O84OPWK,385XUCFVXXF240SD23DC3P25S8PV4R,Questions about Images,Answer questions about English conversations.,language research fun cognitive science university,$0.45,Wed Apr 10 09:08:20 PDT 2019,9,0,0,9,Reviewable,NotReviewed,1 cond,1800,60000,Fri May 10 09:08:20 PDT 2019,https://requester.mturk.com/mturk/manageHIT?HITId=3H6W48L9F4KHIR5JW55F7A3O84OPWK,34V1S5K3GTX1J98ZF01GC90LUNP96Y,8,Approved,Thu Apr 11 02:20:15 PDT 2019,Wed Apr 10 09:27:26 PDT 2019,Wed Apr 10 09:40:15 PDT 2019,Thu Apr 11 02:20:58 PDT 2019,,,,,[],5.193966666666666
8,2,mutual_understanding,121,311,331,3diff12,6181,3,19,1,diff,blue,0.3,English,2,Male,33,No comments,Yes,3,Windows,1440,2560,Chrome,3H6W48L9F4KHIR5JW55F7A3O84OPWK,385XUCFVXXF240SD23DC3P25S8PV4R,Questions about Images,Answer questions about English conversations.,language research fun cognitive science university,$0.45,Wed Apr 10 09:08:20 PDT 2019,9,0,0,9,Reviewable,NotReviewed,1 cond,1800,60000,Fri May 10 09:08:20 PDT 2019,https://requester.mturk.com/mturk/manageHIT?HITId=3H6W48L9F4KHIR5JW55F7A3O84OPWK,34V1S5K3GTX1J98ZF01GC90LUNP96Y,8,Approved,Thu Apr 11 02:20:15 PDT 2019,Wed Apr 10 09:27:26 PDT 2019,Wed Apr 10 09:40:15 PDT 2019,Thu Apr 11 02:20:58 PDT 2019,,,,,[],5.193966666666666
8,NA,mutual_understanding,323,211,321,2diff1NA,178250,2,20,1,diff,blue,0.35,English,2,Male,33,No comments,Yes,3,Windows,1440,2560,Chrome,3H6W48L9F4KHIR5JW55F7A3O84OPWK,385XUCFVXXF240SD23DC3P25S8PV4R,Questions about Images,Answer questions about English conversations.,language research fun cognitive science university,$0.45,Wed Apr 10 09:08:20 PDT 2019,9,0,0,9,Reviewable,NotReviewed,1 cond,1800,60000,Fri May 10 09:08:20 PDT 2019,https://requester.mturk.com/mturk/manageHIT?HITId=3H6W48L9F4KHIR5JW55F7A3O84OPWK,34V1S5K3GTX1J98ZF01GC90LUNP96Y,8,Approved,Thu Apr 11 02:20:15 PDT 2019,Wed Apr 10 09:27:26 PDT 2019,Wed Apr 10 09:40:15 PDT 2019,Thu Apr 11 02:20:58 PDT 2019,,,,,[],5.193966666666666
