response3,condition,response2,pref3,targetFeature,obj1,item,Answer.time_in_minutes,pref6,workerid,slide_number,numFeatures,pref1,pref2,response1,response4,obj2,pref5,response5,response6,pref4,obj3,trial_type
0.4,22b1,0.65,striped,shape,121,5130,1.7406333333333333,,0,3,5,blue,polka-dotted,0.45,0.65,312,red,0.65,,solid,132,utterance_choice
0.65,22a2b,0.55,red,pattern,122,16571,1.7406333333333333,,0,4,4,cloud,circle,0.4,0.4,132,,,,green,223,utterance_choice
1,321,0.35,blue,pattern,211,141,1.7406333333333333,,0,5,4,cloud,circle,0.75,0.7,121,,,,square,321,utterance_choice
,331,1,,shape,133,29240,1.7406333333333333,,0,6,2,green,polka-dotted,1,,233,,,,,333,utterance_choice
0.3,22a1,0.4,blue,pattern,311,4671,1.7406333333333333,,0,7,4,cloud,red,0.4,0.8,321,,,,square,132,utterance_choice
0.8,311,0.2,cloud,color,121,20631,1.7406333333333333,,0,8,4,polka-dotted,solid,0.6,0.5,112,,,,striped,133,utterance_choice
0.65,22a2b,0.35,square,pattern,331,7331,1.7406333333333333,,0,9,4,red,blue,0.65,0.35,212,,,,circle,332,utterance_choice
0.45,211,0.6,square,pattern,111,5701,1.7406333333333333,,0,10,5,circle,cloud,0.4,0.5,321,blue,0.65,,red,232,utterance_choice
0.4,22a1,0.55,square,pattern,131,18681,1.7406333333333333,,0,11,5,cloud,blue,0.35,0.55,322,green,0.55,,red,323,utterance_choice
0.65,22b1,0.65,striped,color,311,18392,1.7406333333333333,,0,12,4,square,cloud,0.55,0.5,122,,,,solid,323,utterance_choice
0.9,321,0.55,striped,color,321,16361,1.7406333333333333,,0,13,3,square,circle,0.6,,322,,,,,223,utterance_choice
0.8,22b2b,0.55,cloud,color,112,21692,1.7406333333333333,,0,14,4,polka-dotted,square,0.55,0.75,332,,,,solid,133,utterance_choice
1,322b,0.65,circle,color,222,25441,1.7406333333333333,,0,15,3,polka-dotted,striped,0.6,,223,,,,,233,utterance_choice
0.55,111,0.55,cloud,pattern,111,23911,1.7406333333333333,green,0,16,6,circle,red,0.5,0.55,322,square,0.55,0.55,blue,233,utterance_choice
0.45,211,0.6,red,shape,231,16020,1.7406333333333333,solid,0,17,6,green,blue,0.55,0.55,312,striped,0.5,0.55,polka-dotted,223,utterance_choice
0.05,321,0.9,red,pattern,212,7951,4.2344333333333335,,1,3,4,cloud,square,0.9,0.95,132,,,,circle,332,utterance_choice
,331,0.25,,pattern,211,420,4.2344333333333335,,1,4,2,circle,blue,0.1,,221,,,,,231,utterance_choice
0.2,321,0.9,blue,shape,111,9700,4.2344333333333335,,1,5,3,solid,green,0,,311,,,,,213,utterance_choice
1,22a1,0.25,circle,pattern,221,21811,4.2344333333333335,,1,6,4,cloud,green,0.15,0.95,113,,,,blue,133,utterance_choice
0.95,111,0.95,square,color,311,14522,4.2344333333333335,striped,1,7,6,circle,cloud,0.9,0.95,232,solid,0.95,0.95,polka-dotted,123,utterance_choice
0.95,211,0.95,solid,shape,131,9130,4.2344333333333335,polka-dotted,1,8,6,green,red,1,0.95,322,striped,0.9,0.95,blue,113,utterance_choice
1,22a2b,0.9,circle,pattern,231,22411,4.2344333333333335,,1,9,4,cloud,blue,0.1,0.1,123,,,,green,133,utterance_choice
0.95,22b1,0.15,cloud,pattern,331,15281,4.2344333333333335,,1,10,4,square,green,0.15,0.9,313,,,,blue,123,utterance_choice
0.95,22a2b,0.9,green,shape,312,10710,4.2344333333333335,,1,11,4,solid,striped,0.15,0.3,322,,,,red,213,utterance_choice
0.9,311,0.05,red,pattern,331,18340,4.2344333333333335,,1,12,4,green,square,0.95,0.95,312,,,,blue,323,utterance_choice
0.1,22a1,0.9,striped,shape,121,12090,4.2344333333333335,,1,13,5,blue,red,0.95,0.95,122,solid,1,,green,313,utterance_choice
0.05,22b2b,0.9,cloud,pattern,311,1011,4.2344333333333335,,1,14,4,square,red,0.95,0,131,,,,blue,112,utterance_choice
0.95,211,0.95,circle,pattern,231,2821,4.2344333333333335,,1,15,5,cloud,square,0.95,0.05,312,blue,0.95,,red,122,utterance_choice
0.9,22b1,0.9,cloud,pattern,211,8951,4.2344333333333335,,1,16,5,green,blue,0.9,0,222,red,1,,circle,113,utterance_choice
0.9,322b,0.05,cloud,color,111,11411,4.2344333333333335,,1,17,3,square,solid,0.05,,311,,,,,313,utterance_choice
1,22b2b,0,cloud,pattern,222,25231,3.5110166666666665,,2,3,4,green,circle,0,1,123,,,,red,233,utterance_choice
1,211,1,circle,pattern,321,11101,3.5110166666666665,,2,4,5,square,red,0,1,332,green,1,,blue,213,utterance_choice
0.5,22a2b,0.5,cloud,pattern,122,9191,3.5110166666666665,,2,5,4,green,red,1,1,322,,,,square,113,utterance_choice
0.5,22a1,1,circle,pattern,211,3861,3.5110166666666665,,2,6,4,blue,square,0.5,1,231,,,,red,322,utterance_choice
,331,0,,color,331,27440,3.5110166666666665,,2,7,2,polka-dotted,square,0,,332,,,,,333,utterance_choice
1,111,1,cloud,pattern,231,9141,3.5110166666666665,red,2,8,6,blue,square,1,1,322,circle,1,1,green,113,utterance_choice
1,322b,1,square,pattern,313,29201,3.5110166666666665,,2,9,3,green,circle,0,,233,,,,,333,utterance_choice
1,22b1,1,solid,shape,211,18500,3.5110166666666665,,2,10,5,blue,red,1,0,222,green,1,,striped,323,utterance_choice
1,321,0,cloud,color,332,25931,3.5110166666666665,,2,11,4,square,polka-dotted,1,1,133,,,,circle,233,utterance_choice
1,311,1,polka-dotted,color,211,16611,3.5110166666666665,,2,12,4,circle,solid,0,1,232,,,,striped,223,utterance_choice
1,22a1,1,blue,pattern,221,16491,3.5110166666666665,,2,13,5,cloud,red,1,0,132,green,1,,circle,223,utterance_choice
1,211,1,square,pattern,111,18491,3.5110166666666665,blue,2,14,6,green,circle,1,1,222,cloud,1,1,red,323,utterance_choice
1,321,0,circle,color,131,21501,3.5110166666666665,,2,15,3,cloud,polka-dotted,0,,232,,,,,133,utterance_choice
0,22a2b,0,solid,color,211,4102,3.5110166666666665,,2,16,4,square,circle,1,1,212,,,,striped,322,utterance_choice
1,22b1,1,cloud,pattern,122,12881,3.5110166666666665,,2,17,4,square,red,0,1,332,,,,green,313,utterance_choice
0.7,22a2b,0.7,blue,pattern,121,6681,2.667133333333333,,3,3,4,circle,cloud,0.7,0.75,132,,,,red,232,utterance_choice
0.7,22a1,0.7,blue,pattern,321,24761,2.667133333333333,,3,4,4,square,green,0.75,0.7,213,,,,circle,233,utterance_choice
,331,0.7,,shape,131,830,2.667133333333333,,3,5,2,blue,polka-dotted,0.65,,231,,,,,331,utterance_choice
0.7,111,0.7,polka-dotted,shape,221,20830,2.667133333333333,blue,3,6,6,striped,red,0.7,0.7,312,green,0.85,0.7,solid,133,utterance_choice
0.8,22a1,0.7,green,pattern,232,19971,2.667133333333333,,3,7,5,circle,square,0.8,0.75,123,red,0.75,,cloud,323,utterance_choice
0.7,321,0.75,red,pattern,311,3940,2.667133333333333,,3,8,3,square,blue,0.7,,331,,,,,322,utterance_choice
0.75,321,0.8,blue,shape,231,21510,2.667133333333333,,3,9,4,polka-dotted,green,0.7,0.65,232,,,,red,133,utterance_choice
0.75,22b2b,0.7,solid,color,231,27782,2.667133333333333,,3,10,4,polka-dotted,square,0.65,0.7,213,,,,circle,333,utterance_choice
0.65,311,0.65,cloud,pattern,313,25301,2.667133333333333,,3,11,4,green,circle,0.75,0.65,123,,,,square,233,utterance_choice
0.7,22a2b,0.7,polka-dotted,shape,222,24040,2.667133333333333,,3,12,4,green,red,0.8,0.7,322,,,,striped,233,utterance_choice
0.7,22b1,0.65,striped,color,221,14542,2.667133333333333,,3,13,4,circle,polka-dotted,0.7,0.7,232,,,,cloud,123,utterance_choice
0.7,211,0.65,circle,color,321,21072,2.667133333333333,,3,14,5,cloud,striped,0.7,0.7,222,square,0.7,,polka-dotted,133,utterance_choice
0.85,322b,0.7,green,shape,123,25970,2.667133333333333,,3,15,3,polka-dotted,striped,0.7,,133,,,,,233,utterance_choice
0.75,22b1,0.7,green,pattern,212,22241,2.667133333333333,,3,16,5,cloud,red,0.8,0.7,313,circle,0.7,,square,133,utterance_choice
0.7,211,0.7,cloud,color,111,5702,2.667133333333333,solid,3,17,6,polka-dotted,square,0.7,0.7,321,striped,0.7,0.65,circle,232,utterance_choice
0.2,211,0.2,polka-dotted,shape,231,12250,4.31075,striped,4,3,6,red,solid,1,0.1,222,blue,0.15,1,green,313,utterance_choice
0.95,111,0.15,blue,shape,311,14520,4.31075,striped,4,4,6,solid,red,1,0.1,232,polka-dotted,0.1,0.1,green,123,utterance_choice
0.05,22b2b,0.05,red,pattern,212,25001,4.31075,,4,5,4,circle,square,0.95,0.95,313,,,,green,233,utterance_choice
0.15,211,0.15,square,pattern,112,25621,4.31075,,4,6,5,red,green,0.8,0.8,323,circle,0.3,,cloud,233,utterance_choice
0.85,22a2b,0.85,solid,color,311,20412,4.31075,,4,7,4,cloud,square,0.15,0.15,131,,,,polka-dotted,133,utterance_choice
,331,0.5,,pattern,213,25500,4.31075,,4,8,2,green,circle,0.5,,223,,,,,233,utterance_choice
0.5,321,0.85,striped,shape,122,16430,4.31075,,4,9,3,red,green,0.5,,322,,,,,223,utterance_choice
0.2,22a1,0.8,polka-dotted,shape,332,17670,4.31075,,4,10,4,red,striped,0.25,0.75,123,,,,green,223,utterance_choice
0.7,321,0.65,cloud,color,221,4341,4.31075,,4,11,4,striped,square,0.3,0.75,122,,,,circle,322,utterance_choice
0.6,311,0.6,solid,shape,211,8720,4.31075,,4,12,4,green,red,0.65,0.6,312,,,,blue,113,utterance_choice
0.5,322b,0.75,square,pattern,311,26300,4.31075,,4,13,3,blue,green,0.5,,331,,,,,333,utterance_choice
0.5,22b1,0.5,polka-dotted,shape,221,27240,4.31075,,4,14,5,green,red,0.5,0.5,232,striped,0.65,,blue,333,utterance_choice
0.7,22b1,0.75,circle,pattern,311,23081,4.31075,,4,15,4,blue,green,0.4,0.4,221,,,,square,233,utterance_choice
0.5,22a2b,0.75,green,pattern,112,19331,4.31075,,4,16,4,square,red,0.6,0.65,113,,,,cloud,323,utterance_choice
0.65,22a1,0.35,square,color,222,12732,4.31075,,4,17,5,circle,striped,0.4,0.5,232,solid,0.65,,polka-dotted,313,utterance_choice
,331,1,,shape,131,830,4.915516666666667,,5,3,2,polka-dotted,blue,0.5,,231,,,,,331,utterance_choice
1,211,1,solid,shape,221,12640,4.915516666666667,striped,5,4,6,polka-dotted,green,0.8,0.6,232,blue,0.8,0.5,red,313,utterance_choice
1,22a2b,1,square,color,311,20412,4.915516666666667,,5,5,4,cloud,solid,0.5,0.65,131,,,,polka-dotted,133,utterance_choice
0.65,22b1,1,circle,color,231,17372,4.915516666666667,,5,6,5,solid,square,1,0.7,313,striped,0.7,,polka-dotted,223,utterance_choice
1,311,0.75,solid,shape,113,25710,4.915516666666667,,5,7,4,polka-dotted,striped,0.75,1,323,,,,green,233,utterance_choice
0.7,321,1,polka-dotted,color,131,21501,4.915516666666667,,5,8,3,cloud,circle,0.65,,232,,,,,133,utterance_choice
1,22a2b,0.7,circle,color,121,6682,4.915516666666667,,5,9,4,polka-dotted,striped,0.6,0.7,132,,,,cloud,232,utterance_choice
1,22a1,0.55,solid,color,231,8592,4.915516666666667,,5,10,4,polka-dotted,circle,0.6,0.6,112,,,,cloud,113,utterance_choice
0.65,22b1,1,green,shape,232,22930,4.915516666666667,,5,11,4,polka-dotted,striped,0.65,0.75,323,,,,red,133,utterance_choice
1,211,0.65,cloud,pattern,311,22571,4.915516666666667,,5,12,5,blue,square,0.85,1,223,green,1,,circle,133,utterance_choice
0.75,22a1,0.8,striped,color,212,14602,4.915516666666667,,5,13,5,solid,polka-dotted,0.7,0.7,232,circle,1,,cloud,123,utterance_choice
1,322b,1,blue,pattern,111,501,4.915516666666667,,5,14,3,cloud,circle,0.55,,131,,,,,231,utterance_choice
0.85,22b2b,1,cloud,color,232,22712,4.915516666666667,,5,15,4,polka-dotted,circle,0.65,0.5,223,,,,striped,133,utterance_choice
0.7,321,1,polka-dotted,color,131,29061,4.915516666666667,,5,16,4,cloud,square,0.8,1,233,,,,circle,333,utterance_choice
1,111,0.6,red,shape,321,10790,4.915516666666667,blue,5,17,6,solid,polka-dotted,1,0.6,132,green,1,1,striped,213,utterance_choice
,331,1,,shape,113,13290,7.020566666666666,,6,3,2,green,solid,0,,213,,,,,313,utterance_choice
0.1,22b2b,1,solid,shape,211,1940,7.020566666666666,,6,4,4,polka-dotted,red,0,0.05,331,,,,blue,312,utterance_choice
0,322b,0,solid,shape,111,11410,7.020566666666666,,6,5,3,green,blue,1,,311,,,,,313,utterance_choice
0,211,1,blue,pattern,111,18491,7.020566666666666,green,6,6,6,circle,red,0,0,222,square,0,1,cloud,323,utterance_choice
0,22a1,0,red,pattern,121,1331,7.020566666666666,,6,7,5,square,blue,0,0,321,cloud,1,,circle,212,utterance_choice
1,321,0,solid,shape,111,100,7.020566666666666,,6,8,3,striped,blue,0,,211,,,,,321,utterance_choice
1,211,0,red,pattern,231,10421,7.020566666666666,,6,9,5,blue,cloud,0,0,122,circle,0,,green,213,utterance_choice
0,321,0,blue,shape,121,16090,7.020566666666666,,6,10,4,green,red,1,0,122,,,,striped,223,utterance_choice
0,22a2b,1,circle,pattern,231,24601,7.020566666666666,,6,11,4,cloud,blue,0,0,113,,,,green,233,utterance_choice
0,22a2b,1,red,shape,131,2070,7.020566666666666,,6,12,4,solid,polka-dotted,0,0,112,,,,blue,312,utterance_choice
0,311,0,solid,shape,313,25300,7.020566666666666,,6,13,4,polka-dotted,green,1,0,123,,,,striped,233,utterance_choice
1,22a1,0,red,pattern,211,3861,7.020566666666666,,6,14,4,blue,circle,0,0,231,,,,square,322,utterance_choice
0,22b1,1,solid,color,211,15772,7.020566666666666,,6,15,4,cloud,circle,0,0,112,,,,striped,223,utterance_choice
1,111,0,circle,color,231,12132,7.020566666666666,square,6,16,6,solid,polka-dotted,0,0,122,striped,0,0,cloud,313,utterance_choice
0,22b1,1,circle,color,211,1812,7.020566666666666,,6,17,5,polka-dotted,square,0,0,131,cloud,0,,solid,312,utterance_choice
0.65,22b2b,0.2,circle,pattern,111,20451,5.41095,,7,3,4,green,blue,0.45,0.85,231,,,,cloud,133,utterance_choice
0,322b,0,circle,pattern,113,17291,5.41095,,7,4,3,cloud,green,0.9,,213,,,,,223,utterance_choice
1,211,0,solid,color,212,28202,5.41095,polka-dotted,7,5,6,cloud,square,0,0,123,circle,1,0,striped,333,utterance_choice
1,22b1,1,blue,pattern,211,4841,5.41095,,7,6,5,red,square,1,1,331,circle,0,,cloud,132,utterance_choice
1,311,1,green,pattern,211,23790,5.41095,,7,7,4,red,circle,1,0,222,,,,blue,233,utterance_choice
1,321,1,circle,pattern,111,161,5.41095,,7,8,4,cloud,blue,0,1,221,,,,square,321,utterance_choice
1,111,0,circle,pattern,321,9411,5.41095,square,7,9,6,red,green,1,0,232,blue,1,1,cloud,113,utterance_choice
1,22a2b,1,striped,shape,221,5740,5.41095,,7,10,4,polka-dotted,red,1,1,321,,,,blue,232,utterance_choice
1,321,1,square,pattern,311,3940,5.41095,,7,11,3,blue,red,1,,331,,,,,322,utterance_choice
1,22b1,0,solid,color,111,21602,5.41095,,7,12,4,polka-dotted,square,0,1,332,,,,cloud,133,utterance_choice
,331,1,,color,231,24270,5.41095,,7,13,2,circle,polka-dotted,1,,232,,,,,233,utterance_choice
0,22a1,1,square,pattern,131,12511,5.41095,,7,14,5,green,red,0,1,132,cloud,0.95,,blue,313,utterance_choice
0,22a2b,1,striped,color,111,3312,5.41095,,7,15,4,cloud,circle,1,1,212,,,,solid,222,utterance_choice
1,22a1,1,green,shape,232,19970,5.41095,,7,16,4,red,polka-dotted,1,1,123,,,,striped,323,utterance_choice
1,211,1,circle,pattern,221,11591,5.41095,,7,17,5,square,blue,0,0,131,cloud,1,,green,313,utterance_choice
0.7,111,0.1,striped,color,211,26672,3.6771333333333334,circle,8,3,6,square,polka-dotted,0.15,0.85,122,solid,0.95,0.7,cloud,333,utterance_choice
0.7,22b2b,0.65,circle,pattern,211,1941,3.6771333333333334,,8,4,4,red,blue,0.7,0.8,331,,,,square,312,utterance_choice
0.95,22b1,0.3,polka-dotted,color,121,23812,3.6771333333333334,,8,5,4,cloud,circle,0.3,0.85,222,,,,striped,233,utterance_choice
0.25,22a1,0.35,blue,shape,231,19880,3.6771333333333334,,8,6,4,polka-dotted,green,0.85,0.95,123,,,,striped,323,utterance_choice
0.3,211,0.85,red,pattern,231,10421,3.6771333333333334,,8,7,5,circle,cloud,0.75,0.3,122,green,0.3,,blue,213,utterance_choice
0.2,22b1,0.8,circle,color,111,19422,3.6771333333333334,,8,8,5,square,cloud,0.25,0.8,213,striped,0.7,,solid,323,utterance_choice
,331,0.25,,shape,121,190,3.6771333333333334,,8,9,2,striped,blue,0.85,,221,,,,,321,utterance_choice
0.9,311,0.75,striped,shape,112,6600,3.6771333333333334,,8,10,4,red,solid,0.25,0.8,322,,,,polka-dotted,232,utterance_choice
0.25,22a1,0.8,square,pattern,111,18621,3.6771333333333334,,8,11,5,green,cloud,0.25,0.35,322,blue,0.3,,red,323,utterance_choice
0.8,321,0.25,striped,shape,321,18420,3.6771333333333334,,8,12,4,red,blue,0.2,0.3,122,,,,green,323,utterance_choice
0.5,321,0.35,blue,pattern,211,6390,3.6771333333333334,,8,13,3,circle,red,0.8,,222,,,,,232,utterance_choice
0.3,22a2b,0.35,square,color,311,20412,3.6771333333333334,,8,14,4,solid,cloud,0.85,0.3,131,,,,polka-dotted,133,utterance_choice
0.2,22a2b,0.2,red,shape,211,3710,3.6771333333333334,,8,15,4,striped,blue,0.85,0.45,221,,,,solid,322,utterance_choice
0.6,211,0.75,cloud,color,312,25212,3.6771333333333334,solid,8,16,6,polka-dotted,striped,0.8,0.15,123,circle,0.5,0.75,square,233,utterance_choice
0.25,322b,0.5,green,shape,313,29200,3.6771333333333334,,8,17,3,polka-dotted,solid,0.75,,233,,,,,333,utterance_choice
1,22b2b,0.5,green,shape,212,25000,4.010483333333333,,9,3,4,polka-dotted,red,0.5,0.75,313,,,,solid,233,utterance_choice
0.5,311,0.5,blue,pattern,321,26600,4.010483333333333,,9,4,4,square,red,0.9,0.5,312,,,,green,333,utterance_choice
0.15,322b,0.75,square,color,231,29071,4.010483333333333,,9,5,3,polka-dotted,circle,0.95,,233,,,,,333,utterance_choice
0.5,22a1,0.5,square,pattern,131,11671,4.010483333333333,,9,6,5,cloud,circle,0.5,0.8,231,green,0.35,,blue,313,utterance_choice
0.5,321,0.95,blue,pattern,211,10480,4.010483333333333,,9,7,4,green,circle,0.5,0.5,222,,,,red,213,utterance_choice
0.85,321,0.5,green,pattern,232,17270,4.010483333333333,,9,8,3,circle,red,0.85,,213,,,,,223,utterance_choice
0.25,22b1,0.2,red,pattern,312,23891,4.010483333333333,,9,9,4,green,circle,0.5,0.5,222,,,,square,233,utterance_choice
0.5,22a2b,0.75,circle,color,221,15592,4.010483333333333,,9,10,4,cloud,striped,0.75,0.5,131,,,,polka-dotted,223,utterance_choice
0,22a2b,0.7,solid,color,231,11752,4.010483333333333,,9,11,4,circle,square,0.3,0.9,331,,,,polka-dotted,313,utterance_choice
0.5,22a1,0.5,cloud,color,321,9122,4.010483333333333,,9,12,4,solid,striped,0.5,0.5,322,,,,square,113,utterance_choice
0.3,111,0.25,green,shape,311,23680,4.010483333333333,solid,9,13,6,polka-dotted,blue,0.25,0.3,122,striped,0.3,0.3,red,233,utterance_choice
0.1,22b1,0,polka-dotted,shape,211,12610,4.010483333333333,,9,14,5,blue,green,0.05,0.05,232,red,0.05,,solid,313,utterance_choice
,331,0.05,,pattern,313,28730,4.010483333333333,,9,15,2,green,square,0,,323,,,,,333,utterance_choice
0.25,211,0.25,red,pattern,211,4661,4.010483333333333,,9,16,5,cloud,circle,0.25,0.25,321,blue,0.25,,square,132,utterance_choice
0.7,211,0.7,green,pattern,211,14221,4.010483333333333,square,9,17,6,blue,red,0.1,0.65,322,circle,0.2,0.65,cloud,123,utterance_choice
0.95,311,1,red,shape,211,11770,5.6841333333333335,,10,3,4,blue,green,0.95,0.05,112,,,,solid,313,utterance_choice
0.95,322b,0,cloud,color,122,14201,5.6841333333333335,,10,4,3,striped,circle,0.05,,222,,,,,123,utterance_choice
0,211,0,green,pattern,221,21641,5.6841333333333335,circle,10,5,6,blue,square,0,0,332,cloud,0,0,red,133,utterance_choice
1,22b1,0,solid,shape,111,26550,5.6841333333333335,,10,6,5,green,blue,0,0,312,polka-dotted,0.05,,red,333,utterance_choice
0,22a2b,0,blue,pattern,221,7621,5.6841333333333335,,10,7,4,square,circle,0,1,222,,,,red,332,utterance_choice
0,211,0,solid,color,321,11102,5.6841333333333335,,10,8,5,square,polka-dotted,0,0,332,circle,0,,striped,213,utterance_choice
0,22a1,0,cloud,pattern,121,1331,5.6841333333333335,,10,9,5,circle,square,0,0,321,red,0.05,,blue,212,utterance_choice
,331,0.95,,pattern,311,680,5.6841333333333335,,10,10,2,square,blue,0.95,,321,,,,,331,utterance_choice
0.95,22b2b,0,polka-dotted,shape,111,20450,5.6841333333333335,,10,11,4,solid,green,0.05,0.05,231,,,,blue,133,utterance_choice
0,22b1,0,solid,shape,321,3270,5.6841333333333335,,10,12,4,striped,blue,0,0,112,,,,red,222,utterance_choice
0.05,321,1,striped,shape,112,4180,5.6841333333333335,,10,13,3,solid,red,0.05,,212,,,,,322,utterance_choice
0,22a1,0,striped,shape,122,24030,5.6841333333333335,,10,14,4,red,green,0,0,322,,,,polka-dotted,233,utterance_choice
0.95,321,0,circle,color,231,3381,5.6841333333333335,,10,15,4,polka-dotted,solid,0,0,212,,,,striped,222,utterance_choice
0,22a2b,0.95,solid,shape,211,29010,5.6841333333333335,,10,16,4,blue,green,0,0,233,,,,polka-dotted,333,utterance_choice
0,111,0,polka-dotted,color,221,12492,5.6841333333333335,solid,10,17,6,circle,striped,0,0,132,square,0,0,cloud,313,utterance_choice
0.5,22a2b,1,striped,color,121,6682,8.70695,,11,3,4,polka-dotted,cloud,0,0.5,132,,,,circle,232,utterance_choice
1,22a1,0,striped,shape,111,18620,8.70695,,11,4,5,green,solid,0.5,0,322,red,0.5,,blue,323,utterance_choice
0.75,321,1,cloud,color,211,8531,8.70695,,11,5,3,circle,solid,0,,112,,,,,113,utterance_choice
0,322b,0.7,solid,shape,111,500,8.70695,,11,6,3,blue,polka-dotted,1,,131,,,,,231,utterance_choice
1,321,0,circle,color,212,23881,8.70695,,11,7,4,striped,polka-dotted,0,0,222,,,,solid,233,utterance_choice
0,211,0,striped,color,311,23802,8.70695,,11,8,5,square,polka-dotted,0,1,222,solid,0,,circle,233,utterance_choice
0,22b1,0,square,pattern,121,23311,8.70695,,11,9,5,blue,circle,1,0,331,green,0,,cloud,233,utterance_choice
0,311,0,square,color,221,18411,8.70695,,11,10,4,circle,cloud,0,1,122,,,,striped,323,utterance_choice
0,111,0,polka-dotted,color,311,14522,8.70695,solid,11,11,6,square,cloud,0,0,232,striped,0,0,circle,123,utterance_choice
0,211,0,red,pattern,231,14731,8.70695,square,11,12,6,circle,cloud,0,0,332,blue,0,0,green,123,utterance_choice
,331,1,,color,131,21350,8.70695,,11,13,2,cloud,polka-dotted,1,,132,,,,,133,utterance_choice
0,22a1,1,polka-dotted,shape,232,19970,8.70695,,11,14,4,red,striped,0,0.8,123,,,,green,323,utterance_choice
0,22b1,1,green,pattern,321,8361,8.70695,,11,15,4,cloud,blue,0,0,131,,,,square,113,utterance_choice
0,22b2b,0,striped,shape,232,22710,8.70695,,11,16,4,green,red,1,0,223,,,,polka-dotted,133,utterance_choice
0,22a2b,1,blue,shape,321,13160,8.70695,,11,17,4,striped,green,0,1,213,,,,solid,313,utterance_choice
0.35,321,0.15,square,color,131,27421,7.305033333333333,,12,3,3,cloud,polka-dotted,0.8,,332,,,,,333,utterance_choice
0.3,211,0.55,cloud,pattern,331,21101,7.305033333333333,red,12,4,6,circle,square,0.3,0.3,222,green,0.2,0.7,blue,133,utterance_choice
0.8,22a1,0.2,polka-dotted,color,221,16802,7.305033333333333,,12,5,4,square,striped,0.8,0.15,332,,,,circle,223,utterance_choice
0.2,22b2b,0.85,circle,pattern,231,5071,7.305033333333333,,12,6,4,blue,cloud,0.5,0.25,212,,,,red,132,utterance_choice
,331,0.4,,shape,111,0,7.305033333333333,,12,7,2,blue,solid,0.4,,211,,,,,311,utterance_choice
0.7,322b,0.65,red,pattern,231,6120,7.305033333333333,,12,8,3,circle,blue,0.5,,212,,,,,232,utterance_choice
0.7,311,0.6,cloud,pattern,112,6601,7.305033333333333,,12,9,4,circle,square,0.65,0.2,322,,,,red,232,utterance_choice
0.7,22b1,0.7,striped,shape,222,27180,7.305033333333333,,12,10,4,red,green,0.3,0.35,132,,,,polka-dotted,333,utterance_choice
0.2,22a2b,0.65,striped,shape,131,19870,7.305033333333333,,12,11,4,green,polka-dotted,0.3,0.7,123,,,,blue,323,utterance_choice
0.25,211,0.3,blue,pattern,111,14661,7.305033333333333,,12,12,5,square,red,0.7,0.2,332,green,0.6,,cloud,123,utterance_choice
0.5,111,0.6,circle,color,221,20832,7.305033333333333,cloud,12,13,6,square,solid,0.65,0.6,312,striped,0.5,0.3,polka-dotted,133,utterance_choice
0.65,321,0.2,blue,pattern,131,20660,7.305033333333333,,12,14,4,red,cloud,0.75,0.7,112,,,,green,133,utterance_choice
0.6,22b1,0.2,polka-dotted,color,321,25152,7.305033333333333,,12,15,5,square,striped,0.7,0.65,123,circle,0.5,,cloud,233,utterance_choice
0.15,22a2b,0.25,square,color,312,10712,7.305033333333333,,12,16,4,circle,solid,0.75,0.7,322,,,,striped,213,utterance_choice
0.75,22a1,0.4,striped,shape,311,12080,7.305033333333333,,12,17,5,blue,solid,0.5,0.6,122,green,0.2,,red,313,utterance_choice
0.15,211,0.15,red,pattern,112,25621,5.249916666666667,,13,3,5,circle,square,0.7,0.15,323,green,0.15,,cloud,233,utterance_choice
0.8,111,0,circle,color,321,10792,5.249916666666667,solid,13,4,6,striped,polka-dotted,0,0,132,cloud,0,0,square,213,utterance_choice
0.8,22a1,0,red,pattern,111,18621,5.249916666666667,,13,5,5,cloud,blue,0,0,322,square,0,,green,323,utterance_choice
0,22a2b,0.75,blue,shape,221,13150,5.249916666666667,,13,6,4,green,striped,0,0,213,,,,solid,313,utterance_choice
0,211,0,solid,color,121,6182,5.249916666666667,square,13,7,6,polka-dotted,circle,0,0.75,312,cloud,0,0,striped,232,utterance_choice
0,321,0,blue,shape,231,21510,5.249916666666667,,13,8,4,polka-dotted,red,0,0.8,232,,,,green,133,utterance_choice
0,22a1,0,cloud,color,231,8592,5.249916666666667,,13,9,4,circle,solid,0.8,0,112,,,,polka-dotted,113,utterance_choice
0,321,0,striped,color,221,16101,5.249916666666667,,13,10,3,cloud,circle,0.8,,122,,,,,223,utterance_choice
,331,0.7,,color,121,13990,5.249916666666667,,13,11,2,cloud,striped,0,,122,,,,,123,utterance_choice
0.75,311,0,solid,shape,312,6370,5.249916666666667,,13,12,4,polka-dotted,red,0,0,122,,,,striped,232,utterance_choice
0,22a2b,0,green,pattern,231,11751,5.249916666666667,,13,13,4,blue,circle,0.75,0,331,,,,square,313,utterance_choice
0,22b2b,0,circle,pattern,231,5071,5.249916666666667,,13,14,4,blue,red,0,0.75,212,,,,cloud,132,utterance_choice
0.75,22b1,0,cloud,pattern,212,22241,5.249916666666667,,13,15,5,square,circle,0,0,313,red,0,,green,133,utterance_choice
0,22b1,0.75,green,pattern,211,22561,5.249916666666667,,13,16,4,circle,cloud,0,0,223,,,,blue,133,utterance_choice
0,322b,0.75,polka-dotted,shape,313,29200,5.249916666666667,,13,17,3,green,solid,0,,233,,,,,333,utterance_choice
0.35,22b2b,0.65,polka-dotted,shape,321,7630,3.5067833333333334,,14,3,4,red,striped,0.65,0.35,222,,,,blue,332,utterance_choice
0.25,321,0.25,solid,color,132,14981,3.5067833333333334,,14,4,4,cloud,polka-dotted,1,0.25,113,,,,striped,123,utterance_choice
0.25,22a2b,0.7,solid,color,211,3712,3.5067833333333334,,14,5,4,square,striped,0.25,0.7,221,,,,circle,322,utterance_choice
0.8,321,1,square,color,321,18421,3.5067833333333334,,14,6,3,cloud,striped,0.2,,122,,,,,323,utterance_choice
0.3,22b1,0.6,cloud,color,211,1812,3.5067833333333334,,14,7,5,square,solid,0.25,0.3,131,circle,0.3,,polka-dotted,312,utterance_choice
0.7,322b,1,red,pattern,121,2590,3.5067833333333334,,14,8,3,blue,cloud,0.2,,112,,,,,122,utterance_choice
0.7,22b1,0.35,blue,pattern,311,23081,3.5067833333333334,,14,9,4,circle,green,1,0.35,221,,,,square,233,utterance_choice
0.65,22a2b,0.5,solid,shape,221,13150,3.5067833333333334,,14,10,4,green,striped,0.7,0.35,213,,,,blue,313,utterance_choice
0.35,211,0.7,blue,shape,131,19480,3.5067833333333334,,14,11,5,solid,green,0.5,0.55,213,polka-dotted,0.45,,striped,323,utterance_choice
,331,1,,color,131,21350,3.5067833333333334,,14,12,2,polka-dotted,cloud,1,,132,,,,,133,utterance_choice
0.35,111,0.35,cloud,pattern,131,10661,3.5067833333333334,green,14,13,6,blue,square,0.4,0.35,322,red,0.3,0.35,circle,213,utterance_choice
0.35,311,0.35,square,pattern,312,6371,3.5067833333333334,,14,14,4,red,circle,1,0.35,122,,,,cloud,232,utterance_choice
0.3,22a1,0.55,blue,shape,231,19880,3.5067833333333334,,14,15,4,striped,green,0.55,0.3,123,,,,polka-dotted,323,utterance_choice
0.35,22a1,0.7,polka-dotted,color,221,7392,3.5067833333333334,,14,16,5,circle,square,0.35,0.5,312,striped,0.45,,solid,332,utterance_choice
0.35,211,0.35,solid,color,121,6182,3.5067833333333334,square,14,17,6,striped,cloud,0.35,0.35,312,polka-dotted,0.4,0.35,circle,232,utterance_choice
0.3,211,0.5,blue,shape,221,12640,11.254166666666666,green,15,3,6,striped,red,0.6,0.45,232,solid,0.85,0.9,polka-dotted,313,utterance_choice
0.5,111,0.5,circle,color,311,14522,11.254166666666666,solid,15,4,6,striped,square,0.5,0.5,232,cloud,0.75,0.7,polka-dotted,123,utterance_choice
1,22b1,0.55,green,pattern,211,22561,11.254166666666666,,15,5,4,blue,cloud,0.3,0.9,223,,,,circle,133,utterance_choice
0.6,311,0.4,red,shape,311,8630,11.254166666666666,,15,6,4,blue,green,0.65,1,212,,,,solid,113,utterance_choice
1,22b2b,0.5,green,shape,121,19270,11.254166666666666,,15,7,4,solid,blue,0.5,1,113,,,,striped,323,utterance_choice
1,321,0.25,cloud,color,131,9271,11.254166666666666,,15,8,3,polka-dotted,solid,1,,132,,,,,113,utterance_choice
1,321,1,cloud,pattern,313,25961,11.254166666666666,,15,9,4,square,green,0.5,0.9,133,,,,circle,233,utterance_choice
0.5,22a2b,0.5,green,shape,312,10710,11.254166666666666,,15,10,4,striped,solid,0.5,0.5,322,,,,red,213,utterance_choice
0.35,22a1,0.6,blue,pattern,121,1331,11.254166666666666,,15,11,5,circle,square,0.7,0.4,321,cloud,0.4,,red,212,utterance_choice
0.45,22a2b,0.45,blue,shape,221,5740,11.254166666666666,,15,12,4,red,striped,0.75,0.45,321,,,,polka-dotted,232,utterance_choice
0.4,22b1,0.6,blue,pattern,121,7611,11.254166666666666,,15,13,5,square,circle,0.7,0.5,222,red,0.5,,cloud,332,utterance_choice
0.5,22a1,0.5,solid,shape,211,13320,11.254166666666666,,15,14,4,striped,blue,0.5,0.5,311,,,,green,123,utterance_choice
0.5,211,0.5,green,shape,311,10370,11.254166666666666,,15,15,5,red,blue,0.6,0.5,122,solid,0.5,,striped,213,utterance_choice
0.35,322b,0.5,striped,color,121,3551,11.254166666666666,,15,16,3,circle,cloud,0.65,,122,,,,,222,utterance_choice
,331,0.65,,color,231,24270,11.254166666666666,,15,17,2,polka-dotted,circle,0.75,,232,,,,,233,utterance_choice
1,321,0,blue,pattern,211,16190,4.507266666666666,,16,3,4,circle,green,0,0.95,222,,,,red,223,utterance_choice
,331,1,,color,321,18670,4.507266666666666,,16,4,2,square,striped,0,,322,,,,,323,utterance_choice
1,311,1,striped,color,211,16611,4.507266666666666,,16,5,4,circle,solid,0,1,232,,,,polka-dotted,223,utterance_choice
0,22a2b,0,striped,shape,222,24040,4.507266666666666,,16,6,4,polka-dotted,red,0,0,322,,,,green,233,utterance_choice
1,211,1,solid,shape,121,24930,4.507266666666666,,16,7,5,polka-dotted,striped,0,1,313,blue,1,,green,233,utterance_choice
1,22a2b,1,cloud,color,112,20882,4.507266666666666,,16,8,4,polka-dotted,square,1,0,312,,,,solid,133,utterance_choice
0,22b2b,1,polka-dotted,color,231,27782,4.507266666666666,,16,9,4,solid,square,1,1,213,,,,circle,333,utterance_choice
1,322b,0,polka-dotted,color,311,27921,4.507266666666666,,16,10,3,solid,square,1,,313,,,,,333,utterance_choice
0,22b1,0,square,pattern,312,15121,4.507266666666666,,16,11,5,cloud,red,1,0,213,green,0,,circle,123,utterance_choice
1,22a1,1,blue,shape,121,1740,4.507266666666666,,16,12,4,solid,red,1,1,221,,,,striped,312,utterance_choice
0,211,0,blue,shape,221,12640,4.507266666666666,polka-dotted,16,13,6,green,solid,1,0,232,striped,0.95,1,red,313,utterance_choice
1,22b1,1,polka-dotted,shape,211,4840,4.507266666666666,,16,14,4,blue,solid,0,0,331,,,,red,132,utterance_choice
0,111,0,striped,shape,311,14520,4.507266666666666,blue,16,15,6,red,solid,1,1,232,polka-dotted,0,1,green,123,utterance_choice
1,22a1,0,square,color,211,19822,4.507266666666666,,16,16,5,solid,circle,1,1,123,striped,0,,cloud,323,utterance_choice
0,321,0,red,pattern,311,7730,4.507266666666666,,16,17,3,blue,square,1,,322,,,,,332,utterance_choice
0,311,0,red,pattern,211,23790,5.900266666666667,,17,3,4,circle,blue,1,0,222,,,,green,233,utterance_choice
0,321,0,circle,pattern,211,5670,5.900266666666667,,17,4,3,blue,red,1,,221,,,,,232,utterance_choice
0,22b2b,1,blue,pattern,231,27781,5.900266666666667,,17,5,4,circle,green,1,0,213,,,,square,333,utterance_choice
0.3,211,0,polka-dotted,shape,112,25620,5.900266666666667,,17,6,5,solid,red,0,1,323,striped,0.25,,green,233,utterance_choice
1,321,0.5,blue,pattern,211,31,5.900266666666667,,17,7,4,square,circle,0.5,0.4,311,,,,cloud,121,utterance_choice
0.5,111,0.45,blue,pattern,311,14521,5.900266666666667,red,17,8,6,cloud,circle,0.45,0.5,232,square,0.5,0.5,green,123,utterance_choice
0.5,22b1,1,red,shape,232,22930,5.900266666666667,,17,9,4,polka-dotted,green,1,0.5,323,,,,striped,133,utterance_choice
,331,1,,color,131,21350,5.900266666666667,,17,10,2,polka-dotted,cloud,1,,132,,,,,133,utterance_choice
0.6,22a2b,0.6,striped,color,212,10452,5.900266666666667,,17,11,4,cloud,solid,0.35,0.6,122,,,,circle,213,utterance_choice
0.4,22a1,0.4,polka-dotted,shape,122,24030,5.900266666666667,,17,12,4,red,green,0.75,0.65,322,,,,striped,233,utterance_choice
0.25,22a2b,0.25,polka-dotted,shape,312,12710,5.900266666666667,,17,13,4,red,green,0.3,1,232,,,,solid,313,utterance_choice
0.65,22a1,0.6,cloud,pattern,111,15411,5.900266666666667,,17,14,5,square,blue,0.65,0.3,311,green,0.3,,circle,223,utterance_choice
0,22b1,0.5,red,pattern,211,12611,5.900266666666667,,17,15,5,green,square,0.5,0.5,232,blue,0.65,,circle,313,utterance_choice
0.6,322b,1,red,shape,112,8700,5.900266666666667,,17,16,3,green,solid,0.7,,212,,,,,113,utterance_choice
1,211,0,cloud,color,231,4072,5.900266666666667,solid,17,17,6,polka-dotted,circle,0.05,1,112,striped,1,1,square,322,utterance_choice
0.6,211,0.85,solid,color,231,10422,9.238566666666667,,18,3,5,circle,cloud,0.15,0.4,122,polka-dotted,0.3,,striped,213,utterance_choice
0.25,22b1,0.75,square,color,221,18302,9.238566666666667,,18,4,4,circle,solid,0.25,0.45,312,,,,striped,323,utterance_choice
0.4,321,0.65,solid,shape,111,9700,9.238566666666667,,18,5,3,green,blue,0.85,,311,,,,,213,utterance_choice
0.9,311,0.85,polka-dotted,shape,212,5560,9.238566666666667,,18,6,4,red,striped,0.05,0.8,322,,,,solid,132,utterance_choice
0.3,22a2b,0.7,solid,color,132,11372,9.238566666666667,,18,7,4,polka-dotted,circle,0.85,0.85,113,,,,cloud,213,utterance_choice
0.85,22b1,0.9,red,shape,331,10970,9.238566666666667,,18,8,5,polka-dotted,blue,0.1,0.9,232,solid,1,,green,213,utterance_choice
1,22a1,0.15,square,pattern,312,25421,9.238566666666667,,18,9,4,red,green,0.05,0.7,223,,,,circle,233,utterance_choice
0.9,111,0.9,green,shape,231,12130,9.238566666666667,red,18,10,6,polka-dotted,striped,0.9,0.9,122,solid,0.85,0.9,blue,313,utterance_choice
0.65,22a2b,0.1,cloud,pattern,311,21791,9.238566666666667,,18,11,4,square,blue,0.1,0.65,113,,,,green,133,utterance_choice
0.85,321,0.85,cloud,color,331,6731,9.238566666666667,,18,12,4,circle,square,0.9,0.05,132,,,,polka-dotted,232,utterance_choice
,331,0.15,,color,111,8520,9.238566666666667,,18,13,2,cloud,solid,0.15,,112,,,,,113,utterance_choice
0.15,322b,0.75,circle,color,231,6121,9.238566666666667,,18,14,3,solid,polka-dotted,0.9,,212,,,,,232,utterance_choice
0.95,22a1,1,blue,shape,221,16490,9.238566666666667,,18,15,5,polka-dotted,red,0.95,0.4,132,green,0.95,,striped,223,utterance_choice
0.1,22b2b,1,green,shape,222,25230,9.238566666666667,,18,16,4,striped,polka-dotted,0.15,1,123,,,,red,233,utterance_choice
0.9,211,0.9,blue,shape,231,16020,9.238566666666667,solid,18,17,6,green,polka-dotted,0.95,1,312,striped,0.95,0.95,red,223,utterance_choice
0,22b1,0.9,cloud,color,211,4842,10.081366666666666,,19,3,5,solid,square,0.85,0.05,331,circle,0,,polka-dotted,132,utterance_choice
0,321,0.9,solid,color,212,23881,10.081366666666666,,19,4,4,striped,polka-dotted,0.95,0,222,,,,circle,233,utterance_choice
0,211,1,circle,pattern,211,26041,10.081366666666666,,19,5,5,square,green,1,1,121,blue,0,,cloud,333,utterance_choice
0,321,1,blue,pattern,211,6390,10.081366666666666,,19,6,3,circle,red,1,,222,,,,,232,utterance_choice
1,311,0,striped,shape,312,6370,10.081366666666666,,19,7,4,red,solid,0,1,122,,,,polka-dotted,232,utterance_choice
0,22a2b,1,square,color,231,11752,10.081366666666666,,19,8,4,solid,polka-dotted,0,1,331,,,,circle,313,utterance_choice
0,22a1,1,circle,color,131,20752,10.081366666666666,,19,9,4,cloud,polka-dotted,0,0,212,,,,solid,133,utterance_choice
0,22a1,1,blue,pattern,211,19821,10.081366666666666,,19,10,5,circle,square,0,1,123,cloud,1,,green,323,utterance_choice
1,22a2b,0,blue,pattern,311,2321,10.081366666666666,,19,11,4,cloud,red,0,0,321,,,,square,122,utterance_choice
,331,1,,pattern,212,6480,10.081366666666666,,19,12,2,red,circle,0,,222,,,,,232,utterance_choice
1,211,1,circle,pattern,121,10271,10.081366666666666,blue,19,13,6,cloud,green,0,1,312,square,1,0,red,213,utterance_choice
0,111,0,red,pattern,121,23581,10.081366666666666,blue,19,14,6,circle,square,1,1,312,cloud,1,1,green,233,utterance_choice
0,22b1,1,square,pattern,311,23081,10.081366666666666,,19,15,4,blue,circle,0,1,221,,,,green,233,utterance_choice
0,22b2b,1,solid,shape,311,4110,10.081366666666666,,19,16,4,red,striped,0,1,212,,,,blue,322,utterance_choice
1,322b,1,circle,color,121,3551,10.081366666666666,,19,17,3,striped,cloud,1,,122,,,,,222,utterance_choice
0.95,22a1,1,polka-dotted,shape,221,16490,4.459033333333333,,20,3,5,blue,green,0.95,0.95,132,red,0.95,,striped,223,utterance_choice
0.95,22b2b,0.5,circle,pattern,231,27781,4.459033333333333,,20,4,4,blue,green,0.5,0.5,213,,,,square,333,utterance_choice
0.5,111,0.5,red,pattern,311,14521,4.459033333333333,cloud,20,5,6,green,blue,0.5,1,232,square,0.95,1,circle,123,utterance_choice
,331,0.5,,pattern,211,420,4.459033333333333,,20,6,2,circle,blue,0.95,,221,,,,,231,utterance_choice
0.75,311,1,polka-dotted,color,211,16611,4.459033333333333,,20,7,4,solid,striped,0.95,0.25,232,,,,circle,223,utterance_choice
0.2,322b,0.95,circle,color,222,25441,4.459033333333333,,20,8,3,striped,polka-dotted,0.95,,223,,,,,233,utterance_choice
0.5,321,0.5,blue,shape,321,18420,4.459033333333333,,20,9,4,red,green,0.5,1,122,,,,striped,323,utterance_choice
0.2,211,0.95,cloud,color,231,10422,4.459033333333333,,20,10,5,striped,solid,0.5,0.5,122,circle,0.5,,polka-dotted,213,utterance_choice
0.95,22a2b,0.95,green,pattern,112,20881,4.459033333333333,,20,11,4,cloud,red,0.5,0.5,312,,,,square,133,utterance_choice
0.3,22a1,0.3,cloud,color,121,14532,4.459033333333333,,20,12,4,polka-dotted,circle,0.5,0.5,232,,,,striped,123,utterance_choice
0.5,22b1,0.95,cloud,color,111,18372,4.459033333333333,,20,13,4,striped,solid,0.9,0.5,122,,,,square,323,utterance_choice
0.5,22a2b,0.5,red,pattern,212,18591,4.459033333333333,,20,14,4,circle,green,0.5,0.5,222,,,,square,323,utterance_choice
0.5,22b1,0.5,green,shape,211,12610,4.459033333333333,,20,15,5,polka-dotted,red,0.95,0.5,232,solid,1,,blue,313,utterance_choice
0.95,211,0.5,striped,shape,211,23920,4.459033333333333,blue,20,16,6,green,red,0.5,0.95,322,solid,0.95,0.5,polka-dotted,233,utterance_choice
0.5,321,0.95,circle,color,211,8531,4.459033333333333,,20,17,3,cloud,solid,0.5,,112,,,,,113,utterance_choice
0.7,211,0.4,circle,color,131,19482,3.2656833333333335,square,21,3,6,cloud,solid,0.75,0.3,213,polka-dotted,0.85,0.3,striped,323,utterance_choice
,331,0.95,,color,331,27440,3.2656833333333335,,21,4,2,square,polka-dotted,0.8,,332,,,,,333,utterance_choice
0.65,322b,0.7,solid,color,111,9691,3.2656833333333335,,21,5,3,cloud,circle,0.9,,211,,,,,213,utterance_choice
0.9,311,0.4,green,pattern,321,26600,3.2656833333333335,,21,6,4,red,blue,0.25,0.8,312,,,,square,333,utterance_choice
0.8,22a1,0.65,solid,color,121,1332,3.2656833333333335,,21,7,5,circle,cloud,0.8,0.9,321,striped,0.8,,square,212,utterance_choice
0.85,22a1,0.7,circle,pattern,221,7391,3.2656833333333335,,21,8,4,red,square,0.9,0.7,312,,,,blue,332,utterance_choice
0.85,211,0.7,cloud,pattern,231,10421,3.2656833333333335,,21,9,5,green,circle,0.85,0.75,122,red,0.8,,blue,213,utterance_choice
0.75,321,0.85,square,color,331,26991,3.2656833333333335,,21,10,3,striped,polka-dotted,0.95,,322,,,,,333,utterance_choice
0.75,22b1,0.9,blue,pattern,211,12611,3.2656833333333335,,21,11,5,square,red,0.8,0.75,232,green,0.9,,circle,313,utterance_choice
0.85,321,0.75,striped,shape,212,6360,3.2656833333333335,,21,12,4,red,polka-dotted,0.85,0.9,122,,,,solid,232,utterance_choice
0.95,111,0.85,circle,pattern,131,10661,3.2656833333333335,blue,21,13,6,red,square,0.95,0.85,322,cloud,0.85,0.85,green,213,utterance_choice
0.9,22a2b,0.8,green,pattern,212,18591,3.2656833333333335,,21,14,4,red,circle,0.9,0.85,222,,,,square,323,utterance_choice
0.85,22a2b,0.9,cloud,color,312,21882,3.2656833333333335,,21,15,4,solid,square,0.9,0.8,113,,,,polka-dotted,133,utterance_choice
0.95,22b2b,0.85,blue,pattern,121,5491,3.2656833333333335,,21,16,4,red,cloud,0.95,0.9,322,,,,square,132,utterance_choice
0.95,22b1,0.9,blue,pattern,231,3291,3.2656833333333335,,21,17,4,red,cloud,0.9,0.9,112,,,,circle,222,utterance_choice
0,111,0,circle,color,311,14522,6.059966666666667,cloud,22,3,6,solid,polka-dotted,0.95,0.05,232,square,0.05,0.05,striped,123,utterance_choice
0.95,321,0.05,solid,color,211,3081,6.059966666666667,,22,4,4,striped,circle,0.05,0.05,231,,,,polka-dotted,222,utterance_choice
0,22a2b,0.05,green,shape,112,19900,6.059966666666667,,22,5,4,solid,red,0,0.95,123,,,,striped,323,utterance_choice
0.05,22a2b,0.05,square,pattern,331,7331,6.059966666666667,,22,6,4,blue,circle,0.05,0.05,212,,,,red,332,utterance_choice
0.05,22a1,0.05,square,color,331,17192,6.059966666666667,,22,7,5,striped,circle,0.05,0,213,solid,0.05,,polka-dotted,223,utterance_choice
0,22b1,0.05,circle,pattern,331,10971,6.059966666666667,,22,8,5,red,square,0.05,0,232,green,0,,blue,213,utterance_choice
0,321,0,blue,pattern,311,3940,6.059966666666667,,22,9,3,square,red,0,,331,,,,,322,utterance_choice
0.05,211,0,square,pattern,211,26041,6.059966666666667,,22,10,5,green,blue,0.05,0.05,121,cloud,1,,circle,333,utterance_choice
0,311,0.05,circle,pattern,313,25301,6.059966666666667,,22,11,4,green,square,0.05,0.05,123,,,,cloud,233,utterance_choice
0,211,0,green,shape,231,16020,6.059966666666667,striped,22,12,6,red,polka-dotted,0,0,312,blue,0,0.05,solid,223,utterance_choice
0.05,22b2b,0.05,square,color,121,5492,6.059966666666667,,22,13,4,striped,polka-dotted,0.05,0.05,322,,,,cloud,132,utterance_choice
0.05,322b,0,polka-dotted,shape,111,500,6.059966666666667,,22,14,3,solid,blue,0.05,,131,,,,,231,utterance_choice
0.05,22a1,0.05,circle,pattern,221,21811,6.059966666666667,,22,15,4,green,blue,0.05,0.95,113,,,,cloud,133,utterance_choice
0.05,22b1,0,blue,pattern,321,8361,6.059966666666667,,22,16,4,green,square,0.05,0.95,131,,,,cloud,113,utterance_choice
,331,0.05,,pattern,213,25500,6.059966666666667,,22,17,2,circle,green,0.05,,223,,,,,233,utterance_choice
0,22a2b,0.95,polka-dotted,shape,111,7350,6.686583333333333,,23,3,4,red,solid,0.95,0,312,,,,blue,332,utterance_choice
0,22a1,0.05,circle,color,311,24222,6.686583333333333,,23,4,4,square,polka-dotted,0.95,1,232,,,,solid,233,utterance_choice
0.95,22a1,0.05,solid,shape,111,9360,6.686583333333333,,23,5,5,blue,red,0.95,0.05,232,green,0.05,,polka-dotted,113,utterance_choice
0.95,22b2b,0,red,shape,212,25000,6.686583333333333,,23,6,4,solid,green,0.95,0.05,313,,,,polka-dotted,233,utterance_choice
0,22b1,0.9,polka-dotted,shape,311,8390,6.686583333333333,,23,7,4,green,solid,0,0.95,231,,,,blue,113,utterance_choice
0.95,321,0.05,polka-dotted,shape,231,7920,6.686583333333333,,23,8,3,red,blue,0.95,,132,,,,,332,utterance_choice
0.95,22a2b,0.05,cloud,pattern,122,27171,6.686583333333333,,23,9,4,green,square,0.05,0.95,132,,,,red,333,utterance_choice
1,22b1,0.05,red,pattern,312,15121,6.686583333333333,,23,10,5,square,circle,1,0,213,cloud,0,,green,123,utterance_choice
0,211,1,green,shape,331,13740,6.686583333333333,blue,23,11,6,red,solid,1,0,112,polka-dotted,0.05,0,striped,123,utterance_choice
0.05,211,0.95,square,color,221,21642,6.686583333333333,,23,12,5,striped,polka-dotted,0.05,1,332,circle,0.05,,cloud,133,utterance_choice
,331,1,,pattern,312,7820,6.686583333333333,,23,13,2,red,square,1,,322,,,,,332,utterance_choice
0.95,111,0.05,square,color,231,12132,6.686583333333333,striped,23,14,6,circle,polka-dotted,0.05,1,122,cloud,0.05,0.05,solid,313,utterance_choice
0,322b,0.95,polka-dotted,color,311,26301,6.686583333333333,,23,15,3,square,solid,0.95,,331,,,,,333,utterance_choice
0,321,1,square,pattern,212,7951,6.686583333333333,,23,16,4,cloud,circle,0.05,1,132,,,,red,332,utterance_choice
0.95,311,0.95,solid,color,311,8631,6.686583333333333,,23,17,4,circle,square,0.05,0,212,,,,cloud,113,utterance_choice
0.25,211,0.25,striped,shape,231,16020,5.2523333333333335,blue,24,3,6,green,solid,0.95,0.2,312,polka-dotted,0.15,0.15,red,223,utterance_choice
0.1,22a2b,0.9,circle,color,121,6682,5.2523333333333335,,24,4,4,striped,cloud,0.1,0.1,132,,,,polka-dotted,232,utterance_choice
0,22b1,0.15,circle,pattern,311,23081,5.2523333333333335,,24,5,4,square,green,0.9,0.1,221,,,,blue,233,utterance_choice
0.15,321,0.15,cloud,pattern,121,8550,5.2523333333333335,,24,6,4,blue,red,0.1,0.8,112,,,,green,113,utterance_choice
,331,0.95,,pattern,312,7820,5.2523333333333335,,24,7,2,red,square,0.15,,322,,,,,332,utterance_choice
0.1,321,0.85,solid,color,211,8531,5.2523333333333335,,24,8,3,circle,cloud,0.05,,112,,,,,113,utterance_choice
0.1,22a1,0.1,red,pattern,311,4671,5.2523333333333335,,24,9,4,square,cloud,0.8,0.1,321,,,,blue,132,utterance_choice
0.15,22b2b,0.85,cloud,pattern,111,20451,5.2523333333333335,,24,10,4,green,blue,0.2,0.1,231,,,,circle,133,utterance_choice
0.15,22b1,0.9,striped,color,321,25152,5.2523333333333335,,24,11,5,square,polka-dotted,0.1,0.05,123,cloud,0.1,,circle,233,utterance_choice
0.1,322b,0.1,cloud,pattern,121,2590,5.2523333333333335,,24,12,3,red,blue,0.85,,112,,,,,122,utterance_choice
0.05,22a2b,0.95,cloud,color,131,5062,5.2523333333333335,,24,13,4,polka-dotted,solid,0.15,0.1,212,,,,circle,132,utterance_choice
0.1,111,0.2,polka-dotted,shape,311,14520,5.2523333333333335,solid,24,14,6,green,striped,0.85,0.05,232,red,0.1,0.05,blue,123,utterance_choice
0.1,311,0.9,cloud,color,211,8721,5.2523333333333335,,24,15,4,circle,solid,0.1,0.1,312,,,,square,113,utterance_choice
0.05,211,0.15,striped,shape,332,17100,5.2523333333333335,,24,16,5,polka-dotted,green,0.85,0.05,113,red,0.1,,solid,223,utterance_choice
0.15,22a1,0.85,cloud,color,121,1332,5.2523333333333335,,24,17,5,striped,solid,0.15,0.05,321,circle,0.05,,square,212,utterance_choice
0.6,321,0.35,green,pattern,232,17270,5.453733333333333,,25,3,3,circle,red,0.6,,213,,,,,223,utterance_choice
,331,0.8,,shape,121,190,5.453733333333333,,25,4,2,striped,blue,0.6,,221,,,,,321,utterance_choice
0.5,211,0.25,striped,shape,332,17100,5.453733333333333,,25,5,5,green,red,0.45,0.55,113,solid,0.6,,polka-dotted,223,utterance_choice
0.45,22b1,0.55,square,pattern,312,23891,5.453733333333333,,25,6,4,red,green,0.15,0.45,222,,,,circle,233,utterance_choice
0.45,322b,0.45,cloud,pattern,121,331,5.453733333333333,,25,7,3,blue,square,0.5,,321,,,,,131,utterance_choice
0.5,22a2b,0.6,square,color,311,20412,5.453733333333333,,25,8,4,solid,polka-dotted,0.45,0.5,131,,,,cloud,133,utterance_choice
0.45,211,0.45,square,pattern,131,18971,5.453733333333333,blue,25,9,6,cloud,green,0.55,0.25,232,circle,0.5,0.75,red,323,utterance_choice
0.5,22b2b,0.55,striped,shape,121,4860,5.453733333333333,,25,10,4,polka-dotted,blue,0.5,0.5,331,,,,red,132,utterance_choice
0.65,22a1,0.45,blue,shape,231,19880,5.453733333333333,,25,11,4,polka-dotted,green,0.6,0.45,123,,,,striped,323,utterance_choice
0.5,321,0.6,solid,shape,311,11780,5.453733333333333,,25,12,4,red,green,0.4,0.5,112,,,,blue,313,utterance_choice
0.45,22b1,0.55,solid,color,211,4842,5.453733333333333,,25,13,5,cloud,circle,0.4,0.5,331,polka-dotted,0.55,,square,132,utterance_choice
0.5,311,0.5,polka-dotted,shape,312,6370,5.453733333333333,,25,14,4,striped,solid,0.5,0.35,122,,,,red,232,utterance_choice
0.4,22a1,0.65,red,pattern,111,9361,5.453733333333333,,25,15,5,circle,green,0.5,0.6,232,cloud,0.5,,blue,113,utterance_choice
0.5,22a2b,0.5,striped,color,121,6682,5.453733333333333,,25,16,4,circle,cloud,0.5,0.5,132,,,,polka-dotted,232,utterance_choice
0.5,111,0.5,blue,shape,131,10660,5.453733333333333,polka-dotted,25,17,6,striped,solid,0.5,0.5,322,green,0.5,0.5,red,213,utterance_choice
0.4,22a1,0.35,circle,color,211,21302,3.6846,,26,3,4,polka-dotted,solid,0.8,1,132,,,,cloud,133,utterance_choice
0.3,22a1,0.7,cloud,color,221,982,3.6846,,26,4,5,solid,striped,0.25,0.3,321,circle,0.35,,square,112,utterance_choice
0.35,22b1,0.25,blue,shape,211,18500,3.6846,,26,5,5,striped,solid,0.8,0.35,222,red,0.4,,green,323,utterance_choice
0.3,321,0.3,circle,color,132,29151,3.6846,,26,6,4,square,cloud,0.3,1,233,,,,polka-dotted,333,utterance_choice
0.25,22a2b,0.75,red,shape,112,19900,3.6846,,26,7,4,green,striped,0.75,0.3,123,,,,solid,323,utterance_choice
0.8,22b2b,0.2,cloud,color,121,4862,3.6846,,26,8,4,polka-dotted,square,0.65,0.15,331,,,,striped,132,utterance_choice
,331,1,,pattern,113,22520,3.6846,,26,9,2,green,cloud,0.95,,123,,,,,133,utterance_choice
0.25,22a2b,0.7,blue,shape,221,7620,3.6846,,26,10,4,red,striped,0.7,0.3,222,,,,polka-dotted,332,utterance_choice
0.25,211,0.3,striped,shape,221,20730,3.6846,solid,26,11,6,polka-dotted,green,0.2,0.25,212,red,0.3,0.2,blue,133,utterance_choice
0.3,311,1,circle,color,321,14131,3.6846,,26,12,4,square,striped,0.25,0.3,222,,,,cloud,123,utterance_choice
0.3,22b1,0.6,striped,color,131,26722,3.6846,,26,13,4,square,polka-dotted,0.25,0.6,122,,,,cloud,333,utterance_choice
0.25,211,0.5,circle,pattern,211,4661,3.6846,,26,14,5,blue,red,0.6,0.25,321,square,0.25,,cloud,132,utterance_choice
0.25,322b,1,circle,color,122,14201,3.6846,,26,15,3,cloud,striped,0.6,,222,,,,,123,utterance_choice
0.3,111,0.3,green,pattern,121,23581,3.6846,red,26,16,6,cloud,blue,0.3,0.35,312,square,0.25,0.2,circle,233,utterance_choice
1,321,0.6,striped,color,221,16101,3.6846,,26,17,3,cloud,circle,0.25,,122,,,,,223,utterance_choice
0.05,321,0.85,striped,color,211,15861,5.151716666666666,,27,3,3,circle,solid,1,,212,,,,,223,utterance_choice
0.25,22b2b,0.65,green,pattern,211,23291,5.151716666666666,,27,4,4,square,blue,0.15,1,331,,,,circle,233,utterance_choice
0.75,22b1,1,solid,shape,221,18200,5.151716666666666,,27,5,5,red,striped,0.3,0.35,212,green,0.8,,blue,323,utterance_choice
0.65,311,0.25,blue,shape,211,8720,5.151716666666666,,27,6,4,green,red,0.8,0.4,312,,,,solid,113,utterance_choice
0.8,321,0.8,cloud,color,211,12941,5.151716666666666,,27,7,4,square,solid,0.7,0.3,113,,,,circle,313,utterance_choice
0.3,322b,0.85,blue,pattern,221,25350,5.151716666666666,,27,8,3,circle,green,0.75,,223,,,,,233,utterance_choice
0.4,211,0.8,solid,shape,231,12250,5.151716666666666,red,27,9,6,green,blue,0.2,0.8,222,striped,0.25,0.4,polka-dotted,313,utterance_choice
0.35,22a2b,0.7,green,pattern,222,19041,5.151716666666666,,27,10,4,square,circle,0.4,0.85,232,,,,red,323,utterance_choice
0.4,22a2b,0.2,striped,shape,222,22680,5.151716666666666,,27,11,4,polka-dotted,red,0.75,0.75,223,,,,green,133,utterance_choice
0.65,22b1,0.25,square,color,221,18302,5.151716666666666,,27,12,4,striped,solid,0.65,0.8,312,,,,circle,323,utterance_choice
0.75,22a1,0.35,square,pattern,111,28531,5.151716666666666,,27,13,4,green,blue,0.65,0.2,323,,,,cloud,333,utterance_choice
0.15,211,0.75,square,pattern,111,14661,5.151716666666666,,27,14,5,blue,green,0.7,1,332,red,0.35,,cloud,123,utterance_choice
0.2,111,0.85,striped,shape,321,20740,5.151716666666666,blue,27,15,6,red,polka-dotted,0.2,0.8,212,green,1,0.35,solid,133,utterance_choice
,331,0.15,,shape,112,2190,5.151716666666666,,27,16,2,red,solid,1,,212,,,,,312,utterance_choice
0.85,22a1,0.15,polka-dotted,color,331,17192,5.151716666666666,,27,17,5,square,solid,0.25,0.2,213,circle,0.9,,striped,223,utterance_choice
0.65,321,0.25,striped,color,321,26961,8.45015,,28,3,3,polka-dotted,square,0.75,,322,,,,,333,utterance_choice
0.55,22b1,0.35,solid,shape,211,12610,8.45015,,28,4,5,green,red,0.75,0.7,232,polka-dotted,0.65,,blue,313,utterance_choice
0.7,211,0.4,square,pattern,311,22571,8.45015,,28,5,5,cloud,blue,0.65,0.35,223,green,0.4,,circle,133,utterance_choice
0.35,111,0.65,circle,color,231,12132,8.45015,solid,28,6,6,square,polka-dotted,0.55,0.4,122,cloud,0.6,0.7,striped,313,utterance_choice
0.6,22a1,0.35,cloud,pattern,111,23031,8.45015,,28,7,4,blue,green,0.45,0.7,121,,,,circle,233,utterance_choice
,331,0.6,,color,311,11970,8.45015,,28,8,2,square,solid,0.3,,312,,,,,313,utterance_choice
0.7,22b2b,0.35,square,color,121,5492,8.45015,,28,9,4,polka-dotted,striped,0.7,0.45,322,,,,cloud,132,utterance_choice
0.65,22b1,0.6,green,shape,221,26190,8.45015,,28,10,4,polka-dotted,striped,0.35,0.4,131,,,,blue,333,utterance_choice
0.65,211,0.55,green,shape,231,9010,8.45015,striped,28,11,6,solid,polka-dotted,0.7,0.55,222,red,0.6,0.65,blue,113,utterance_choice
0.7,311,0.55,red,pattern,121,20630,8.45015,,28,12,4,cloud,blue,0.6,0.6,112,,,,green,133,utterance_choice
0.65,321,0.55,blue,pattern,321,27410,8.45015,,28,13,4,square,green,0.3,0.55,332,,,,red,333,utterance_choice
0.65,22a1,0.7,cloud,pattern,232,19971,8.45015,,28,14,5,square,red,0.6,0.4,123,circle,0.55,,green,323,utterance_choice
0.55,322b,0.3,green,pattern,222,25440,8.45015,,28,15,3,red,circle,0.65,,223,,,,,233,utterance_choice
0.65,22a2b,0.4,cloud,color,122,25432,8.45015,,28,16,4,striped,circle,0.6,0.55,223,,,,polka-dotted,233,utterance_choice
0.7,22a2b,0.4,square,pattern,211,27911,8.45015,,28,17,4,circle,green,0.45,0.55,313,,,,blue,333,utterance_choice
0,211,0.45,cloud,pattern,231,10421,10.445033333333333,,29,3,5,blue,red,0.45,0.95,122,green,0.95,,circle,213,utterance_choice
0.15,311,0.9,red,shape,311,8630,10.445033333333333,,29,4,4,green,blue,0.05,0.85,212,,,,solid,113,utterance_choice
0.8,22b1,0.2,square,color,121,5132,10.445033333333333,,29,5,5,cloud,solid,0.85,0.25,312,striped,0.65,,polka-dotted,132,utterance_choice
0.25,211,0.7,polka-dotted,color,131,19482,10.445033333333333,solid,29,6,6,square,cloud,0.2,0.5,213,striped,0.3,0.5,circle,323,utterance_choice
0.8,322b,0.3,circle,pattern,313,29201,10.445033333333333,,29,7,3,green,square,0.3,,233,,,,,333,utterance_choice
0.2,321,0.25,striped,shape,111,100,10.445033333333333,,29,8,3,solid,blue,0.65,,211,,,,,321,utterance_choice
0.25,22a2b,0.75,cloud,pattern,112,19331,10.445033333333333,,29,9,4,square,red,0.2,0.7,113,,,,green,323,utterance_choice
0.25,111,0.2,red,shape,131,10660,10.445033333333333,blue,29,10,6,polka-dotted,solid,0.2,0.1,322,striped,0.8,0.5,green,213,utterance_choice
0.5,22a1,0.65,green,pattern,232,19971,10.445033333333333,,29,11,5,square,cloud,0.1,0.75,123,red,0.7,,circle,323,utterance_choice
,331,0.3,,color,131,21350,10.445033333333333,,29,12,2,cloud,polka-dotted,0.3,,132,,,,,133,utterance_choice
0.5,22a1,0.15,cloud,color,131,12512,10.445033333333333,,29,13,4,polka-dotted,solid,0.7,0.5,132,,,,square,313,utterance_choice
0.25,321,0.8,polka-dotted,shape,312,6620,10.445033333333333,,29,14,4,red,striped,0.8,0.25,322,,,,solid,232,utterance_choice
0.3,22b2b,0.8,red,shape,321,7630,10.445033333333333,,29,15,4,striped,blue,0.8,0.5,222,,,,polka-dotted,332,utterance_choice
0.2,22a2b,0.2,blue,pattern,221,7051,10.445033333333333,,29,16,4,square,red,0.2,0.75,231,,,,circle,332,utterance_choice
0.2,22b1,0.7,circle,color,231,10812,10.445033333333333,,29,17,4,solid,cloud,0.5,0.8,132,,,,polka-dotted,213,utterance_choice
0.6,22a2b,0.6,solid,shape,211,1720,5.864333333333334,,30,3,4,blue,striped,0.8,0.6,221,,,,red,312,utterance_choice
0.6,111,0.5,polka-dotted,shape,231,9140,5.864333333333334,green,30,4,6,blue,striped,0.7,0.35,322,red,0.5,0.55,solid,113,utterance_choice
0.55,22b1,0.6,blue,pattern,221,27241,5.864333333333334,,30,5,5,green,red,0.75,1,232,square,0.55,,circle,333,utterance_choice
0.55,321,0.55,solid,shape,311,430,5.864333333333334,,30,6,4,blue,polka-dotted,0.95,0.55,221,,,,striped,231,utterance_choice
0.5,22a1,1,solid,color,131,10802,5.864333333333334,,30,7,4,polka-dotted,cloud,1,0.65,132,,,,circle,213,utterance_choice
0.65,311,0.55,square,pattern,312,6371,5.864333333333334,,30,8,4,circle,cloud,0.55,1,122,,,,red,232,utterance_choice
1,322b,1,cloud,pattern,112,2741,5.864333333333334,,30,9,3,circle,red,0.35,,212,,,,,122,utterance_choice
,331,1,,shape,122,4540,5.864333333333334,,30,10,2,red,striped,1,,222,,,,,322,utterance_choice
0.5,211,0.55,cloud,color,212,28202,5.864333333333334,solid,30,11,6,striped,circle,0.55,0.9,123,square,0.85,0.6,polka-dotted,333,utterance_choice
1,321,1,blue,pattern,311,3940,5.864333333333334,,30,12,3,red,square,0.45,,331,,,,,322,utterance_choice
0.4,22a1,0.45,red,shape,221,16490,5.864333333333334,,30,13,5,green,polka-dotted,0.55,1,132,blue,0.55,,striped,223,utterance_choice
0.7,211,0.55,striped,color,311,23802,5.864333333333334,,30,14,5,square,polka-dotted,0.45,0.2,222,circle,1,,solid,233,utterance_choice
0.3,22b1,0.35,solid,color,231,10812,5.864333333333334,,30,15,4,circle,cloud,1,0.9,132,,,,polka-dotted,213,utterance_choice
0.35,22a2b,1,striped,color,212,10452,5.864333333333334,,30,16,4,solid,circle,1,0.45,122,,,,cloud,213,utterance_choice
0.45,22b2b,1,striped,color,232,22712,5.864333333333334,,30,17,4,circle,polka-dotted,1,0.45,223,,,,cloud,133,utterance_choice
0.75,22b2b,0.15,striped,color,121,19272,4.3563,,31,3,4,solid,square,0.3,0.75,113,,,,cloud,323,utterance_choice
,331,0.9,,pattern,212,6480,4.3563,,31,4,2,circle,red,0.9,,222,,,,,232,utterance_choice
0.9,322b,0.35,polka-dotted,shape,231,29070,4.3563,,31,5,3,green,blue,0.7,,233,,,,,333,utterance_choice
0.15,22a2b,0.15,polka-dotted,color,312,21882,4.3563,,31,6,4,solid,square,0.65,0.6,113,,,,cloud,133,utterance_choice
0.85,22a2b,0.1,cloud,color,121,28132,4.3563,,31,7,4,polka-dotted,square,0.1,0.75,123,,,,striped,333,utterance_choice
0.1,111,0.1,blue,pattern,111,23911,4.3563,green,31,8,6,square,circle,0.1,0.1,322,cloud,0.1,0.1,red,233,utterance_choice
0.15,22b1,0.1,polka-dotted,shape,111,26550,4.3563,,31,9,5,green,blue,0.15,0.85,312,red,0.15,,solid,333,utterance_choice
0.05,321,0.05,circle,color,221,4341,4.3563,,31,10,4,cloud,square,0.1,0.9,122,,,,striped,322,utterance_choice
0.7,22a1,0.05,circle,color,221,12222,4.3563,,31,11,4,striped,square,0.85,0.1,222,,,,solid,313,utterance_choice
0.1,211,0.1,green,pattern,321,10101,4.3563,red,31,12,6,circle,blue,0.1,0.05,112,cloud,0.1,0.1,square,213,utterance_choice
0.05,211,0.7,striped,color,311,23802,4.3563,,31,13,5,solid,circle,0.1,0.1,222,square,0.1,,polka-dotted,233,utterance_choice
0.1,311,0.05,solid,color,211,16611,4.3563,,31,14,4,circle,striped,1,0.1,232,,,,polka-dotted,223,utterance_choice
0.85,22b1,0.1,blue,shape,221,26190,4.3563,,31,15,4,green,striped,0.2,0.65,131,,,,polka-dotted,333,utterance_choice
0.1,321,0.8,polka-dotted,color,131,14021,4.3563,,31,16,3,cloud,striped,0.95,,122,,,,,123,utterance_choice
0.8,22a1,0.1,square,pattern,311,12081,4.3563,,31,17,5,green,cloud,0.2,0.1,122,red,0.1,,blue,313,utterance_choice
0.45,321,0.15,circle,pattern,211,5670,4.4293,,32,3,3,blue,red,0.75,,221,,,,,232,utterance_choice
0.35,311,0.4,striped,shape,213,22960,4.4293,,32,4,4,green,solid,0.65,0.6,323,,,,polka-dotted,133,utterance_choice
0.6,322b,0.7,striped,shape,111,40,4.4293,,32,5,3,blue,solid,0.15,,211,,,,,221,utterance_choice
0.25,22a1,0.65,green,pattern,211,19821,4.4293,,32,6,5,blue,circle,0.65,0.65,123,cloud,0.6,,square,323,utterance_choice
0.35,22a2b,0.2,solid,shape,121,970,4.4293,,32,7,4,red,blue,0.55,0.35,321,,,,striped,112,utterance_choice
0.2,211,0.2,square,color,311,10372,4.4293,,32,8,5,circle,striped,0.35,0.65,122,cloud,0.25,,solid,213,utterance_choice
0.25,22a2b,0.35,circle,color,122,25432,4.4293,,32,9,4,polka-dotted,cloud,0.65,0.3,223,,,,striped,233,utterance_choice
0.3,22b2b,0.65,square,pattern,321,7631,4.4293,,32,10,4,blue,circle,0.25,0.25,222,,,,red,332,utterance_choice
,331,0.15,,pattern,313,28730,4.4293,,32,11,2,square,green,0.15,,323,,,,,333,utterance_choice
0.15,211,0.45,cloud,color,212,28202,4.4293,square,32,12,6,striped,solid,0.45,0.3,123,polka-dotted,0.2,0.3,circle,333,utterance_choice
0.6,321,0.1,solid,shape,212,6610,4.4293,,32,13,4,polka-dotted,red,0.35,0.6,322,,,,striped,232,utterance_choice
0.25,111,0.3,green,pattern,231,9141,4.4293,cloud,32,14,6,circle,red,0.4,0.4,322,square,0.55,0.3,blue,113,utterance_choice
0.6,22b1,0.35,green,shape,322,22690,4.4293,,32,15,4,red,polka-dotted,0.3,0.4,223,,,,striped,133,utterance_choice
0.2,22a1,0.2,cloud,color,231,14032,4.4293,,32,16,4,polka-dotted,striped,0.7,0.7,122,,,,circle,123,utterance_choice
0.3,22b1,0.25,striped,color,121,5132,4.4293,,32,17,5,square,polka-dotted,0.45,0.55,312,cloud,0.25,,solid,132,utterance_choice
1,211,0,red,pattern,231,14731,19.144583333333333,green,33,3,6,cloud,square,0,0,332,circle,0,0,blue,123,utterance_choice
0,322b,0,solid,color,312,13041,19.144583333333333,,33,4,3,square,cloud,1,,113,,,,,313,utterance_choice
0,22a2b,0,square,pattern,122,9191,19.144583333333333,,33,5,4,cloud,red,1,0,322,,,,green,113,utterance_choice
0,321,0,cloud,color,311,8541,19.144583333333333,,33,6,3,solid,square,1,,112,,,,,113,utterance_choice
0,211,0,cloud,pattern,131,3471,19.144583333333333,,33,7,5,red,circle,1,0,312,square,0,,blue,222,utterance_choice
1,22b2b,0,polka-dotted,shape,231,5070,19.144583333333333,,33,8,4,red,blue,0,0,212,,,,solid,132,utterance_choice
0,22b1,0,red,shape,232,22930,19.144583333333333,,33,9,4,polka-dotted,striped,0,1,323,,,,green,133,utterance_choice
0,321,0,circle,pattern,221,751,19.144583333333333,,33,10,4,cloud,square,0,1,131,,,,blue,331,utterance_choice
0,22b1,0,cloud,pattern,221,28141,19.144583333333333,,33,11,5,green,circle,1,0,123,square,0,,blue,333,utterance_choice
0,22a1,1,striped,shape,211,13320,19.144583333333333,,33,12,4,solid,blue,0,0,311,,,,green,123,utterance_choice
,331,0,,color,311,11970,19.144583333333333,,33,13,2,solid,square,1,,312,,,,,313,utterance_choice
0,22a2b,0,square,pattern,321,6431,19.144583333333333,,33,14,4,circle,red,1,0,222,,,,blue,232,utterance_choice
0,22a1,0,solid,color,221,982,19.144583333333333,,33,15,5,striped,cloud,1,0,321,square,0,,circle,112,utterance_choice
0,111,0,blue,shape,221,12490,19.144583333333333,polka-dotted,33,16,6,striped,solid,0,0,132,red,0,0,green,313,utterance_choice
0.05,311,0,red,shape,331,24130,19.144583333333333,,33,17,4,polka-dotted,green,1,0.05,132,,,,blue,233,utterance_choice
0.05,211,0.05,striped,color,221,9402,4.826216666666666,,34,3,5,cloud,circle,0.05,0.75,232,polka-dotted,0.2,,solid,113,utterance_choice
0.25,322b,0.75,solid,color,111,9691,4.826216666666666,,34,4,3,circle,cloud,0.8,,211,,,,,213,utterance_choice
0.05,22b2b,1,polka-dotted,color,112,21692,4.826216666666666,,34,5,4,square,cloud,0.05,0.1,332,,,,solid,133,utterance_choice
0.05,111,0.15,square,color,121,23582,4.826216666666666,solid,34,6,6,polka-dotted,cloud,0.25,0.05,312,circle,0.05,0.75,striped,233,utterance_choice
0,22a1,0.85,polka-dotted,shape,221,4690,4.826216666666666,,34,7,4,blue,red,0.05,0.05,321,,,,striped,132,utterance_choice
0.15,22a2b,0.9,polka-dotted,shape,111,20250,4.826216666666666,,34,8,4,green,blue,0.2,0.15,311,,,,solid,133,utterance_choice
0.1,321,0.9,cloud,color,221,16101,4.826216666666666,,34,9,3,striped,circle,0.05,,122,,,,,223,utterance_choice
0.1,22a2b,0.1,polka-dotted,color,121,23092,4.826216666666666,,34,10,4,striped,circle,0.95,0.1,221,,,,cloud,233,utterance_choice
0.05,321,0.8,striped,shape,112,6350,4.826216666666666,,34,11,4,polka-dotted,solid,0.05,0,122,,,,red,232,utterance_choice
0.1,311,1,blue,shape,111,11850,4.826216666666666,,34,12,4,red,solid,0.05,0.05,212,,,,green,313,utterance_choice
0.1,22b1,0.95,striped,color,312,15122,4.826216666666666,,34,13,5,square,solid,0.15,0.05,213,circle,0.05,,cloud,123,utterance_choice
,331,0.9,,color,221,16220,4.826216666666666,,34,14,2,striped,circle,0.1,,222,,,,,223,utterance_choice
0.1,22b1,0.15,cloud,color,121,9102,4.826216666666666,,34,15,4,square,solid,0.15,0.9,322,,,,striped,113,utterance_choice
0.85,211,0.05,solid,color,222,9652,4.826216666666666,polka-dotted,34,16,6,striped,circle,0.05,0,332,square,0,0,cloud,113,utterance_choice
0,22a1,0.05,striped,color,212,14602,4.826216666666666,,34,17,5,polka-dotted,cloud,0,0,232,circle,1,,solid,123,utterance_choice
0.8,22a2b,0,square,pattern,112,19331,4.807433333333333,,35,3,4,red,green,0,0.2,113,,,,cloud,323,utterance_choice
0.7,22b1,0.25,blue,pattern,321,25151,4.807433333333333,,35,4,5,cloud,circle,0.15,0,123,square,0.4,,green,233,utterance_choice
0.45,22b2b,0.3,blue,pattern,311,4111,4.807433333333333,,35,5,4,circle,red,0.6,0,212,,,,square,322,utterance_choice
,331,0,,color,111,8520,4.807433333333333,,35,6,2,cloud,solid,0,,112,,,,,113,utterance_choice
0.1,322b,0.15,red,shape,212,3620,4.807433333333333,,35,7,3,solid,striped,0.6,,122,,,,,222,utterance_choice
0.35,311,0.65,red,shape,211,11770,4.807433333333333,,35,8,4,blue,green,0.35,0,112,,,,solid,313,utterance_choice
0.85,211,0.2,solid,shape,221,20730,4.807433333333333,polka-dotted,35,9,6,striped,green,0.2,0.2,212,blue,0.05,0.65,red,133,utterance_choice
0.35,22b1,0,solid,color,331,11932,4.807433333333333,,35,10,4,polka-dotted,square,0.55,0.8,212,,,,circle,313,utterance_choice
0.7,111,0.35,striped,shape,321,20740,4.807433333333333,red,35,11,6,green,polka-dotted,0.2,0,212,solid,0.85,0.35,blue,133,utterance_choice
0,22a1,0.35,red,shape,221,2050,4.807433333333333,,35,12,4,solid,blue,0,0.75,112,,,,striped,312,utterance_choice
0,22a2b,0.25,green,shape,321,13160,4.807433333333333,,35,13,4,blue,striped,0.35,0.6,213,,,,solid,313,utterance_choice
0.7,321,0,solid,color,131,9271,4.807433333333333,,35,14,3,polka-dotted,cloud,0.2,,132,,,,,113,utterance_choice
0.6,321,0,square,color,112,10331,4.807433333333333,,35,15,4,cloud,solid,0.25,0.45,312,,,,circle,213,utterance_choice
0.2,211,0.5,square,color,321,20652,4.807433333333333,,35,16,5,cloud,solid,0,0.8,112,polka-dotted,0.65,,striped,133,utterance_choice
0,22a1,0.6,blue,pattern,221,981,4.807433333333333,,35,17,5,circle,square,0.6,0.4,321,red,0,,cloud,112,utterance_choice
0,22a1,1,square,pattern,111,18621,6.8402666666666665,,36,3,5,blue,red,1,1,322,cloud,0,,green,323,utterance_choice
1,111,1,red,pattern,121,23581,6.8402666666666665,circle,36,4,6,green,blue,1,0,312,cloud,0,0,square,233,utterance_choice
1,211,0,red,pattern,112,25621,6.8402666666666665,,36,5,5,cloud,circle,0,0,323,green,1,,square,233,utterance_choice
0,321,0,circle,color,212,23881,6.8402666666666665,,36,6,4,striped,polka-dotted,0,0,222,,,,solid,233,utterance_choice
1,322b,1,green,pattern,313,29201,6.8402666666666665,,36,7,3,square,circle,0,,233,,,,,333,utterance_choice
1,22b2b,0,blue,pattern,121,19271,6.8402666666666665,,36,8,4,green,cloud,1,0,113,,,,square,323,utterance_choice
1,22b1,0,blue,pattern,131,7641,6.8402666666666665,,36,9,5,circle,cloud,0,0,222,red,1,,square,332,utterance_choice
0,22a1,0,blue,shape,231,19880,6.8402666666666665,,36,10,4,striped,polka-dotted,0,0,123,,,,green,323,utterance_choice
0,22a2b,0,striped,shape,221,7620,6.8402666666666665,,36,11,4,red,polka-dotted,0,0,222,,,,blue,332,utterance_choice
1,311,0,solid,shape,213,22960,6.8402666666666665,,36,12,4,green,striped,0,0,323,,,,polka-dotted,133,utterance_choice
0,321,1,square,pattern,212,6611,6.8402666666666665,,36,13,3,circle,red,0,,322,,,,,232,utterance_choice
1,22a2b,1,green,pattern,122,16571,6.8402666666666665,,36,14,4,cloud,red,0,0,132,,,,circle,223,utterance_choice
,331,1,,shape,113,13290,6.8402666666666665,,36,15,2,green,solid,0,,213,,,,,313,utterance_choice
0,211,0,circle,color,111,17922,6.8402666666666665,square,36,16,6,polka-dotted,striped,0,0,231,cloud,0,0,solid,323,utterance_choice
0,22b1,1,cloud,pattern,312,21011,6.8402666666666665,,36,17,4,square,red,0,1,122,,,,green,133,utterance_choice
0,111,0.6,square,color,321,9412,3.25125,polka-dotted,37,3,6,striped,solid,0.25,0,232,cloud,0,0.35,circle,113,utterance_choice
0,321,0,green,pattern,232,17270,3.25125,,37,4,3,circle,red,0.3,,213,,,,,223,utterance_choice
0.75,22b1,0.7,polka-dotted,shape,121,5910,3.25125,,37,5,4,blue,striped,0,0,331,,,,red,232,utterance_choice
0.15,211,0.15,green,shape,211,26040,3.25125,,37,6,5,striped,blue,0.55,0.7,121,solid,0.35,,polka-dotted,333,utterance_choice
0.05,22a1,0.8,red,pattern,221,4951,3.25125,,37,7,4,circle,cloud,0.6,0.05,112,,,,blue,132,utterance_choice
0,22a2b,0.55,red,shape,111,7350,3.25125,,37,8,4,blue,solid,0,0.75,312,,,,polka-dotted,332,utterance_choice
0,22a2b,0.25,green,shape,321,13160,3.25125,,37,9,4,solid,striped,0.6,0,213,,,,blue,313,utterance_choice
0.65,322b,0.2,solid,color,331,7431,3.25125,,37,10,3,polka-dotted,square,0.35,,312,,,,,332,utterance_choice
0.7,211,0.6,striped,shape,111,21150,3.25125,blue,37,11,6,red,solid,0,0.75,322,green,0,0,polka-dotted,133,utterance_choice
0.35,321,0.15,square,color,132,29151,3.25125,,37,12,4,polka-dotted,cloud,0.55,0.2,233,,,,circle,333,utterance_choice
0,22a1,0.65,blue,pattern,131,12511,3.25125,,37,13,5,red,square,0,0.85,132,green,0,,cloud,313,utterance_choice
0.65,311,0.7,striped,shape,211,310,3.25125,,37,14,4,solid,polka-dotted,0.3,0.1,321,,,,blue,131,utterance_choice
0.05,22b1,0.8,blue,pattern,111,26551,3.25125,,37,15,5,green,cloud,0,0,312,square,0.65,,red,333,utterance_choice
0.65,22b2b,0,square,pattern,212,25001,3.25125,,37,16,4,green,red,0,0.65,313,,,,circle,233,utterance_choice
,331,0.65,,pattern,211,420,3.25125,,37,17,2,blue,circle,0,,221,,,,,231,utterance_choice
1,321,1,square,pattern,111,51,4.336033333333333,,38,3,4,blue,circle,0,1,311,,,,cloud,221,utterance_choice
0,322b,0.5,green,pattern,223,29221,4.336033333333333,,38,4,3,circle,square,1,,233,,,,,333,utterance_choice
0.5,22a1,0,polka-dotted,shape,221,4690,4.336033333333333,,38,5,4,red,striped,0.5,1,321,,,,blue,132,utterance_choice
,331,0,,color,231,24270,4.336033333333333,,38,6,2,polka-dotted,circle,0,,232,,,,,233,utterance_choice
0.65,22a1,0,solid,color,132,17262,4.336033333333333,,38,7,5,polka-dotted,circle,0.3,0.65,213,cloud,0.3,,striped,223,utterance_choice
0.5,211,0.5,striped,shape,332,15180,4.336033333333333,,38,8,5,polka-dotted,solid,0.5,1,213,red,0.2,,green,123,utterance_choice
0,22b1,1,circle,pattern,131,8671,4.336033333333333,,38,9,5,red,cloud,0,0,212,blue,0,,green,113,utterance_choice
0.25,22b1,0.25,polka-dotted,color,121,16632,4.336033333333333,,38,10,4,striped,cloud,0.75,0.75,232,,,,circle,223,utterance_choice
0.65,321,1,polka-dotted,color,331,26991,4.336033333333333,,38,11,3,striped,square,0.15,,322,,,,,333,utterance_choice
0.75,22a2b,0.75,green,pattern,311,21791,4.336033333333333,,38,12,4,square,cloud,0,0.2,113,,,,blue,133,utterance_choice
0.2,22b2b,0.2,polka-dotted,color,311,1012,4.336033333333333,,38,13,4,cloud,square,0.75,0.75,131,,,,solid,112,utterance_choice
1,311,0,solid,color,211,11771,4.336033333333333,,38,14,4,square,cloud,0,0,112,,,,circle,313,utterance_choice
0,111,0,cloud,pattern,121,23581,4.336033333333333,red,38,15,6,circle,blue,0,0,312,square,0,0,green,233,utterance_choice
0.15,211,0.15,red,pattern,131,18971,4.336033333333333,circle,38,16,6,square,cloud,0.15,0.15,232,blue,0.15,0.15,green,323,utterance_choice
0.1,22a2b,0.85,polka-dotted,shape,122,25430,4.336033333333333,,38,17,4,green,striped,0.1,0,223,,,,red,233,utterance_choice
0,22a1,1,square,pattern,111,29001,5.269533333333333,,39,3,5,green,circle,1,0,233,blue,0,,cloud,333,utterance_choice
1,22a1,1,square,pattern,311,4671,5.269533333333333,,39,4,4,red,blue,0,0,321,,,,cloud,132,utterance_choice
0,321,1,green,shape,111,9700,5.269533333333333,,39,5,3,solid,blue,0,,311,,,,,213,utterance_choice
0,321,1,cloud,color,112,10331,5.269533333333333,,39,6,4,solid,circle,1,0,312,,,,square,213,utterance_choice
1,22b1,0,blue,pattern,131,8671,5.269533333333333,,39,7,5,circle,green,0,0,212,cloud,1,,red,113,utterance_choice
1,22a2b,0,square,pattern,221,7621,5.269533333333333,,39,8,4,blue,circle,0,0,222,,,,red,332,utterance_choice
0,22a2b,0.9,green,pattern,211,8381,5.269533333333333,,39,9,4,cloud,blue,0,1,231,,,,circle,113,utterance_choice
1,211,0,green,shape,121,24930,5.269533333333333,,39,10,5,solid,blue,1,0,313,striped,0,,polka-dotted,233,utterance_choice
0,111,1,blue,shape,121,23580,5.269533333333333,polka-dotted,39,11,6,green,solid,0,0,312,red,1,0,striped,233,utterance_choice
0,22b1,0.9,solid,shape,321,3270,5.269533333333333,,39,12,4,red,striped,1,0,112,,,,blue,222,utterance_choice
0,311,1,polka-dotted,shape,112,6600,5.269533333333333,,39,13,4,solid,red,0,1,322,,,,striped,232,utterance_choice
,331,1,,color,131,21350,5.269533333333333,,39,14,2,polka-dotted,cloud,1,,132,,,,,133,utterance_choice
0,211,1,square,pattern,221,21641,5.269533333333333,red,39,15,6,cloud,circle,0,0,332,blue,1,0,green,133,utterance_choice
0,322b,1,blue,shape,121,3550,5.269533333333333,,39,16,3,striped,red,1,,122,,,,,222,utterance_choice
1,22b2b,0,green,pattern,121,19271,5.269533333333333,,39,17,4,cloud,blue,0,1,113,,,,square,323,utterance_choice
1,321,1,cloud,pattern,112,4511,5.128,,40,3,4,circle,red,0.6,1,222,,,,square,322,utterance_choice
0.75,22a1,0.65,blue,pattern,211,19821,5.128,,40,4,5,green,circle,0.75,0.75,123,square,0.65,,cloud,323,utterance_choice
0.55,211,0.85,polka-dotted,color,321,11102,5.128,,40,5,5,striped,square,0.7,0.7,332,circle,0.8,,solid,213,utterance_choice
0.7,111,0.65,solid,color,321,9412,5.128,circle,40,6,6,square,striped,0.7,0.75,232,polka-dotted,0.65,0.65,cloud,113,utterance_choice
0.65,22a2b,0.65,polka-dotted,color,221,26252,5.128,,40,7,4,circle,striped,0.9,0.8,231,,,,square,333,utterance_choice
0.75,22b1,0.7,red,shape,322,22690,5.128,,40,8,4,polka-dotted,green,0.75,0.85,223,,,,striped,133,utterance_choice
0.75,321,1,circle,pattern,211,391,5.128,,40,9,3,cloud,blue,0.6,,121,,,,,231,utterance_choice
0.75,211,0.75,polka-dotted,shape,331,13740,5.128,striped,40,10,6,green,red,0.7,0.7,112,blue,0.75,0.75,solid,123,utterance_choice
0.75,22a1,0.65,circle,color,231,8592,5.128,,40,11,4,solid,polka-dotted,0.8,0.85,112,,,,cloud,113,utterance_choice
0.75,22a2b,0.6,blue,pattern,211,7021,5.128,,40,12,4,circle,square,0.8,0.6,231,,,,red,332,utterance_choice
0.6,22b1,0.6,green,shape,211,12610,5.128,,40,13,5,solid,blue,0.65,0.6,232,red,0.65,,polka-dotted,313,utterance_choice
0.75,322b,0.7,polka-dotted,shape,111,500,5.128,,40,14,3,blue,solid,1,,131,,,,,231,utterance_choice
,331,1,,pattern,112,5300,5.128,,40,15,2,cloud,red,1,,122,,,,,132,utterance_choice
0.75,22b2b,0.8,circle,color,321,7632,5.128,,40,16,4,polka-dotted,striped,0.65,0.75,222,,,,square,332,utterance_choice
0.7,311,0.6,circle,pattern,313,22751,5.128,,40,17,4,green,square,0.95,0.7,223,,,,cloud,133,utterance_choice
1,22b2b,0,circle,color,211,23292,8.351366666666667,,41,3,4,square,solid,0,1,331,,,,polka-dotted,233,utterance_choice
,331,0,,pattern,311,680,8.351366666666667,,41,4,2,square,blue,0,,321,,,,,331,utterance_choice
0,321,0,cloud,pattern,221,751,8.351366666666667,,41,5,4,blue,circle,1,0,131,,,,square,331,utterance_choice
1,22a2b,0,cloud,color,111,8442,8.351366666666667,,41,6,4,solid,polka-dotted,1,0,331,,,,square,113,utterance_choice
0,211,0,solid,color,121,6182,8.351366666666667,striped,41,7,6,square,circle,0,0,312,cloud,0,0,polka-dotted,232,utterance_choice
0,211,0,blue,pattern,321,20651,8.351366666666667,,41,8,5,cloud,square,0.7,0,112,green,0,,red,133,utterance_choice
0,22b1,0.85,red,shape,121,5910,8.351366666666667,,41,9,4,striped,blue,0,0.75,331,,,,polka-dotted,232,utterance_choice
0.65,321,0,cloud,color,131,21501,8.351366666666667,,41,10,3,polka-dotted,circle,1,,232,,,,,133,utterance_choice
1,311,0,square,color,321,26601,8.351366666666667,,41,11,4,solid,striped,0,0,312,,,,polka-dotted,333,utterance_choice
0.85,22a1,0,cloud,pattern,122,10861,8.351366666666667,,41,12,4,green,circle,0,0.85,132,,,,red,213,utterance_choice
0,22a2b,0,circle,color,211,3712,8.351366666666667,,41,13,4,solid,square,0,1,221,,,,striped,322,utterance_choice
0,22b1,0,polka-dotted,shape,121,5130,8.351366666666667,,41,14,5,striped,solid,0,1,312,blue,0,,red,132,utterance_choice
0.05,22a1,0,red,pattern,221,981,8.351366666666667,,41,15,5,square,blue,0,0,321,circle,0,,cloud,112,utterance_choice
0,111,0,circle,pattern,311,14521,8.351366666666667,blue,41,16,6,square,cloud,0,0,232,green,0,0,red,123,utterance_choice
0,322b,0,red,shape,332,28930,8.351366666666667,,41,17,3,polka-dotted,green,1,,133,,,,,333,utterance_choice
0.45,111,0.65,cloud,pattern,321,9411,4.313516666666667,square,42,3,6,red,green,0.6,0.7,232,blue,0.65,0.6,circle,113,utterance_choice
0.35,211,0.7,polka-dotted,shape,332,17100,4.313516666666667,,42,4,5,red,striped,0.15,0.1,113,green,0.85,,solid,223,utterance_choice
0.25,22b2b,0.65,square,pattern,121,5491,4.313516666666667,,42,5,4,blue,cloud,0.15,0.85,322,,,,red,132,utterance_choice
0.55,22b1,0.1,striped,color,231,18562,4.313516666666667,,42,6,4,square,polka-dotted,0.1,0.6,222,,,,circle,323,utterance_choice
0.35,22a2b,0.55,blue,pattern,221,28571,4.313516666666667,,42,7,4,square,green,0.2,0.25,323,,,,circle,333,utterance_choice
0.25,22a1,0.55,red,shape,221,15800,4.313516666666667,,42,8,5,striped,green,0.75,0.15,112,blue,0.4,,solid,223,utterance_choice
0.6,211,0.25,polka-dotted,color,312,25212,4.313516666666667,circle,42,9,6,cloud,square,0.65,0.4,123,striped,0.65,0.6,solid,233,utterance_choice
0.7,321,0.6,blue,shape,231,20590,4.313516666666667,,42,10,3,polka-dotted,green,0,,331,,,,,133,utterance_choice
0.35,22a1,0.65,striped,color,221,15802,4.313516666666667,,42,11,4,solid,cloud,0.7,0.55,112,,,,circle,223,utterance_choice
0.35,22a2b,0.65,red,shape,312,10710,4.313516666666667,,42,12,4,solid,green,0.4,0.7,322,,,,striped,213,utterance_choice
0.55,22b1,0.45,green,shape,111,26550,4.313516666666667,,42,13,5,polka-dotted,red,0.55,0.7,312,blue,0.8,,solid,333,utterance_choice
,331,0.4,,color,321,18670,4.313516666666667,,42,14,2,square,striped,0.3,,322,,,,,323,utterance_choice
0.55,311,0.8,circle,color,311,10071,4.313516666666667,,42,15,4,square,cloud,0.6,0.1,112,,,,solid,213,utterance_choice
0.5,321,0.75,solid,shape,212,6610,4.313516666666667,,42,16,4,polka-dotted,striped,0.6,0.2,322,,,,red,232,utterance_choice
0.6,322b,0.85,green,shape,332,28930,4.313516666666667,,42,17,3,polka-dotted,red,0.15,,133,,,,,333,utterance_choice
0.5,22a1,0.65,striped,color,121,14692,2.10725,,43,3,4,cloud,polka-dotted,0.65,0.55,332,,,,square,123,utterance_choice
0.65,22b1,0.65,solid,shape,121,5130,2.10725,,43,4,5,polka-dotted,red,0.65,0.5,312,blue,0.5,,striped,132,utterance_choice
0.4,22a2b,0.5,cloud,pattern,122,9191,2.10725,,43,5,4,green,red,0.4,0.65,322,,,,square,113,utterance_choice
0.65,22b1,0.55,square,color,121,9102,2.10725,,43,6,4,solid,cloud,0.7,0.7,322,,,,striped,113,utterance_choice
0.75,22b2b,0.5,solid,shape,112,21690,2.10725,,43,7,4,polka-dotted,red,0.65,0.75,332,,,,green,133,utterance_choice
0.5,22a2b,0.6,green,shape,111,20250,2.10725,,43,8,4,blue,solid,0.65,0.65,311,,,,polka-dotted,133,utterance_choice
0.5,321,0.5,blue,shape,231,7920,2.10725,,43,9,3,polka-dotted,red,0.55,,132,,,,,332,utterance_choice
0.7,111,0.75,green,pattern,311,23681,2.10725,blue,43,10,6,circle,cloud,0.5,0.65,122,red,0.65,0.6,square,233,utterance_choice
0.5,22a1,0.5,red,shape,311,12470,2.10725,,43,11,5,green,polka-dotted,0.65,0.5,132,blue,0.6,,solid,313,utterance_choice
0.5,321,0.6,striped,color,312,28641,2.10725,,43,12,4,square,solid,0.7,0.65,323,,,,polka-dotted,333,utterance_choice
0.6,311,0.65,cloud,pattern,211,311,2.10725,,43,13,4,circle,square,0.6,0.5,321,,,,blue,131,utterance_choice
0.6,322b,0.65,polka-dotted,color,331,7431,2.10725,,43,14,3,square,solid,0.5,,312,,,,,332,utterance_choice
0.5,211,0.5,green,shape,331,13930,2.10725,polka-dotted,43,15,6,blue,red,0.65,0.5,312,striped,0.65,0.5,solid,123,utterance_choice
0.7,211,0.65,red,pattern,231,2821,2.10725,,43,16,5,circle,blue,0.7,0.75,312,square,0.5,,cloud,122,utterance_choice
,331,0.7,,color,311,11970,2.10725,,43,17,2,solid,square,0.5,,312,,,,,313,utterance_choice
0.9,111,0.1,solid,shape,121,23580,4.694966666666667,polka-dotted,44,3,6,blue,striped,0.05,0.05,312,red,0.05,0.05,green,233,utterance_choice
0.05,322b,0.05,striped,shape,111,40,4.694966666666667,,44,4,3,solid,blue,0.95,,211,,,,,221,utterance_choice
0.05,22b2b,0.05,square,pattern,121,3951,4.694966666666667,,44,5,4,red,blue,0.95,0.05,331,,,,cloud,322,utterance_choice
0.05,22b1,0.9,solid,color,121,18102,4.694966666666667,,44,6,4,striped,cloud,0.05,0.05,112,,,,square,323,utterance_choice
0.1,22a1,0.95,blue,pattern,311,4671,4.694966666666667,,44,7,4,square,cloud,0.05,0.05,321,,,,red,132,utterance_choice
0.95,321,0.05,red,pattern,232,17270,4.694966666666667,,44,8,3,green,circle,0.05,,213,,,,,223,utterance_choice
0.1,311,0.05,cloud,color,211,8721,4.694966666666667,,44,9,4,circle,solid,0.05,0.9,312,,,,square,113,utterance_choice
0,22a2b,0,solid,color,112,9612,4.694966666666667,,44,10,4,polka-dotted,cloud,0,0.9,332,,,,square,113,utterance_choice
0.1,211,0.1,solid,color,221,8482,4.694966666666667,circle,44,11,6,cloud,polka-dotted,0.9,0.05,331,striped,0.05,0.05,square,113,utterance_choice
0.1,22b1,0.05,square,color,111,19422,4.694966666666667,,44,12,5,cloud,solid,0.95,0.05,213,striped,0.05,,circle,323,utterance_choice
0,22a1,1,striped,shape,221,16490,4.694966666666667,,44,13,5,red,polka-dotted,0.05,0,132,green,0,,blue,223,utterance_choice
1,321,0.05,cloud,color,131,29061,4.694966666666667,,44,14,4,square,circle,0.05,0.05,233,,,,polka-dotted,333,utterance_choice
,331,0,,color,111,8520,4.694966666666667,,44,15,2,solid,cloud,0.95,,112,,,,,113,utterance_choice
0.05,22a2b,1,solid,color,221,4232,4.694966666666667,,44,16,4,striped,circle,0.05,0,312,,,,square,322,utterance_choice
0,211,0.05,striped,color,221,11092,4.694966666666667,,44,17,5,polka-dotted,circle,0.95,0.05,332,solid,0.05,,square,213,utterance_choice
0.45,211,0.95,blue,shape,221,21640,5.2973333333333334,,45,3,5,striped,polka-dotted,0.2,0.55,332,red,0.8,,green,133,utterance_choice
0.75,322b,0.4,square,color,111,11411,5.2973333333333334,,45,4,3,cloud,solid,0.8,,311,,,,,313,utterance_choice
0.55,22b1,0.55,circle,color,231,18562,5.2973333333333334,,45,5,4,striped,square,0.7,0.55,222,,,,polka-dotted,323,utterance_choice
0.65,311,0.65,cloud,pattern,313,25301,5.2973333333333334,,45,6,4,square,circle,0.2,0.15,123,,,,green,233,utterance_choice
0.2,321,0.75,square,pattern,321,12000,5.2973333333333334,,45,7,4,green,blue,0.25,0.25,312,,,,red,313,utterance_choice
0.65,22b2b,0.65,polka-dotted,color,222,25232,5.2973333333333334,,45,8,4,striped,cloud,0.8,0.35,123,,,,circle,233,utterance_choice
0.55,22a1,0.4,blue,shape,321,9120,5.2973333333333334,,45,9,5,red,solid,0.55,0.35,322,striped,0.8,,green,113,utterance_choice
0.55,321,0.55,polka-dotted,shape,322,6790,5.2973333333333334,,45,10,3,red,striped,0.35,,132,,,,,232,utterance_choice
0.55,111,0.55,solid,shape,311,23680,5.2973333333333334,green,45,11,6,red,striped,0.55,0.55,122,polka-dotted,0.55,0.55,blue,233,utterance_choice
,331,0.3,,pattern,312,7820,5.2973333333333334,,45,12,2,red,square,0.65,,322,,,,,332,utterance_choice
0.2,22a2b,0.25,red,shape,211,1720,5.2973333333333334,,45,13,4,blue,solid,0.55,0.8,221,,,,striped,312,utterance_choice
0.2,22a2b,0.25,solid,shape,221,13150,5.2973333333333334,,45,14,4,striped,green,0.8,0.65,213,,,,blue,313,utterance_choice
0.65,22b1,0.8,red,shape,211,8950,5.2973333333333334,,45,15,5,blue,striped,0.35,0.3,222,green,0.4,,solid,113,utterance_choice
0.6,22a1,0.55,striped,shape,221,2050,5.2973333333333334,,45,16,4,red,blue,0.6,0.55,112,,,,solid,312,utterance_choice
0.6,211,0.6,solid,shape,131,9130,5.2973333333333334,red,45,17,6,polka-dotted,green,0.6,0.6,322,striped,0.6,0.6,blue,113,utterance_choice
0,111,0,polka-dotted,shape,231,12130,8.768283333333333,striped,46,3,6,solid,green,0,0,122,red,0,0.15,blue,313,utterance_choice
0.4,22a2b,0,red,pattern,212,18591,8.768283333333333,,46,4,4,square,green,0,1,222,,,,circle,323,utterance_choice
0,22b1,0,square,color,311,8392,8.768283333333333,,46,5,5,cloud,polka-dotted,0,0,231,solid,0.95,,circle,113,utterance_choice
0,322b,0.9,striped,color,122,14201,8.768283333333333,,46,6,3,circle,cloud,0,,222,,,,,123,utterance_choice
0,22a1,0,polka-dotted,shape,311,12470,8.768283333333333,,46,7,5,solid,green,0,0,132,blue,0,,red,313,utterance_choice
0,311,1,solid,color,331,18341,8.768283333333333,,46,8,4,polka-dotted,square,0,0,312,,,,striped,323,utterance_choice
1,321,0,circle,pattern,232,17270,8.768283333333333,,46,9,3,green,red,0,,213,,,,,223,utterance_choice
0,22a2b,0,red,pattern,132,11371,8.768283333333333,,46,10,4,cloud,circle,1,0,113,,,,green,213,utterance_choice
0,22b2b,1,circle,pattern,111,20451,8.768283333333333,,46,11,4,blue,cloud,0,0,231,,,,green,133,utterance_choice
,331,0,,pattern,312,7820,8.768283333333333,,46,12,2,square,red,0.95,,322,,,,,332,utterance_choice
0,22a1,0.05,polka-dotted,color,121,14692,8.768283333333333,,46,13,4,cloud,square,0.45,0.75,332,,,,striped,123,utterance_choice
0.15,321,0,red,shape,212,6610,8.768283333333333,,46,14,4,solid,striped,0,0,322,,,,polka-dotted,232,utterance_choice
0.7,211,0,square,color,321,11102,8.768283333333333,,46,15,5,circle,solid,0,0,332,striped,0,,polka-dotted,213,utterance_choice
0,22b1,0.45,solid,shape,211,4840,8.768283333333333,,46,16,4,red,polka-dotted,0,0.7,331,,,,blue,132,utterance_choice
0,211,0,square,color,121,11642,8.768283333333333,polka-dotted,46,17,6,circle,solid,0,0,231,cloud,0,0,striped,313,utterance_choice
0.5,321,1,cloud,color,331,6731,5.181433333333334,,47,3,4,circle,polka-dotted,0.35,0.5,132,,,,square,232,utterance_choice
1,321,0.5,circle,color,211,15861,5.181433333333334,,47,4,3,solid,striped,0.5,,212,,,,,223,utterance_choice
0.5,22a1,0.5,striped,shape,321,9120,5.181433333333334,,47,5,5,solid,green,0.5,0.5,322,red,0.5,,blue,113,utterance_choice
0.5,22b1,0.5,cloud,pattern,231,3291,5.181433333333334,,47,6,4,circle,red,0.5,0.5,112,,,,blue,222,utterance_choice
0.5,311,0.5,green,pattern,211,23790,5.181433333333334,,47,7,4,circle,red,0.5,0.5,222,,,,blue,233,utterance_choice
0.5,22a1,1,polka-dotted,shape,131,2160,5.181433333333334,,47,8,4,red,solid,1,0.5,212,,,,blue,312,utterance_choice
0.5,211,0.5,green,shape,331,13930,5.181433333333334,solid,47,9,6,red,polka-dotted,1,0.5,312,striped,0.5,0.5,blue,123,utterance_choice
0.5,111,0.5,striped,shape,231,12130,5.181433333333334,solid,47,10,6,blue,red,0.5,0.5,122,polka-dotted,0.5,0.5,green,313,utterance_choice
0.5,322b,0.5,circle,color,222,25441,5.181433333333334,,47,11,3,striped,polka-dotted,0.5,,223,,,,,233,utterance_choice
0.5,22a2b,0.5,striped,shape,222,22680,5.181433333333334,,47,12,4,green,red,0.5,0.5,223,,,,polka-dotted,133,utterance_choice
0.5,22b2b,0.5,square,pattern,321,7631,5.181433333333334,,47,13,4,red,circle,0.5,0.5,222,,,,blue,332,utterance_choice
,331,1,,pattern,113,22520,5.181433333333334,,47,14,2,green,cloud,1,,123,,,,,133,utterance_choice
0.5,211,0.5,polka-dotted,color,321,20652,5.181433333333334,,47,15,5,cloud,solid,0.5,0.5,112,square,0.5,,striped,133,utterance_choice
0.5,22b1,0.5,striped,color,231,17372,5.181433333333334,,47,16,5,solid,square,1,0.5,313,circle,0.5,,polka-dotted,223,utterance_choice
0.5,22a2b,0.5,polka-dotted,shape,221,5740,5.181433333333334,,47,17,4,striped,red,0.5,0.5,321,,,,blue,232,utterance_choice
0.8,22a2b,0.5,blue,shape,111,20250,22.744583333333335,,48,3,4,green,solid,0.35,0.5,311,,,,polka-dotted,133,utterance_choice
0.65,22b1,0.65,blue,shape,231,14420,22.744583333333335,,48,4,5,polka-dotted,red,0.85,0.65,132,striped,0.65,,green,123,utterance_choice
0.6,211,0.6,green,pattern,211,26041,22.744583333333335,,48,5,5,cloud,square,0.6,0.85,121,circle,0.6,,blue,333,utterance_choice
0.6,22a1,0.9,red,pattern,311,2501,22.744583333333335,,48,6,4,cloud,blue,0.6,0.95,331,,,,square,122,utterance_choice
0.65,111,0.65,striped,color,111,23912,22.744583333333335,polka-dotted,48,7,6,solid,cloud,0.65,0.65,322,square,0.65,0.65,circle,233,utterance_choice
0.9,322b,0.9,red,shape,122,14200,22.744583333333335,,48,8,3,green,striped,0.65,,222,,,,,123,utterance_choice
0.85,22b1,0.65,circle,pattern,311,23081,22.744583333333335,,48,9,4,square,green,0.65,0.85,221,,,,blue,233,utterance_choice
0.65,22a1,0.9,blue,shape,221,4950,22.744583333333335,,48,10,5,striped,red,0.65,0.65,112,polka-dotted,0.65,,solid,132,utterance_choice
0.9,22b2b,0.65,solid,shape,211,1940,22.744583333333335,,48,11,4,blue,red,0.9,0.65,331,,,,polka-dotted,312,utterance_choice
0.65,311,0.65,striped,color,211,23791,22.744583333333335,,48,12,4,polka-dotted,solid,0.65,0.95,222,,,,circle,233,utterance_choice
0.65,211,0.65,blue,shape,231,16020,22.744583333333335,striped,48,13,6,red,polka-dotted,0.65,0.65,312,solid,0.65,0.65,green,223,utterance_choice
,331,1,,shape,112,2190,22.744583333333335,,48,14,2,solid,red,1,,212,,,,,312,utterance_choice
1,321,0.65,blue,shape,311,430,22.744583333333335,,48,15,4,striped,solid,0.65,0.65,221,,,,polka-dotted,231,utterance_choice
0.9,22a2b,0.9,circle,color,122,25432,22.744583333333335,,48,16,4,polka-dotted,striped,0.65,0.65,223,,,,cloud,233,utterance_choice
0.9,321,0.95,blue,pattern,311,3940,22.744583333333335,,48,17,3,red,square,0.65,,331,,,,,322,utterance_choice
1,22a2b,0,circle,color,221,26252,2.6074,,49,3,4,striped,square,1,0,231,,,,polka-dotted,333,utterance_choice
,331,1,,color,231,24270,2.6074,,49,4,2,polka-dotted,circle,1,,232,,,,,233,utterance_choice
0.5,211,0.5,circle,pattern,331,21101,2.6074,blue,49,5,6,red,green,0.5,0.5,222,cloud,0.5,0.5,square,133,utterance_choice
0,22b1,1,square,color,331,11932,2.6074,,49,6,4,solid,circle,1,0,212,,,,polka-dotted,313,utterance_choice
0.5,322b,0.5,polka-dotted,shape,231,29070,2.6074,,49,7,3,green,blue,0.5,,233,,,,,333,utterance_choice
0.5,22a1,0.5,square,pattern,121,12091,2.6074,,49,8,5,blue,green,0.5,0.5,122,red,0.5,,cloud,313,utterance_choice
0.5,321,0.5,green,shape,311,11780,2.6074,,49,9,4,blue,red,0.5,0.5,112,,,,solid,313,utterance_choice
0.5,22a2b,0.5,green,shape,131,19870,2.6074,,49,10,4,striped,blue,0.5,0.5,123,,,,polka-dotted,323,utterance_choice
0.5,311,0.5,green,pattern,331,18340,2.6074,,49,11,4,square,red,0.5,0.5,312,,,,blue,323,utterance_choice
0.5,321,0.5,cloud,color,221,16101,2.6074,,49,12,3,circle,striped,0.5,,122,,,,,223,utterance_choice
0.5,111,0.5,polka-dotted,shape,311,14520,2.6074,green,49,13,6,solid,red,0.5,0.5,232,striped,0.5,0.5,blue,123,utterance_choice
0.5,22a1,0.5,green,pattern,122,10861,2.6074,,49,14,4,cloud,red,0.5,0.5,132,,,,circle,213,utterance_choice
0.5,22b1,0.5,cloud,color,312,15122,2.6074,,49,15,5,solid,square,0.5,0.5,213,striped,0.5,,circle,123,utterance_choice
0.5,211,0.5,blue,pattern,231,10421,2.6074,,49,16,5,red,green,0.5,0.5,122,cloud,0.5,,circle,213,utterance_choice
0.5,22b2b,0.5,solid,shape,211,23290,2.6074,,49,17,4,blue,polka-dotted,0.5,0.5,331,,,,green,233,utterance_choice
0.5,311,0.5,square,color,221,18411,4.352383333333333,,50,3,4,striped,cloud,0,0.5,122,,,,circle,323,utterance_choice
,331,0.2,,color,121,13990,4.352383333333333,,50,4,2,striped,cloud,0.6,,122,,,,,123,utterance_choice
0,22b2b,0,cloud,color,232,22712,4.352383333333333,,50,5,4,striped,circle,0.95,0,223,,,,polka-dotted,133,utterance_choice
1,321,0,green,pattern,212,16700,4.352383333333333,,50,6,3,red,circle,0,,232,,,,,223,utterance_choice
0.8,111,0,square,color,311,23682,4.352383333333333,striped,50,7,6,solid,circle,0.65,0,122,cloud,0,0,polka-dotted,233,utterance_choice
0,22a1,0,striped,color,211,13972,4.352383333333333,,50,8,4,circle,cloud,1,0,122,,,,solid,123,utterance_choice
0.65,22a2b,0,circle,color,222,17432,4.352383333333333,,50,9,4,striped,square,0.65,0,313,,,,solid,223,utterance_choice
0,321,0,square,pattern,211,31,4.352383333333333,,50,10,4,cloud,circle,1,0,311,,,,blue,121,utterance_choice
0,22b1,0,circle,pattern,311,13381,4.352383333333333,,50,11,5,green,blue,0.65,1,221,square,0,,cloud,123,utterance_choice
0.25,22a1,0.05,cloud,pattern,121,12091,4.352383333333333,,50,12,5,square,blue,0.65,0,122,green,0.7,,red,313,utterance_choice
0.7,211,0.65,blue,pattern,231,10421,4.352383333333333,,50,13,5,cloud,green,0.65,0.75,122,circle,0,,red,213,utterance_choice
0.7,322b,0.7,solid,shape,212,3620,4.352383333333333,,50,14,3,red,striped,0,,122,,,,,222,utterance_choice
0,211,0,polka-dotted,color,221,1162,4.352383333333333,cloud,50,15,6,solid,circle,0.7,0,331,square,0.6,0.65,striped,112,utterance_choice
0.15,22a2b,0.15,cloud,color,121,23092,4.352383333333333,,50,16,4,polka-dotted,circle,0.8,0.8,221,,,,striped,233,utterance_choice
0.5,22b1,0.5,cloud,pattern,331,15281,4.352383333333333,,50,17,4,green,blue,0.5,0.5,313,,,,square,123,utterance_choice
0.2,211,0.05,cloud,color,321,8662,6.548683333333333,,51,3,5,circle,solid,0.05,0.05,212,striped,1,,square,113,utterance_choice
0.6,22b1,0.75,cloud,color,312,15122,6.548683333333333,,51,4,5,solid,circle,0.3,1,213,square,0.3,,striped,123,utterance_choice
0.75,22a1,1,blue,pattern,211,3861,6.548683333333333,,51,5,4,red,square,0.65,1,231,,,,circle,322,utterance_choice
0,111,0.05,green,shape,321,20740,6.548683333333333,red,51,6,6,polka-dotted,blue,1,1,212,striped,1,0.05,solid,133,utterance_choice
1,322b,1,green,pattern,123,25971,6.548683333333333,,51,7,3,cloud,circle,1,,133,,,,,233,utterance_choice
0.7,22b1,0.25,cloud,color,121,8742,6.548683333333333,,51,8,4,striped,square,0.65,1,312,,,,solid,113,utterance_choice
1,321,0.7,striped,color,121,8851,6.548683333333333,,51,9,3,cloud,solid,1,,122,,,,,113,utterance_choice
0.65,211,0.85,polka-dotted,color,222,9652,6.548683333333333,square,51,10,6,circle,cloud,1,1,332,solid,1,0.05,striped,113,utterance_choice
0.7,311,1,green,pattern,121,20630,6.548683333333333,,51,11,4,blue,cloud,0.7,0.7,112,,,,red,133,utterance_choice
0.65,22a2b,0.2,solid,shape,211,29010,6.548683333333333,,51,12,4,green,blue,0.8,1,233,,,,polka-dotted,333,utterance_choice
,331,1,,color,121,13990,6.548683333333333,,51,13,2,striped,cloud,1,,122,,,,,123,utterance_choice
0.9,22a2b,0.9,red,shape,312,12710,6.548683333333333,,51,14,4,solid,polka-dotted,1,0.7,232,,,,green,313,utterance_choice
1,22b2b,1,polka-dotted,color,132,25252,6.548683333333333,,51,15,4,cloud,striped,0.75,0.7,123,,,,circle,233,utterance_choice
0,321,1,striped,shape,121,16210,6.548683333333333,,51,16,4,green,red,1,1,222,,,,blue,223,utterance_choice
1,22a1,0.05,striped,color,121,1332,6.548683333333333,,51,17,5,circle,cloud,1,0.1,321,solid,0.8,,square,212,utterance_choice
0.5,322b,0.4,green,shape,223,29220,8.020616666666667,,52,3,3,polka-dotted,striped,0.5,,233,,,,,333,utterance_choice
0.35,22a1,0.5,square,pattern,321,1531,8.020616666666667,,52,4,4,red,blue,0.4,0.5,331,,,,circle,212,utterance_choice
0.5,111,0.6,cloud,color,231,9142,8.020616666666667,solid,52,5,6,striped,circle,0.45,0.6,322,polka-dotted,0.35,0.5,square,113,utterance_choice
0.5,211,0.4,green,pattern,332,17101,8.020616666666667,,52,6,5,square,red,0.3,0.4,113,cloud,0.5,,circle,223,utterance_choice
0.35,211,0.5,striped,color,212,28202,8.020616666666667,cloud,52,7,6,square,circle,0.4,0.5,123,solid,0.45,0.6,polka-dotted,333,utterance_choice
0.4,22b2b,0.5,square,color,121,5492,8.020616666666667,,52,8,4,striped,cloud,0.35,0.65,322,,,,polka-dotted,132,utterance_choice
0.35,22a1,0.6,green,shape,121,12090,8.020616666666667,,52,9,5,red,solid,0.5,0.65,122,blue,0.5,,striped,313,utterance_choice
0.4,311,0.6,green,shape,213,22960,8.020616666666667,,52,10,4,solid,polka-dotted,0.5,0.5,323,,,,striped,133,utterance_choice
0.35,321,0.5,cloud,color,221,14001,8.020616666666667,,52,11,3,striped,circle,0.4,,122,,,,,123,utterance_choice
,331,0.6,,pattern,113,22520,8.020616666666667,,52,12,2,cloud,green,0.5,,123,,,,,133,utterance_choice
0.4,22a2b,0.5,square,color,111,7352,8.020616666666667,,52,13,4,cloud,polka-dotted,0.4,0.5,312,,,,solid,332,utterance_choice
0.35,22b1,0.5,cloud,color,231,10812,8.020616666666667,,52,14,4,solid,polka-dotted,0.4,0.5,132,,,,circle,213,utterance_choice
0.4,22b1,0.55,circle,color,212,22242,8.020616666666667,,52,15,5,cloud,square,0.45,0.5,313,solid,0.4,,polka-dotted,133,utterance_choice
0.4,22a2b,0.5,cloud,color,221,15592,8.020616666666667,,52,16,4,striped,polka-dotted,0.35,0.5,131,,,,circle,223,utterance_choice
0.6,321,0.5,blue,pattern,131,20660,8.020616666666667,,52,17,4,green,cloud,0.4,0.5,112,,,,red,133,utterance_choice
0.65,22a1,0.35,circle,pattern,221,15801,8.2895,,53,3,5,cloud,green,0.5,0.65,112,red,0.5,,blue,223,utterance_choice
1,22a2b,0.5,blue,pattern,311,21791,8.2895,,53,4,4,green,cloud,0.6,0.5,113,,,,square,133,utterance_choice
0.65,22a2b,0.6,green,pattern,132,11371,8.2895,,53,5,4,red,circle,0.6,0.75,113,,,,cloud,213,utterance_choice
0.95,111,0.5,blue,pattern,231,9141,8.2895,circle,53,6,6,red,green,0.7,0.5,322,square,0.7,0.5,cloud,113,utterance_choice
0.2,22b2b,0.2,circle,color,222,25232,8.2895,,53,7,4,polka-dotted,cloud,0.15,0.5,123,,,,striped,233,utterance_choice
0.85,211,0.85,striped,color,231,10422,8.2895,,53,8,5,solid,polka-dotted,0.5,0.8,122,cloud,0.5,,circle,213,utterance_choice
0.95,22b1,0.5,blue,pattern,131,19301,8.2895,,53,9,4,cloud,green,0.1,0.25,113,,,,square,323,utterance_choice
0.5,211,0.25,polka-dotted,color,212,28202,8.2895,square,53,10,6,circle,cloud,0.3,0.8,123,solid,0.75,0.5,striped,333,utterance_choice
0.5,22a1,0.15,red,pattern,312,25421,8.2895,,53,11,4,green,circle,0.5,0.3,223,,,,square,233,utterance_choice
0.85,22b1,0.65,blue,pattern,331,10971,8.2895,,53,12,5,green,red,0.5,0.25,232,circle,0.2,,square,213,utterance_choice
0.5,321,0.6,green,shape,211,8180,8.2895,,53,13,3,solid,blue,0.75,,311,,,,,113,utterance_choice
0.75,311,0.2,striped,color,211,23791,8.2895,,53,14,4,polka-dotted,circle,0.2,0.9,222,,,,solid,233,utterance_choice
0.9,321,0.1,solid,color,312,28641,8.2895,,53,15,4,striped,polka-dotted,0.9,0.35,323,,,,square,333,utterance_choice
,331,0.95,,pattern,311,680,8.2895,,53,16,2,square,blue,0.25,,321,,,,,331,utterance_choice
0.8,322b,0.85,striped,shape,112,2740,8.2895,,53,17,3,red,solid,0.7,,212,,,,,122,utterance_choice
1,311,1,circle,pattern,211,311,7.415733333333334,,54,3,4,blue,square,0,0,321,,,,cloud,131,utterance_choice
0,211,1,square,color,111,14662,7.415733333333334,,54,4,5,striped,solid,1,1,332,cloud,0,,polka-dotted,123,utterance_choice
1,322b,1,cloud,pattern,113,17291,7.415733333333334,,54,5,3,green,circle,0,,213,,,,,223,utterance_choice
,331,1,,shape,132,8150,7.415733333333334,,54,6,2,red,polka-dotted,0,,232,,,,,332,utterance_choice
1,22a1,0,striped,color,211,13972,7.415733333333334,,54,7,4,cloud,circle,0,1,122,,,,solid,123,utterance_choice
1,22b2b,1,solid,color,211,23292,7.415733333333334,,54,8,4,circle,polka-dotted,0,0,331,,,,square,233,utterance_choice
1,22a1,0,striped,color,221,4952,7.415733333333334,,54,9,5,polka-dotted,circle,1,1,112,cloud,0,,solid,132,utterance_choice
0,22b1,1,cloud,color,121,9102,7.415733333333334,,54,10,4,square,striped,0,1,322,,,,solid,113,utterance_choice
0,211,0,striped,shape,111,23660,7.415733333333334,polka-dotted,54,11,6,red,green,0,0,122,blue,0,0,solid,233,utterance_choice
0,321,1,cloud,color,231,7921,7.415733333333334,,54,12,4,circle,polka-dotted,0,0,132,,,,square,332,utterance_choice
0,321,0,striped,color,221,16101,7.415733333333334,,54,13,3,cloud,circle,1,,122,,,,,223,utterance_choice
0,22a2b,0,red,pattern,111,1121,7.415733333333334,,54,14,4,square,blue,1,0,331,,,,cloud,112,utterance_choice
0,22a2b,0,cloud,pattern,311,2321,7.415733333333334,,54,15,4,square,red,1,0,321,,,,blue,122,utterance_choice
1,111,0,polka-dotted,color,221,20832,7.415733333333334,cloud,54,16,6,striped,square,0,0,312,solid,0,0,circle,133,utterance_choice
0,22b1,0,solid,shape,221,18200,7.415733333333334,,54,17,5,red,green,0,0,212,striped,0,,blue,323,utterance_choice
0.75,22a1,0.1,solid,shape,221,2050,4.23595,,55,3,4,red,blue,0.35,0.65,112,,,,striped,312,utterance_choice
0.75,111,0.3,green,pattern,111,23911,4.23595,red,55,4,6,blue,square,0.15,0.05,322,circle,0.7,0.25,cloud,233,utterance_choice
0.1,22b1,0.75,red,pattern,221,1391,4.23595,,55,5,4,cloud,circle,0.75,0.65,131,,,,blue,212,utterance_choice
0.35,321,0.6,polka-dotted,color,131,2621,4.23595,,55,6,4,cloud,striped,0.75,0.6,112,,,,solid,122,utterance_choice
0.05,211,0.65,striped,shape,121,24930,4.23595,,55,7,5,green,polka-dotted,0.75,0.15,313,solid,0.95,,blue,233,utterance_choice
0.8,211,0.05,square,color,211,5472,4.23595,polka-dotted,55,8,6,solid,circle,0.05,0.9,322,cloud,0.85,0.6,striped,132,utterance_choice
0.7,22a2b,0.75,blue,pattern,121,23091,4.23595,,55,9,4,circle,cloud,0.8,0.15,221,,,,green,233,utterance_choice
0.8,22b2b,0.85,square,color,211,23292,4.23595,,55,10,4,solid,polka-dotted,0.95,0.9,331,,,,circle,233,utterance_choice
1,322b,0.95,blue,shape,111,9690,4.23595,,55,11,3,green,solid,0,,211,,,,,213,utterance_choice
0.9,321,1,striped,shape,322,6790,4.23595,,55,12,3,polka-dotted,red,0.95,,132,,,,,232,utterance_choice
0.25,22b1,0.75,red,pattern,211,4841,4.23595,,55,13,5,circle,square,0.65,0.1,331,blue,0.65,,cloud,132,utterance_choice
0.85,22a2b,0.7,polka-dotted,color,211,1492,4.23595,,55,14,4,solid,square,0.75,0.8,331,,,,circle,212,utterance_choice
,331,0.7,,color,321,18670,4.23595,,55,15,2,square,striped,0.75,,322,,,,,323,utterance_choice
0.4,311,0.2,square,color,331,24131,4.23595,,55,16,4,polka-dotted,circle,0.8,0.35,132,,,,cloud,233,utterance_choice
0.9,22a1,0.25,striped,color,132,17262,4.23595,,55,17,5,solid,polka-dotted,0.75,0.7,213,cloud,0.1,,circle,223,utterance_choice
