workerid,response6,trial_type,response4,response5,response2,response3,response1,utterance,obj3,item,itemCode,obj2,slide_number,ambiguous,pref1,pref2,pref3,pref4,pref5,pref6,target,language,enjoyment,gender,age,comments,assess,education,OS,screenH,screenW,Browser,hitid,hittypeid,title,description,keywords,reward,creationtime,assignments,numavailable,numpending,numcomplete,hitstatus,reviewstatus,annotation,assignmentduration,autoapprovaldelay,hitlifetime,viewhit,assignmentid,workerid,assignmentstatus,autoapprovaltime,assignmentaccepttime,assignmentsubmittime,assignmentapprovaltime,assignmentrejecttime,deadline,feedback,reject,Answer.catch_trials,Answer.time_in_minutes
0,0,multi_slider,0,0,0,0,1,striped,312,1712,212112,222,6,True,blue things,red things,green things,clouds,circles,squares,221,english,1,Male,25,,Yes,3,Windows,1080,1920,Chrome,3Y3CZJSZ9KO8HL6EDWMVM5QQLAU5RZ,3T1XT3I8SXZB1M17G2PNLMVAGJG6HR,English conversations,Answer questions about English conversations.,language research fun cognitive science university,$0.50,Thu Dec 20 09:16:38 PST 2018,9,0,0,0,Reviewable,NotReviewed,1 cond,1800,60000,Sat Jan 19 09:16:38 PST 2019,https://requester.mturk.com/mturk/manageHIT?HITId=3Y3CZJSZ9KO8HL6EDWMVM5QQLAU5RZ,3EA3QWIZ4JR0W8CEF7FM0CR1JLMITK,0,Submitted,Fri Dec 21 02:03:31 PST 2018,Thu Dec 20 09:19:59 PST 2018,Thu Dec 20 09:23:31 PST 2018,,,,,,[],3.4678
0,1,multi_slider,0,0,0.05,0.5,0.9,green,213,1513,322112,233,7,True,clouds,circles,squares,solid things,striped things,polka-dotted things,133,english,1,Male,25,,Yes,3,Windows,1080,1920,Chrome,3Y3CZJSZ9KO8HL6EDWMVM5QQLAU5RZ,3T1XT3I8SXZB1M17G2PNLMVAGJG6HR,English conversations,Answer questions about English conversations.,language research fun cognitive science university,$0.50,Thu Dec 20 09:16:38 PST 2018,9,0,0,0,Reviewable,NotReviewed,1 cond,1800,60000,Sat Jan 19 09:16:38 PST 2019,https://requester.mturk.com/mturk/manageHIT?HITId=3Y3CZJSZ9KO8HL6EDWMVM5QQLAU5RZ,3EA3QWIZ4JR0W8CEF7FM0CR1JLMITK,0,Submitted,Fri Dec 21 02:03:31 PST 2018,Thu Dec 20 09:19:59 PST 2018,Thu Dec 20 09:23:31 PST 2018,,,,,,[],3.4678
0,0.5,multi_slider,0.5,0.5,0.5,0.5,0.5,striped,111,2144,111112,132,8,False,blue things,red things,green things,clouds,circles,squares,223,english,1,Male,25,,Yes,3,Windows,1080,1920,Chrome,3Y3CZJSZ9KO8HL6EDWMVM5QQLAU5RZ,3T1XT3I8SXZB1M17G2PNLMVAGJG6HR,English conversations,Answer questions about English conversations.,language research fun cognitive science university,$0.50,Thu Dec 20 09:16:38 PST 2018,9,0,0,0,Reviewable,NotReviewed,1 cond,1800,60000,Sat Jan 19 09:16:38 PST 2019,https://requester.mturk.com/mturk/manageHIT?HITId=3Y3CZJSZ9KO8HL6EDWMVM5QQLAU5RZ,3EA3QWIZ4JR0W8CEF7FM0CR1JLMITK,0,Submitted,Fri Dec 21 02:03:31 PST 2018,Thu Dec 20 09:19:59 PST 2018,Thu Dec 20 09:23:31 PST 2018,,,,,,[],3.4678
0,0.5,multi_slider,0.5,0.5,0.5,0.5,0.5,circle,112,1322,122122,133,9,False,solid things,striped things,polka-dotted things,blue things,red things,green things,232,english,1,Male,25,,Yes,3,Windows,1080,1920,Chrome,3Y3CZJSZ9KO8HL6EDWMVM5QQLAU5RZ,3T1XT3I8SXZB1M17G2PNLMVAGJG6HR,English conversations,Answer questions about English conversations.,language research fun cognitive science university,$0.50,Thu Dec 20 09:16:38 PST 2018,9,0,0,0,Reviewable,NotReviewed,1 cond,1800,60000,Sat Jan 19 09:16:38 PST 2019,https://requester.mturk.com/mturk/manageHIT?HITId=3Y3CZJSZ9KO8HL6EDWMVM5QQLAU5RZ,3EA3QWIZ4JR0W8CEF7FM0CR1JLMITK,0,Submitted,Fri Dec 21 02:03:31 PST 2018,Thu Dec 20 09:19:59 PST 2018,Thu Dec 20 09:23:31 PST 2018,,,,,,[],3.4678
0,1,multi_slider,0.5,0,0.9,0,0.5,polka-dotted,311,1631,211112,332,10,True,clouds,circles,squares,blue things,red things,green things,233,english,1,Male,25,,Yes,3,Windows,1080,1920,Chrome,3Y3CZJSZ9KO8HL6EDWMVM5QQLAU5RZ,3T1XT3I8SXZB1M17G2PNLMVAGJG6HR,English conversations,Answer questions about English conversations.,language research fun cognitive science university,$0.50,Thu Dec 20 09:16:38 PST 2018,9,0,0,0,Reviewable,NotReviewed,1 cond,1800,60000,Sat Jan 19 09:16:38 PST 2019,https://requester.mturk.com/mturk/manageHIT?HITId=3Y3CZJSZ9KO8HL6EDWMVM5QQLAU5RZ,3EA3QWIZ4JR0W8CEF7FM0CR1JLMITK,0,Submitted,Fri Dec 21 02:03:31 PST 2018,Thu Dec 20 09:19:59 PST 2018,Thu Dec 20 09:23:31 PST 2018,,,,,,[],3.4678
0,0,multi_slider,1,0.5,0.15,1,0.15,green,323,1567,322121,133,11,True,solid things,striped things,polka-dotted things,clouds,circles,squares,133,english,1,Male,25,,Yes,3,Windows,1080,1920,Chrome,3Y3CZJSZ9KO8HL6EDWMVM5QQLAU5RZ,3T1XT3I8SXZB1M17G2PNLMVAGJG6HR,English conversations,Answer questions about English conversations.,language research fun cognitive science university,$0.50,Thu Dec 20 09:16:38 PST 2018,9,0,0,0,Reviewable,NotReviewed,1 cond,1800,60000,Sat Jan 19 09:16:38 PST 2019,https://requester.mturk.com/mturk/manageHIT?HITId=3Y3CZJSZ9KO8HL6EDWMVM5QQLAU5RZ,3EA3QWIZ4JR0W8CEF7FM0CR1JLMITK,0,Submitted,Fri Dec 21 02:03:31 PST 2018,Thu Dec 20 09:19:59 PST 2018,Thu Dec 20 09:23:31 PST 2018,,,,,,[],3.4678
0,0.5,multi_slider,0.5,0.5,0.5,0.5,0.5,blue,112,2336,123232,112,12,False,clouds,circles,squares,solid things,striped things,polka-dotted things,111,english,1,Male,25,,Yes,3,Windows,1080,1920,Chrome,3Y3CZJSZ9KO8HL6EDWMVM5QQLAU5RZ,3T1XT3I8SXZB1M17G2PNLMVAGJG6HR,English conversations,Answer questions about English conversations.,language research fun cognitive science university,$0.50,Thu Dec 20 09:16:38 PST 2018,9,0,0,0,Reviewable,NotReviewed,1 cond,1800,60000,Sat Jan 19 09:16:38 PST 2019,https://requester.mturk.com/mturk/manageHIT?HITId=3Y3CZJSZ9KO8HL6EDWMVM5QQLAU5RZ,3EA3QWIZ4JR0W8CEF7FM0CR1JLMITK,0,Submitted,Fri Dec 21 02:03:31 PST 2018,Thu Dec 20 09:19:59 PST 2018,Thu Dec 20 09:23:31 PST 2018,,,,,,[],3.4678
0,0.5,multi_slider,0.5,0.5,0.5,0.5,0.5,circle,322,607,112121,113,13,False,blue things,red things,green things,solid things,striped things,polka-dotted things,213,english,1,Male,25,,Yes,3,Windows,1080,1920,Chrome,3Y3CZJSZ9KO8HL6EDWMVM5QQLAU5RZ,3T1XT3I8SXZB1M17G2PNLMVAGJG6HR,English conversations,Answer questions about English conversations.,language research fun cognitive science university,$0.50,Thu Dec 20 09:16:38 PST 2018,9,0,0,0,Reviewable,NotReviewed,1 cond,1800,60000,Sat Jan 19 09:16:38 PST 2019,https://requester.mturk.com/mturk/manageHIT?HITId=3Y3CZJSZ9KO8HL6EDWMVM5QQLAU5RZ,3EA3QWIZ4JR0W8CEF7FM0CR1JLMITK,0,Submitted,Fri Dec 21 02:03:31 PST 2018,Thu Dec 20 09:19:59 PST 2018,Thu Dec 20 09:23:31 PST 2018,,,,,,[],3.4678
0,1,multi_slider,0.5,0,0.5,0.5,0.5,polka-dotted,311,135,212111,132,14,True,clouds,circles,squares,blue things,red things,green things,133,english,1,Male,25,,Yes,3,Windows,1080,1920,Chrome,3Y3CZJSZ9KO8HL6EDWMVM5QQLAU5RZ,3T1XT3I8SXZB1M17G2PNLMVAGJG6HR,English conversations,Answer questions about English conversations.,language research fun cognitive science university,$0.50,Thu Dec 20 09:16:38 PST 2018,9,0,0,0,Reviewable,NotReviewed,1 cond,1800,60000,Sat Jan 19 09:16:38 PST 2019,https://requester.mturk.com/mturk/manageHIT?HITId=3Y3CZJSZ9KO8HL6EDWMVM5QQLAU5RZ,3EA3QWIZ4JR0W8CEF7FM0CR1JLMITK,0,Submitted,Fri Dec 21 02:03:31 PST 2018,Thu Dec 20 09:19:59 PST 2018,Thu Dec 20 09:23:31 PST 2018,,,,,,[],3.4678
0,0,multi_slider,0.8,0.05,0.8,0.5,0.1,cloud,321,257,212222,113,15,True,solid things,striped things,polka-dotted things,blue things,red things,green things,121,english,1,Male,25,,Yes,3,Windows,1080,1920,Chrome,3Y3CZJSZ9KO8HL6EDWMVM5QQLAU5RZ,3T1XT3I8SXZB1M17G2PNLMVAGJG6HR,English conversations,Answer questions about English conversations.,language research fun cognitive science university,$0.50,Thu Dec 20 09:16:38 PST 2018,9,0,0,0,Reviewable,NotReviewed,1 cond,1800,60000,Sat Jan 19 09:16:38 PST 2019,https://requester.mturk.com/mturk/manageHIT?HITId=3Y3CZJSZ9KO8HL6EDWMVM5QQLAU5RZ,3EA3QWIZ4JR0W8CEF7FM0CR1JLMITK,0,Submitted,Fri Dec 21 02:03:31 PST 2018,Thu Dec 20 09:19:59 PST 2018,Thu Dec 20 09:23:31 PST 2018,,,,,,[],3.4678
0,0,multi_slider,0,1,0,0,0.8,cloud,121,1101,321212,121,16,True,solid things,striped things,polka-dotted things,blue things,red things,green things,112,english,1,Male,25,,Yes,3,Windows,1080,1920,Chrome,3Y3CZJSZ9KO8HL6EDWMVM5QQLAU5RZ,3T1XT3I8SXZB1M17G2PNLMVAGJG6HR,English conversations,Answer questions about English conversations.,language research fun cognitive science university,$0.50,Thu Dec 20 09:16:38 PST 2018,9,0,0,0,Reviewable,NotReviewed,1 cond,1800,60000,Sat Jan 19 09:16:38 PST 2019,https://requester.mturk.com/mturk/manageHIT?HITId=3Y3CZJSZ9KO8HL6EDWMVM5QQLAU5RZ,3EA3QWIZ4JR0W8CEF7FM0CR1JLMITK,0,Submitted,Fri Dec 21 02:03:31 PST 2018,Thu Dec 20 09:19:59 PST 2018,Thu Dec 20 09:23:31 PST 2018,,,,,,[],3.4678
0,0.5,multi_slider,0.15,1,0.1,0.5,0.5,red,313,481,211111,122,17,True,solid things,striped things,polka-dotted things,clouds,circles,squares,232,english,1,Male,25,,Yes,3,Windows,1080,1920,Chrome,3Y3CZJSZ9KO8HL6EDWMVM5QQLAU5RZ,3T1XT3I8SXZB1M17G2PNLMVAGJG6HR,English conversations,Answer questions about English conversations.,language research fun cognitive science university,$0.50,Thu Dec 20 09:16:38 PST 2018,9,0,0,0,Reviewable,NotReviewed,1 cond,1800,60000,Sat Jan 19 09:16:38 PST 2019,https://requester.mturk.com/mturk/manageHIT?HITId=3Y3CZJSZ9KO8HL6EDWMVM5QQLAU5RZ,3EA3QWIZ4JR0W8CEF7FM0CR1JLMITK,0,Submitted,Fri Dec 21 02:03:31 PST 2018,Thu Dec 20 09:19:59 PST 2018,Thu Dec 20 09:23:31 PST 2018,,,,,,[],3.4678
0,0.5,multi_slider,0.5,0.5,0.5,0.5,0.5,solid,332,977,121112,331,18,False,clouds,circles,squares,blue things,red things,green things,213,english,1,Male,25,,Yes,3,Windows,1080,1920,Chrome,3Y3CZJSZ9KO8HL6EDWMVM5QQLAU5RZ,3T1XT3I8SXZB1M17G2PNLMVAGJG6HR,English conversations,Answer questions about English conversations.,language research fun cognitive science university,$0.50,Thu Dec 20 09:16:38 PST 2018,9,0,0,0,Reviewable,NotReviewed,1 cond,1800,60000,Sat Jan 19 09:16:38 PST 2019,https://requester.mturk.com/mturk/manageHIT?HITId=3Y3CZJSZ9KO8HL6EDWMVM5QQLAU5RZ,3EA3QWIZ4JR0W8CEF7FM0CR1JLMITK,0,Submitted,Fri Dec 21 02:03:31 PST 2018,Thu Dec 20 09:19:59 PST 2018,Thu Dec 20 09:23:31 PST 2018,,,,,,[],3.4678
0,0.1,multi_slider,0.9,0.5,0.45,0.5,0.15,polka-dotted,313,1703,212112,233,19,True,clouds,circles,squares,blue things,red things,green things,231,english,1,Male,25,,Yes,3,Windows,1080,1920,Chrome,3Y3CZJSZ9KO8HL6EDWMVM5QQLAU5RZ,3T1XT3I8SXZB1M17G2PNLMVAGJG6HR,English conversations,Answer questions about English conversations.,language research fun cognitive science university,$0.50,Thu Dec 20 09:16:38 PST 2018,9,0,0,0,Reviewable,NotReviewed,1 cond,1800,60000,Sat Jan 19 09:16:38 PST 2019,https://requester.mturk.com/mturk/manageHIT?HITId=3Y3CZJSZ9KO8HL6EDWMVM5QQLAU5RZ,3EA3QWIZ4JR0W8CEF7FM0CR1JLMITK,0,Submitted,Fri Dec 21 02:03:31 PST 2018,Thu Dec 20 09:19:59 PST 2018,Thu Dec 20 09:23:31 PST 2018,,,,,,[],3.4678
0,0.5,multi_slider,0.5,0.1,0.8,0.2,0.5,striped,132,294,212222,223,20,True,blue things,red things,green things,clouds,circles,squares,122,english,1,Male,25,,Yes,3,Windows,1080,1920,Chrome,3Y3CZJSZ9KO8HL6EDWMVM5QQLAU5RZ,3T1XT3I8SXZB1M17G2PNLMVAGJG6HR,English conversations,Answer questions about English conversations.,language research fun cognitive science university,$0.50,Thu Dec 20 09:16:38 PST 2018,9,0,0,0,Reviewable,NotReviewed,1 cond,1800,60000,Sat Jan 19 09:16:38 PST 2019,https://requester.mturk.com/mturk/manageHIT?HITId=3Y3CZJSZ9KO8HL6EDWMVM5QQLAU5RZ,3EA3QWIZ4JR0W8CEF7FM0CR1JLMITK,0,Submitted,Fri Dec 21 02:03:31 PST 2018,Thu Dec 20 09:19:59 PST 2018,Thu Dec 20 09:23:31 PST 2018,,,,,,[],3.4678
1,0.5,multi_slider,0.5,0.5,0.5,0.5,0.5,striped,331,1220,112112,313,6,False,clouds,circles,squares,blue things,red things,green things,123,English,2,Male,49,Good luck with your study.,Yes,3,Windows,900,1600,Firefox,3Y3CZJSZ9KO8HL6EDWMVM5QQLAU5RZ,3T1XT3I8SXZB1M17G2PNLMVAGJG6HR,English conversations,Answer questions about English conversations.,language research fun cognitive science university,$0.50,Thu Dec 20 09:16:38 PST 2018,9,0,0,0,Reviewable,NotReviewed,1 cond,1800,60000,Sat Jan 19 09:16:38 PST 2019,https://requester.mturk.com/mturk/manageHIT?HITId=3Y3CZJSZ9KO8HL6EDWMVM5QQLAU5RZ,3XM0HYN6NLVQOBHL27GBANSC2PUPED,1,Submitted,Fri Dec 21 02:04:42 PST 2018,Thu Dec 20 09:16:59 PST 2018,Thu Dec 20 09:24:42 PST 2018,,,,,,[],5.666933333333334
1,0.5,multi_slider,0.5,0.5,0.5,0.5,0.5,circle,113,1945,111212,313,7,False,solid things,striped things,polka-dotted things,blue things,red things,green things,222,English,2,Male,49,Good luck with your study.,Yes,3,Windows,900,1600,Firefox,3Y3CZJSZ9KO8HL6EDWMVM5QQLAU5RZ,3T1XT3I8SXZB1M17G2PNLMVAGJG6HR,English conversations,Answer questions about English conversations.,language research fun cognitive science university,$0.50,Thu Dec 20 09:16:38 PST 2018,9,0,0,0,Reviewable,NotReviewed,1 cond,1800,60000,Sat Jan 19 09:16:38 PST 2019,https://requester.mturk.com/mturk/manageHIT?HITId=3Y3CZJSZ9KO8HL6EDWMVM5QQLAU5RZ,3XM0HYN6NLVQOBHL27GBANSC2PUPED,1,Submitted,Fri Dec 21 02:04:42 PST 2018,Thu Dec 20 09:16:59 PST 2018,Thu Dec 20 09:24:42 PST 2018,,,,,,[],5.666933333333334
1,0.5,multi_slider,0.5,0.5,0.5,0.5,0.5,square,113,960,121112,112,8,False,blue things,red things,green things,solid things,striped things,polka-dotted things,331,English,2,Male,49,Good luck with your study.,Yes,3,Windows,900,1600,Firefox,3Y3CZJSZ9KO8HL6EDWMVM5QQLAU5RZ,3T1XT3I8SXZB1M17G2PNLMVAGJG6HR,English conversations,Answer questions about English conversations.,language research fun cognitive science university,$0.50,Thu Dec 20 09:16:38 PST 2018,9,0,0,0,Reviewable,NotReviewed,1 cond,1800,60000,Sat Jan 19 09:16:38 PST 2019,https://requester.mturk.com/mturk/manageHIT?HITId=3Y3CZJSZ9KO8HL6EDWMVM5QQLAU5RZ,3XM0HYN6NLVQOBHL27GBANSC2PUPED,1,Submitted,Fri Dec 21 02:04:42 PST 2018,Thu Dec 20 09:16:59 PST 2018,Thu Dec 20 09:24:42 PST 2018,,,,,,[],5.666933333333334
1,0.5,multi_slider,0.5,0.5,1,0,0.5,cloud,211,137,212111,132,9,True,solid things,striped things,polka-dotted things,blue things,red things,green things,122,English,2,Male,49,Good luck with your study.,Yes,3,Windows,900,1600,Firefox,3Y3CZJSZ9KO8HL6EDWMVM5QQLAU5RZ,3T1XT3I8SXZB1M17G2PNLMVAGJG6HR,English conversations,Answer questions about English conversations.,language research fun cognitive science university,$0.50,Thu Dec 20 09:16:38 PST 2018,9,0,0,0,Reviewable,NotReviewed,1 cond,1800,60000,Sat Jan 19 09:16:38 PST 2019,https://requester.mturk.com/mturk/manageHIT?HITId=3Y3CZJSZ9KO8HL6EDWMVM5QQLAU5RZ,3XM0HYN6NLVQOBHL27GBANSC2PUPED,1,Submitted,Fri Dec 21 02:04:42 PST 2018,Thu Dec 20 09:16:59 PST 2018,Thu Dec 20 09:24:42 PST 2018,,,,,,[],5.666933333333334
1,0.5,multi_slider,0.5,0.5,1,0,0.5,blue,122,718,212122,231,10,True,solid things,striped things,polka-dotted things,clouds,circles,squares,221,English,2,Male,49,Good luck with your study.,Yes,3,Windows,900,1600,Firefox,3Y3CZJSZ9KO8HL6EDWMVM5QQLAU5RZ,3T1XT3I8SXZB1M17G2PNLMVAGJG6HR,English conversations,Answer questions about English conversations.,language research fun cognitive science university,$0.50,Thu Dec 20 09:16:38 PST 2018,9,0,0,0,Reviewable,NotReviewed,1 cond,1800,60000,Sat Jan 19 09:16:38 PST 2019,https://requester.mturk.com/mturk/manageHIT?HITId=3Y3CZJSZ9KO8HL6EDWMVM5QQLAU5RZ,3XM0HYN6NLVQOBHL27GBANSC2PUPED,1,Submitted,Fri Dec 21 02:04:42 PST 2018,Thu Dec 20 09:16:59 PST 2018,Thu Dec 20 09:24:42 PST 2018,,,,,,[],5.666933333333334
1,0.5,multi_slider,0.5,0.5,0.5,0,1,polka-dotted,212,146,212111,133,11,True,blue things,red things,green things,clouds,circles,squares,131,English,2,Male,49,Good luck with your study.,Yes,3,Windows,900,1600,Firefox,3Y3CZJSZ9KO8HL6EDWMVM5QQLAU5RZ,3T1XT3I8SXZB1M17G2PNLMVAGJG6HR,English conversations,Answer questions about English conversations.,language research fun cognitive science university,$0.50,Thu Dec 20 09:16:38 PST 2018,9,0,0,0,Reviewable,NotReviewed,1 cond,1800,60000,Sat Jan 19 09:16:38 PST 2019,https://requester.mturk.com/mturk/manageHIT?HITId=3Y3CZJSZ9KO8HL6EDWMVM5QQLAU5RZ,3XM0HYN6NLVQOBHL27GBANSC2PUPED,1,Submitted,Fri Dec 21 02:04:42 PST 2018,Thu Dec 20 09:16:59 PST 2018,Thu Dec 20 09:24:42 PST 2018,,,,,,[],5.666933333333334
1,0,multi_slider,1,0,0.5,0.5,0.5,green,323,2244,323211,333,12,True,clouds,circles,squares,solid things,striped things,polka-dotted things,313,English,2,Male,49,Good luck with your study.,Yes,3,Windows,900,1600,Firefox,3Y3CZJSZ9KO8HL6EDWMVM5QQLAU5RZ,3T1XT3I8SXZB1M17G2PNLMVAGJG6HR,English conversations,Answer questions about English conversations.,language research fun cognitive science university,$0.50,Thu Dec 20 09:16:38 PST 2018,9,0,0,0,Reviewable,NotReviewed,1 cond,1800,60000,Sat Jan 19 09:16:38 PST 2019,https://requester.mturk.com/mturk/manageHIT?HITId=3Y3CZJSZ9KO8HL6EDWMVM5QQLAU5RZ,3XM0HYN6NLVQOBHL27GBANSC2PUPED,1,Submitted,Fri Dec 21 02:04:42 PST 2018,Thu Dec 20 09:16:59 PST 2018,Thu Dec 20 09:24:42 PST 2018,,,,,,[],5.666933333333334
1,1,multi_slider,0,0.5,0.5,0.5,0.5,cloud,313,1705,212112,111,13,True,blue things,red things,green things,solid things,striped things,polka-dotted things,131,English,2,Male,49,Good luck with your study.,Yes,3,Windows,900,1600,Firefox,3Y3CZJSZ9KO8HL6EDWMVM5QQLAU5RZ,3T1XT3I8SXZB1M17G2PNLMVAGJG6HR,English conversations,Answer questions about English conversations.,language research fun cognitive science university,$0.50,Thu Dec 20 09:16:38 PST 2018,9,0,0,0,Reviewable,NotReviewed,1 cond,1800,60000,Sat Jan 19 09:16:38 PST 2019,https://requester.mturk.com/mturk/manageHIT?HITId=3Y3CZJSZ9KO8HL6EDWMVM5QQLAU5RZ,3XM0HYN6NLVQOBHL27GBANSC2PUPED,1,Submitted,Fri Dec 21 02:04:42 PST 2018,Thu Dec 20 09:16:59 PST 2018,Thu Dec 20 09:24:42 PST 2018,,,,,,[],5.666933333333334
1,0.5,multi_slider,0.5,0.5,0.5,1,0,cloud,121,1784,322132,123,14,True,blue things,red things,green things,solid things,striped things,polka-dotted things,123,English,2,Male,49,Good luck with your study.,Yes,3,Windows,900,1600,Firefox,3Y3CZJSZ9KO8HL6EDWMVM5QQLAU5RZ,3T1XT3I8SXZB1M17G2PNLMVAGJG6HR,English conversations,Answer questions about English conversations.,language research fun cognitive science university,$0.50,Thu Dec 20 09:16:38 PST 2018,9,0,0,0,Reviewable,NotReviewed,1 cond,1800,60000,Sat Jan 19 09:16:38 PST 2019,https://requester.mturk.com/mturk/manageHIT?HITId=3Y3CZJSZ9KO8HL6EDWMVM5QQLAU5RZ,3XM0HYN6NLVQOBHL27GBANSC2PUPED,1,Submitted,Fri Dec 21 02:04:42 PST 2018,Thu Dec 20 09:16:59 PST 2018,Thu Dec 20 09:24:42 PST 2018,,,,,,[],5.666933333333334
1,0.5,multi_slider,1,0,1,0.5,0,blue,213,783,211212,211,15,True,solid things,striped things,polka-dotted things,clouds,circles,squares,121,English,2,Male,49,Good luck with your study.,Yes,3,Windows,900,1600,Firefox,3Y3CZJSZ9KO8HL6EDWMVM5QQLAU5RZ,3T1XT3I8SXZB1M17G2PNLMVAGJG6HR,English conversations,Answer questions about English conversations.,language research fun cognitive science university,$0.50,Thu Dec 20 09:16:38 PST 2018,9,0,0,0,Reviewable,NotReviewed,1 cond,1800,60000,Sat Jan 19 09:16:38 PST 2019,https://requester.mturk.com/mturk/manageHIT?HITId=3Y3CZJSZ9KO8HL6EDWMVM5QQLAU5RZ,3XM0HYN6NLVQOBHL27GBANSC2PUPED,1,Submitted,Fri Dec 21 02:04:42 PST 2018,Thu Dec 20 09:16:59 PST 2018,Thu Dec 20 09:24:42 PST 2018,,,,,,[],5.666933333333334
1,1,multi_slider,0.5,0,0.5,0.5,0.5,green,321,1718,212112,223,16,True,clouds,circles,squares,solid things,striped things,polka-dotted things,233,English,2,Male,49,Good luck with your study.,Yes,3,Windows,900,1600,Firefox,3Y3CZJSZ9KO8HL6EDWMVM5QQLAU5RZ,3T1XT3I8SXZB1M17G2PNLMVAGJG6HR,English conversations,Answer questions about English conversations.,language research fun cognitive science university,$0.50,Thu Dec 20 09:16:38 PST 2018,9,0,0,0,Reviewable,NotReviewed,1 cond,1800,60000,Sat Jan 19 09:16:38 PST 2019,https://requester.mturk.com/mturk/manageHIT?HITId=3Y3CZJSZ9KO8HL6EDWMVM5QQLAU5RZ,3XM0HYN6NLVQOBHL27GBANSC2PUPED,1,Submitted,Fri Dec 21 02:04:42 PST 2018,Thu Dec 20 09:16:59 PST 2018,Thu Dec 20 09:24:42 PST 2018,,,,,,[],5.666933333333334
1,0.5,multi_slider,0.5,0.5,0.5,0.5,0.5,circle,311,1875,123212,311,17,False,solid things,striped things,polka-dotted things,blue things,red things,green things,231,English,2,Male,49,Good luck with your study.,Yes,3,Windows,900,1600,Firefox,3Y3CZJSZ9KO8HL6EDWMVM5QQLAU5RZ,3T1XT3I8SXZB1M17G2PNLMVAGJG6HR,English conversations,Answer questions about English conversations.,language research fun cognitive science university,$0.50,Thu Dec 20 09:16:38 PST 2018,9,0,0,0,Reviewable,NotReviewed,1 cond,1800,60000,Sat Jan 19 09:16:38 PST 2019,https://requester.mturk.com/mturk/manageHIT?HITId=3Y3CZJSZ9KO8HL6EDWMVM5QQLAU5RZ,3XM0HYN6NLVQOBHL27GBANSC2PUPED,1,Submitted,Fri Dec 21 02:04:42 PST 2018,Thu Dec 20 09:16:59 PST 2018,Thu Dec 20 09:24:42 PST 2018,,,,,,[],5.666933333333334
1,0,multi_slider,1,0.5,1,0,0.5,red,323,1615,211112,332,18,True,clouds,circles,squares,solid things,striped things,polka-dotted things,212,English,2,Male,49,Good luck with your study.,Yes,3,Windows,900,1600,Firefox,3Y3CZJSZ9KO8HL6EDWMVM5QQLAU5RZ,3T1XT3I8SXZB1M17G2PNLMVAGJG6HR,English conversations,Answer questions about English conversations.,language research fun cognitive science university,$0.50,Thu Dec 20 09:16:38 PST 2018,9,0,0,0,Reviewable,NotReviewed,1 cond,1800,60000,Sat Jan 19 09:16:38 PST 2019,https://requester.mturk.com/mturk/manageHIT?HITId=3Y3CZJSZ9KO8HL6EDWMVM5QQLAU5RZ,3XM0HYN6NLVQOBHL27GBANSC2PUPED,1,Submitted,Fri Dec 21 02:04:42 PST 2018,Thu Dec 20 09:16:59 PST 2018,Thu Dec 20 09:24:42 PST 2018,,,,,,[],5.666933333333334
1,0,multi_slider,0.5,1,1,0.5,0,solid,321,787,211212,311,19,True,blue things,red things,green things,clouds,circles,squares,212,English,2,Male,49,Good luck with your study.,Yes,3,Windows,900,1600,Firefox,3Y3CZJSZ9KO8HL6EDWMVM5QQLAU5RZ,3T1XT3I8SXZB1M17G2PNLMVAGJG6HR,English conversations,Answer questions about English conversations.,language research fun cognitive science university,$0.50,Thu Dec 20 09:16:38 PST 2018,9,0,0,0,Reviewable,NotReviewed,1 cond,1800,60000,Sat Jan 19 09:16:38 PST 2019,https://requester.mturk.com/mturk/manageHIT?HITId=3Y3CZJSZ9KO8HL6EDWMVM5QQLAU5RZ,3XM0HYN6NLVQOBHL27GBANSC2PUPED,1,Submitted,Fri Dec 21 02:04:42 PST 2018,Thu Dec 20 09:16:59 PST 2018,Thu Dec 20 09:24:42 PST 2018,,,,,,[],5.666933333333334
1,0.5,multi_slider,0.5,0.5,0.5,0.5,0.5,striped,313,1474,123211,113,20,False,clouds,circles,squares,blue things,red things,green things,223,English,2,Male,49,Good luck with your study.,Yes,3,Windows,900,1600,Firefox,3Y3CZJSZ9KO8HL6EDWMVM5QQLAU5RZ,3T1XT3I8SXZB1M17G2PNLMVAGJG6HR,English conversations,Answer questions about English conversations.,language research fun cognitive science university,$0.50,Thu Dec 20 09:16:38 PST 2018,9,0,0,0,Reviewable,NotReviewed,1 cond,1800,60000,Sat Jan 19 09:16:38 PST 2019,https://requester.mturk.com/mturk/manageHIT?HITId=3Y3CZJSZ9KO8HL6EDWMVM5QQLAU5RZ,3XM0HYN6NLVQOBHL27GBANSC2PUPED,1,Submitted,Fri Dec 21 02:04:42 PST 2018,Thu Dec 20 09:16:59 PST 2018,Thu Dec 20 09:24:42 PST 2018,,,,,,[],5.666933333333334
2,0.5,multi_slider,1,0,0.5,0.5,0.5,polka-dotted,113,732,212122,232,6,True,blue things,red things,green things,clouds,circles,squares,132,English,2,Female,51,,Yes,4,Windows,825,1467,Firefox,3Y3CZJSZ9KO8HL6EDWMVM5QQLAU5RZ,3T1XT3I8SXZB1M17G2PNLMVAGJG6HR,English conversations,Answer questions about English conversations.,language research fun cognitive science university,$0.50,Thu Dec 20 09:16:38 PST 2018,9,0,0,0,Reviewable,NotReviewed,1 cond,1800,60000,Sat Jan 19 09:16:38 PST 2019,https://requester.mturk.com/mturk/manageHIT?HITId=3Y3CZJSZ9KO8HL6EDWMVM5QQLAU5RZ,3LQ8PUHQFMOARZLJFDYXMTOD8RRIHA,2,Submitted,Fri Dec 21 02:04:55 PST 2018,Thu Dec 20 09:19:13 PST 2018,Thu Dec 20 09:24:55 PST 2018,,,,,,[],5.628033333333334
2,0.5,multi_slider,0.5,0.5,0.5,0.5,0.5,square,233,1865,123212,233,7,False,solid things,striped things,polka-dotted things,blue things,red things,green things,331,English,2,Female,51,,Yes,4,Windows,825,1467,Firefox,3Y3CZJSZ9KO8HL6EDWMVM5QQLAU5RZ,3T1XT3I8SXZB1M17G2PNLMVAGJG6HR,English conversations,Answer questions about English conversations.,language research fun cognitive science university,$0.50,Thu Dec 20 09:16:38 PST 2018,9,0,0,0,Reviewable,NotReviewed,1 cond,1800,60000,Sat Jan 19 09:16:38 PST 2019,https://requester.mturk.com/mturk/manageHIT?HITId=3Y3CZJSZ9KO8HL6EDWMVM5QQLAU5RZ,3LQ8PUHQFMOARZLJFDYXMTOD8RRIHA,2,Submitted,Fri Dec 21 02:04:55 PST 2018,Thu Dec 20 09:19:13 PST 2018,Thu Dec 20 09:24:55 PST 2018,,,,,,[],5.628033333333334
2,0,multi_slider,0,1,0.5,0,1,square,333,430,321112,313,8,True,blue things,red things,green things,solid things,striped things,polka-dotted things,321,English,2,Female,51,,Yes,4,Windows,825,1467,Firefox,3Y3CZJSZ9KO8HL6EDWMVM5QQLAU5RZ,3T1XT3I8SXZB1M17G2PNLMVAGJG6HR,English conversations,Answer questions about English conversations.,language research fun cognitive science university,$0.50,Thu Dec 20 09:16:38 PST 2018,9,0,0,0,Reviewable,NotReviewed,1 cond,1800,60000,Sat Jan 19 09:16:38 PST 2019,https://requester.mturk.com/mturk/manageHIT?HITId=3Y3CZJSZ9KO8HL6EDWMVM5QQLAU5RZ,3LQ8PUHQFMOARZLJFDYXMTOD8RRIHA,2,Submitted,Fri Dec 21 02:04:55 PST 2018,Thu Dec 20 09:19:13 PST 2018,Thu Dec 20 09:24:55 PST 2018,,,,,,[],5.628033333333334
2,1,multi_slider,0.5,0,0.5,0.5,0.5,striped,312,563,213212,322,9,True,clouds,circles,squares,blue things,red things,green things,323,English,2,Female,51,,Yes,4,Windows,825,1467,Firefox,3Y3CZJSZ9KO8HL6EDWMVM5QQLAU5RZ,3T1XT3I8SXZB1M17G2PNLMVAGJG6HR,English conversations,Answer questions about English conversations.,language research fun cognitive science university,$0.50,Thu Dec 20 09:16:38 PST 2018,9,0,0,0,Reviewable,NotReviewed,1 cond,1800,60000,Sat Jan 19 09:16:38 PST 2019,https://requester.mturk.com/mturk/manageHIT?HITId=3Y3CZJSZ9KO8HL6EDWMVM5QQLAU5RZ,3LQ8PUHQFMOARZLJFDYXMTOD8RRIHA,2,Submitted,Fri Dec 21 02:04:55 PST 2018,Thu Dec 20 09:19:13 PST 2018,Thu Dec 20 09:24:55 PST 2018,,,,,,[],5.628033333333334
2,0.5,multi_slider,0.5,0.5,0.5,0.5,0.5,green,122,1339,122122,212,10,False,solid things,striped things,polka-dotted things,clouds,circles,squares,223,English,2,Female,51,,Yes,4,Windows,825,1467,Firefox,3Y3CZJSZ9KO8HL6EDWMVM5QQLAU5RZ,3T1XT3I8SXZB1M17G2PNLMVAGJG6HR,English conversations,Answer questions about English conversations.,language research fun cognitive science university,$0.50,Thu Dec 20 09:16:38 PST 2018,9,0,0,0,Reviewable,NotReviewed,1 cond,1800,60000,Sat Jan 19 09:16:38 PST 2019,https://requester.mturk.com/mturk/manageHIT?HITId=3Y3CZJSZ9KO8HL6EDWMVM5QQLAU5RZ,3LQ8PUHQFMOARZLJFDYXMTOD8RRIHA,2,Submitted,Fri Dec 21 02:04:55 PST 2018,Thu Dec 20 09:19:13 PST 2018,Thu Dec 20 09:24:55 PST 2018,,,,,,[],5.628033333333334
2,0,multi_slider,0.5,1,0.5,1,0,red,133,796,211212,132,11,True,clouds,circles,squares,solid things,striped things,polka-dotted things,322,English,2,Female,51,,Yes,4,Windows,825,1467,Firefox,3Y3CZJSZ9KO8HL6EDWMVM5QQLAU5RZ,3T1XT3I8SXZB1M17G2PNLMVAGJG6HR,English conversations,Answer questions about English conversations.,language research fun cognitive science university,$0.50,Thu Dec 20 09:16:38 PST 2018,9,0,0,0,Reviewable,NotReviewed,1 cond,1800,60000,Sat Jan 19 09:16:38 PST 2019,https://requester.mturk.com/mturk/manageHIT?HITId=3Y3CZJSZ9KO8HL6EDWMVM5QQLAU5RZ,3LQ8PUHQFMOARZLJFDYXMTOD8RRIHA,2,Submitted,Fri Dec 21 02:04:55 PST 2018,Thu Dec 20 09:19:13 PST 2018,Thu Dec 20 09:24:55 PST 2018,,,,,,[],5.628033333333334
2,0.5,multi_slider,0,1,1,0,0.5,blue,313,763,211212,311,12,True,clouds,circles,squares,solid things,striped things,polka-dotted things,221,English,2,Female,51,,Yes,4,Windows,825,1467,Firefox,3Y3CZJSZ9KO8HL6EDWMVM5QQLAU5RZ,3T1XT3I8SXZB1M17G2PNLMVAGJG6HR,English conversations,Answer questions about English conversations.,language research fun cognitive science university,$0.50,Thu Dec 20 09:16:38 PST 2018,9,0,0,0,Reviewable,NotReviewed,1 cond,1800,60000,Sat Jan 19 09:16:38 PST 2019,https://requester.mturk.com/mturk/manageHIT?HITId=3Y3CZJSZ9KO8HL6EDWMVM5QQLAU5RZ,3LQ8PUHQFMOARZLJFDYXMTOD8RRIHA,2,Submitted,Fri Dec 21 02:04:55 PST 2018,Thu Dec 20 09:19:13 PST 2018,Thu Dec 20 09:24:55 PST 2018,,,,,,[],5.628033333333334
2,1,multi_slider,0.5,0,0.5,0,1,green,323,1567,322121,133,13,True,clouds,circles,squares,solid things,striped things,polka-dotted things,133,English,2,Female,51,,Yes,4,Windows,825,1467,Firefox,3Y3CZJSZ9KO8HL6EDWMVM5QQLAU5RZ,3T1XT3I8SXZB1M17G2PNLMVAGJG6HR,English conversations,Answer questions about English conversations.,language research fun cognitive science university,$0.50,Thu Dec 20 09:16:38 PST 2018,9,0,0,0,Reviewable,NotReviewed,1 cond,1800,60000,Sat Jan 19 09:16:38 PST 2019,https://requester.mturk.com/mturk/manageHIT?HITId=3Y3CZJSZ9KO8HL6EDWMVM5QQLAU5RZ,3LQ8PUHQFMOARZLJFDYXMTOD8RRIHA,2,Submitted,Fri Dec 21 02:04:55 PST 2018,Thu Dec 20 09:19:13 PST 2018,Thu Dec 20 09:24:55 PST 2018,,,,,,[],5.628033333333334
2,0.5,multi_slider,0.5,0.5,0.5,1,0,square,311,168,323212,311,14,True,solid things,striped things,polka-dotted things,blue things,red things,green things,331,English,2,Female,51,,Yes,4,Windows,825,1467,Firefox,3Y3CZJSZ9KO8HL6EDWMVM5QQLAU5RZ,3T1XT3I8SXZB1M17G2PNLMVAGJG6HR,English conversations,Answer questions about English conversations.,language research fun cognitive science university,$0.50,Thu Dec 20 09:16:38 PST 2018,9,0,0,0,Reviewable,NotReviewed,1 cond,1800,60000,Sat Jan 19 09:16:38 PST 2019,https://requester.mturk.com/mturk/manageHIT?HITId=3Y3CZJSZ9KO8HL6EDWMVM5QQLAU5RZ,3LQ8PUHQFMOARZLJFDYXMTOD8RRIHA,2,Submitted,Fri Dec 21 02:04:55 PST 2018,Thu Dec 20 09:19:13 PST 2018,Thu Dec 20 09:24:55 PST 2018,,,,,,[],5.628033333333334
2,0,multi_slider,1,0.5,0.5,0.5,0.5,circle,323,599,213212,223,15,True,solid things,striped things,polka-dotted things,blue things,red things,green things,221,English,2,Female,51,,Yes,4,Windows,825,1467,Firefox,3Y3CZJSZ9KO8HL6EDWMVM5QQLAU5RZ,3T1XT3I8SXZB1M17G2PNLMVAGJG6HR,English conversations,Answer questions about English conversations.,language research fun cognitive science university,$0.50,Thu Dec 20 09:16:38 PST 2018,9,0,0,0,Reviewable,NotReviewed,1 cond,1800,60000,Sat Jan 19 09:16:38 PST 2019,https://requester.mturk.com/mturk/manageHIT?HITId=3Y3CZJSZ9KO8HL6EDWMVM5QQLAU5RZ,3LQ8PUHQFMOARZLJFDYXMTOD8RRIHA,2,Submitted,Fri Dec 21 02:04:55 PST 2018,Thu Dec 20 09:19:13 PST 2018,Thu Dec 20 09:24:55 PST 2018,,,,,,[],5.628033333333334
2,0.5,multi_slider,0.5,0.5,0.5,0.5,0.5,polka-dotted,121,83,122111,322,16,False,blue things,red things,green things,clouds,circles,squares,333,English,2,Female,51,,Yes,4,Windows,825,1467,Firefox,3Y3CZJSZ9KO8HL6EDWMVM5QQLAU5RZ,3T1XT3I8SXZB1M17G2PNLMVAGJG6HR,English conversations,Answer questions about English conversations.,language research fun cognitive science university,$0.50,Thu Dec 20 09:16:38 PST 2018,9,0,0,0,Reviewable,NotReviewed,1 cond,1800,60000,Sat Jan 19 09:16:38 PST 2019,https://requester.mturk.com/mturk/manageHIT?HITId=3Y3CZJSZ9KO8HL6EDWMVM5QQLAU5RZ,3LQ8PUHQFMOARZLJFDYXMTOD8RRIHA,2,Submitted,Fri Dec 21 02:04:55 PST 2018,Thu Dec 20 09:19:13 PST 2018,Thu Dec 20 09:24:55 PST 2018,,,,,,[],5.628033333333334
2,0.5,multi_slider,0.5,0.5,0.5,0.5,0.5,green,112,1913,111212,111,17,False,clouds,circles,squares,solid things,striped things,polka-dotted things,223,English,2,Female,51,,Yes,4,Windows,825,1467,Firefox,3Y3CZJSZ9KO8HL6EDWMVM5QQLAU5RZ,3T1XT3I8SXZB1M17G2PNLMVAGJG6HR,English conversations,Answer questions about English conversations.,language research fun cognitive science university,$0.50,Thu Dec 20 09:16:38 PST 2018,9,0,0,0,Reviewable,NotReviewed,1 cond,1800,60000,Sat Jan 19 09:16:38 PST 2019,https://requester.mturk.com/mturk/manageHIT?HITId=3Y3CZJSZ9KO8HL6EDWMVM5QQLAU5RZ,3LQ8PUHQFMOARZLJFDYXMTOD8RRIHA,2,Submitted,Fri Dec 21 02:04:55 PST 2018,Thu Dec 20 09:19:13 PST 2018,Thu Dec 20 09:24:55 PST 2018,,,,,,[],5.628033333333334
2,1,multi_slider,0.05,0.5,0,1,0.05,striped,221,420,321112,121,18,True,clouds,circles,squares,blue things,red things,green things,323,English,2,Female,51,,Yes,4,Windows,825,1467,Firefox,3Y3CZJSZ9KO8HL6EDWMVM5QQLAU5RZ,3T1XT3I8SXZB1M17G2PNLMVAGJG6HR,English conversations,Answer questions about English conversations.,language research fun cognitive science university,$0.50,Thu Dec 20 09:16:38 PST 2018,9,0,0,0,Reviewable,NotReviewed,1 cond,1800,60000,Sat Jan 19 09:16:38 PST 2019,https://requester.mturk.com/mturk/manageHIT?HITId=3Y3CZJSZ9KO8HL6EDWMVM5QQLAU5RZ,3LQ8PUHQFMOARZLJFDYXMTOD8RRIHA,2,Submitted,Fri Dec 21 02:04:55 PST 2018,Thu Dec 20 09:19:13 PST 2018,Thu Dec 20 09:24:55 PST 2018,,,,,,[],5.628033333333334
2,0.5,multi_slider,0.5,0.5,0.5,0.5,0.5,polka-dotted,213,895,112122,322,19,False,blue things,red things,green things,clouds,circles,squares,333,English,2,Female,51,,Yes,4,Windows,825,1467,Firefox,3Y3CZJSZ9KO8HL6EDWMVM5QQLAU5RZ,3T1XT3I8SXZB1M17G2PNLMVAGJG6HR,English conversations,Answer questions about English conversations.,language research fun cognitive science university,$0.50,Thu Dec 20 09:16:38 PST 2018,9,0,0,0,Reviewable,NotReviewed,1 cond,1800,60000,Sat Jan 19 09:16:38 PST 2019,https://requester.mturk.com/mturk/manageHIT?HITId=3Y3CZJSZ9KO8HL6EDWMVM5QQLAU5RZ,3LQ8PUHQFMOARZLJFDYXMTOD8RRIHA,2,Submitted,Fri Dec 21 02:04:55 PST 2018,Thu Dec 20 09:19:13 PST 2018,Thu Dec 20 09:24:55 PST 2018,,,,,,[],5.628033333333334
2,0,multi_slider,1,0,1,0,0,square,321,1447,322111,313,20,True,blue things,red things,green things,solid things,striped things,polka-dotted things,312,English,2,Female,51,,Yes,4,Windows,825,1467,Firefox,3Y3CZJSZ9KO8HL6EDWMVM5QQLAU5RZ,3T1XT3I8SXZB1M17G2PNLMVAGJG6HR,English conversations,Answer questions about English conversations.,language research fun cognitive science university,$0.50,Thu Dec 20 09:16:38 PST 2018,9,0,0,0,Reviewable,NotReviewed,1 cond,1800,60000,Sat Jan 19 09:16:38 PST 2019,https://requester.mturk.com/mturk/manageHIT?HITId=3Y3CZJSZ9KO8HL6EDWMVM5QQLAU5RZ,3LQ8PUHQFMOARZLJFDYXMTOD8RRIHA,2,Submitted,Fri Dec 21 02:04:55 PST 2018,Thu Dec 20 09:19:13 PST 2018,Thu Dec 20 09:24:55 PST 2018,,,,,,[],5.628033333333334
3,0.5,multi_slider,0.5,0.5,0.5,0.5,0.5,polka-dotted,133,1410,322111,231,6,True,clouds,circles,squares,blue things,red things,green things,232,ENGLISH,2,Female,54,,Yes,3,Windows,900,1600,Chrome,3Y3CZJSZ9KO8HL6EDWMVM5QQLAU5RZ,3T1XT3I8SXZB1M17G2PNLMVAGJG6HR,English conversations,Answer questions about English conversations.,language research fun cognitive science university,$0.50,Thu Dec 20 09:16:38 PST 2018,9,0,0,0,Reviewable,NotReviewed,1 cond,1800,60000,Sat Jan 19 09:16:38 PST 2019,https://requester.mturk.com/mturk/manageHIT?HITId=3Y3CZJSZ9KO8HL6EDWMVM5QQLAU5RZ,3JRJSWSMQIHJHMCY49J4XKPBXT2E3Q,3,Submitted,Fri Dec 21 02:05:30 PST 2018,Thu Dec 20 09:20:30 PST 2018,Thu Dec 20 09:25:30 PST 2018,,,,,,[],4.715983333333333
3,0.5,multi_slider,0.5,0.5,0.5,0.5,0.5,cloud,323,2104,111112,233,7,False,solid things,striped things,polka-dotted things,blue things,red things,green things,112,ENGLISH,2,Female,54,,Yes,3,Windows,900,1600,Chrome,3Y3CZJSZ9KO8HL6EDWMVM5QQLAU5RZ,3T1XT3I8SXZB1M17G2PNLMVAGJG6HR,English conversations,Answer questions about English conversations.,language research fun cognitive science university,$0.50,Thu Dec 20 09:16:38 PST 2018,9,0,0,0,Reviewable,NotReviewed,1 cond,1800,60000,Sat Jan 19 09:16:38 PST 2019,https://requester.mturk.com/mturk/manageHIT?HITId=3Y3CZJSZ9KO8HL6EDWMVM5QQLAU5RZ,3JRJSWSMQIHJHMCY49J4XKPBXT2E3Q,3,Submitted,Fri Dec 21 02:05:30 PST 2018,Thu Dec 20 09:20:30 PST 2018,Thu Dec 20 09:25:30 PST 2018,,,,,,[],4.715983333333333
3,0.5,multi_slider,0.5,0.5,0.5,0.5,0.5,polka-dotted,312,521,112132,321,8,False,blue things,red things,green things,clouds,circles,squares,331,ENGLISH,2,Female,54,,Yes,3,Windows,900,1600,Chrome,3Y3CZJSZ9KO8HL6EDWMVM5QQLAU5RZ,3T1XT3I8SXZB1M17G2PNLMVAGJG6HR,English conversations,Answer questions about English conversations.,language research fun cognitive science university,$0.50,Thu Dec 20 09:16:38 PST 2018,9,0,0,0,Reviewable,NotReviewed,1 cond,1800,60000,Sat Jan 19 09:16:38 PST 2019,https://requester.mturk.com/mturk/manageHIT?HITId=3Y3CZJSZ9KO8HL6EDWMVM5QQLAU5RZ,3JRJSWSMQIHJHMCY49J4XKPBXT2E3Q,3,Submitted,Fri Dec 21 02:05:30 PST 2018,Thu Dec 20 09:20:30 PST 2018,Thu Dec 20 09:25:30 PST 2018,,,,,,[],4.715983333333333
3,0.5,multi_slider,0.5,0.5,0.5,0.5,0.5,square,332,1560,322121,313,9,True,solid things,striped things,polka-dotted things,blue things,red things,green things,313,ENGLISH,2,Female,54,,Yes,3,Windows,900,1600,Chrome,3Y3CZJSZ9KO8HL6EDWMVM5QQLAU5RZ,3T1XT3I8SXZB1M17G2PNLMVAGJG6HR,English conversations,Answer questions about English conversations.,language research fun cognitive science university,$0.50,Thu Dec 20 09:16:38 PST 2018,9,0,0,0,Reviewable,NotReviewed,1 cond,1800,60000,Sat Jan 19 09:16:38 PST 2019,https://requester.mturk.com/mturk/manageHIT?HITId=3Y3CZJSZ9KO8HL6EDWMVM5QQLAU5RZ,3JRJSWSMQIHJHMCY49J4XKPBXT2E3Q,3,Submitted,Fri Dec 21 02:05:30 PST 2018,Thu Dec 20 09:20:30 PST 2018,Thu Dec 20 09:25:30 PST 2018,,,,,,[],4.715983333333333
3,0.5,multi_slider,0.5,0.5,0.5,0.5,0.5,red,333,756,211212,332,10,True,solid things,striped things,polka-dotted things,clouds,circles,squares,222,ENGLISH,2,Female,54,,Yes,3,Windows,900,1600,Chrome,3Y3CZJSZ9KO8HL6EDWMVM5QQLAU5RZ,3T1XT3I8SXZB1M17G2PNLMVAGJG6HR,English conversations,Answer questions about English conversations.,language research fun cognitive science university,$0.50,Thu Dec 20 09:16:38 PST 2018,9,0,0,0,Reviewable,NotReviewed,1 cond,1800,60000,Sat Jan 19 09:16:38 PST 2019,https://requester.mturk.com/mturk/manageHIT?HITId=3Y3CZJSZ9KO8HL6EDWMVM5QQLAU5RZ,3JRJSWSMQIHJHMCY49J4XKPBXT2E3Q,3,Submitted,Fri Dec 21 02:05:30 PST 2018,Thu Dec 20 09:20:30 PST 2018,Thu Dec 20 09:25:30 PST 2018,,,,,,[],4.715983333333333
3,0.5,multi_slider,0.5,0.5,0.5,0.5,0.5,cloud,223,1023,212212,121,11,True,solid things,striped things,polka-dotted things,blue things,red things,green things,133,ENGLISH,2,Female,54,,Yes,3,Windows,900,1600,Chrome,3Y3CZJSZ9KO8HL6EDWMVM5QQLAU5RZ,3T1XT3I8SXZB1M17G2PNLMVAGJG6HR,English conversations,Answer questions about English conversations.,language research fun cognitive science university,$0.50,Thu Dec 20 09:16:38 PST 2018,9,0,0,0,Reviewable,NotReviewed,1 cond,1800,60000,Sat Jan 19 09:16:38 PST 2019,https://requester.mturk.com/mturk/manageHIT?HITId=3Y3CZJSZ9KO8HL6EDWMVM5QQLAU5RZ,3JRJSWSMQIHJHMCY49J4XKPBXT2E3Q,3,Submitted,Fri Dec 21 02:05:30 PST 2018,Thu Dec 20 09:20:30 PST 2018,Thu Dec 20 09:25:30 PST 2018,,,,,,[],4.715983333333333
3,0.5,multi_slider,0.5,0.5,0.5,0.6,0.5,polka-dotted,331,2097,321111,132,12,True,blue things,red things,green things,clouds,circles,squares,233,ENGLISH,2,Female,54,,Yes,3,Windows,900,1600,Chrome,3Y3CZJSZ9KO8HL6EDWMVM5QQLAU5RZ,3T1XT3I8SXZB1M17G2PNLMVAGJG6HR,English conversations,Answer questions about English conversations.,language research fun cognitive science university,$0.50,Thu Dec 20 09:16:38 PST 2018,9,0,0,0,Reviewable,NotReviewed,1 cond,1800,60000,Sat Jan 19 09:16:38 PST 2019,https://requester.mturk.com/mturk/manageHIT?HITId=3Y3CZJSZ9KO8HL6EDWMVM5QQLAU5RZ,3JRJSWSMQIHJHMCY49J4XKPBXT2E3Q,3,Submitted,Fri Dec 21 02:05:30 PST 2018,Thu Dec 20 09:20:30 PST 2018,Thu Dec 20 09:25:30 PST 2018,,,,,,[],4.715983333333333
3,0.5,multi_slider,0.5,0.5,0.5,0.5,0.5,blue,112,97,122111,232,13,False,clouds,circles,squares,solid things,striped things,polka-dotted things,221,ENGLISH,2,Female,54,,Yes,3,Windows,900,1600,Chrome,3Y3CZJSZ9KO8HL6EDWMVM5QQLAU5RZ,3T1XT3I8SXZB1M17G2PNLMVAGJG6HR,English conversations,Answer questions about English conversations.,language research fun cognitive science university,$0.50,Thu Dec 20 09:16:38 PST 2018,9,0,0,0,Reviewable,NotReviewed,1 cond,1800,60000,Sat Jan 19 09:16:38 PST 2019,https://requester.mturk.com/mturk/manageHIT?HITId=3Y3CZJSZ9KO8HL6EDWMVM5QQLAU5RZ,3JRJSWSMQIHJHMCY49J4XKPBXT2E3Q,3,Submitted,Fri Dec 21 02:05:30 PST 2018,Thu Dec 20 09:20:30 PST 2018,Thu Dec 20 09:25:30 PST 2018,,,,,,[],4.715983333333333
3,0.5,multi_slider,0.5,0.5,0.5,0.5,0.5,green,333,1550,322112,313,14,True,solid things,striped things,polka-dotted things,clouds,circles,squares,113,ENGLISH,2,Female,54,,Yes,3,Windows,900,1600,Chrome,3Y3CZJSZ9KO8HL6EDWMVM5QQLAU5RZ,3T1XT3I8SXZB1M17G2PNLMVAGJG6HR,English conversations,Answer questions about English conversations.,language research fun cognitive science university,$0.50,Thu Dec 20 09:16:38 PST 2018,9,0,0,0,Reviewable,NotReviewed,1 cond,1800,60000,Sat Jan 19 09:16:38 PST 2019,https://requester.mturk.com/mturk/manageHIT?HITId=3Y3CZJSZ9KO8HL6EDWMVM5QQLAU5RZ,3JRJSWSMQIHJHMCY49J4XKPBXT2E3Q,3,Submitted,Fri Dec 21 02:05:30 PST 2018,Thu Dec 20 09:20:30 PST 2018,Thu Dec 20 09:25:30 PST 2018,,,,,,[],4.715983333333333
3,0.5,multi_slider,0.5,0.5,0.5,0.5,0.5,polka-dotted,213,1343,122122,311,15,False,blue things,red things,green things,clouds,circles,squares,333,ENGLISH,2,Female,54,,Yes,3,Windows,900,1600,Chrome,3Y3CZJSZ9KO8HL6EDWMVM5QQLAU5RZ,3T1XT3I8SXZB1M17G2PNLMVAGJG6HR,English conversations,Answer questions about English conversations.,language research fun cognitive science university,$0.50,Thu Dec 20 09:16:38 PST 2018,9,0,0,0,Reviewable,NotReviewed,1 cond,1800,60000,Sat Jan 19 09:16:38 PST 2019,https://requester.mturk.com/mturk/manageHIT?HITId=3Y3CZJSZ9KO8HL6EDWMVM5QQLAU5RZ,3JRJSWSMQIHJHMCY49J4XKPBXT2E3Q,3,Submitted,Fri Dec 21 02:05:30 PST 2018,Thu Dec 20 09:20:30 PST 2018,Thu Dec 20 09:25:30 PST 2018,,,,,,[],4.715983333333333
3,0.5,multi_slider,0.5,0.5,0.5,0.5,0.5,striped,231,1465,123211,232,16,False,blue things,red things,green things,clouds,circles,squares,223,ENGLISH,2,Female,54,,Yes,3,Windows,900,1600,Chrome,3Y3CZJSZ9KO8HL6EDWMVM5QQLAU5RZ,3T1XT3I8SXZB1M17G2PNLMVAGJG6HR,English conversations,Answer questions about English conversations.,language research fun cognitive science university,$0.50,Thu Dec 20 09:16:38 PST 2018,9,0,0,0,Reviewable,NotReviewed,1 cond,1800,60000,Sat Jan 19 09:16:38 PST 2019,https://requester.mturk.com/mturk/manageHIT?HITId=3Y3CZJSZ9KO8HL6EDWMVM5QQLAU5RZ,3JRJSWSMQIHJHMCY49J4XKPBXT2E3Q,3,Submitted,Fri Dec 21 02:05:30 PST 2018,Thu Dec 20 09:20:30 PST 2018,Thu Dec 20 09:25:30 PST 2018,,,,,,[],4.715983333333333
3,0.45,multi_slider,0.5,0.5,0.5,0.5,0.5,blue,211,2238,323211,231,17,True,solid things,striped things,polka-dotted things,clouds,circles,squares,221,ENGLISH,2,Female,54,,Yes,3,Windows,900,1600,Chrome,3Y3CZJSZ9KO8HL6EDWMVM5QQLAU5RZ,3T1XT3I8SXZB1M17G2PNLMVAGJG6HR,English conversations,Answer questions about English conversations.,language research fun cognitive science university,$0.50,Thu Dec 20 09:16:38 PST 2018,9,0,0,0,Reviewable,NotReviewed,1 cond,1800,60000,Sat Jan 19 09:16:38 PST 2019,https://requester.mturk.com/mturk/manageHIT?HITId=3Y3CZJSZ9KO8HL6EDWMVM5QQLAU5RZ,3JRJSWSMQIHJHMCY49J4XKPBXT2E3Q,3,Submitted,Fri Dec 21 02:05:30 PST 2018,Thu Dec 20 09:20:30 PST 2018,Thu Dec 20 09:25:30 PST 2018,,,,,,[],4.715983333333333
3,0.5,multi_slider,0.5,0.5,0.5,0.5,0.5,cloud,132,1514,322112,133,18,True,solid things,striped things,polka-dotted things,blue things,red things,green things,123,ENGLISH,2,Female,54,,Yes,3,Windows,900,1600,Chrome,3Y3CZJSZ9KO8HL6EDWMVM5QQLAU5RZ,3T1XT3I8SXZB1M17G2PNLMVAGJG6HR,English conversations,Answer questions about English conversations.,language research fun cognitive science university,$0.50,Thu Dec 20 09:16:38 PST 2018,9,0,0,0,Reviewable,NotReviewed,1 cond,1800,60000,Sat Jan 19 09:16:38 PST 2019,https://requester.mturk.com/mturk/manageHIT?HITId=3Y3CZJSZ9KO8HL6EDWMVM5QQLAU5RZ,3JRJSWSMQIHJHMCY49J4XKPBXT2E3Q,3,Submitted,Fri Dec 21 02:05:30 PST 2018,Thu Dec 20 09:20:30 PST 2018,Thu Dec 20 09:25:30 PST 2018,,,,,,[],4.715983333333333
3,0.5,multi_slider,0.5,0.45,0.5,0.5,0.5,polka-dotted,121,140,212111,332,19,True,clouds,circles,squares,blue things,red things,green things,232,ENGLISH,2,Female,54,,Yes,3,Windows,900,1600,Chrome,3Y3CZJSZ9KO8HL6EDWMVM5QQLAU5RZ,3T1XT3I8SXZB1M17G2PNLMVAGJG6HR,English conversations,Answer questions about English conversations.,language research fun cognitive science university,$0.50,Thu Dec 20 09:16:38 PST 2018,9,0,0,0,Reviewable,NotReviewed,1 cond,1800,60000,Sat Jan 19 09:16:38 PST 2019,https://requester.mturk.com/mturk/manageHIT?HITId=3Y3CZJSZ9KO8HL6EDWMVM5QQLAU5RZ,3JRJSWSMQIHJHMCY49J4XKPBXT2E3Q,3,Submitted,Fri Dec 21 02:05:30 PST 2018,Thu Dec 20 09:20:30 PST 2018,Thu Dec 20 09:25:30 PST 2018,,,,,,[],4.715983333333333
3,0.5,multi_slider,0.5,0.5,0.5,0.5,0.5,green,123,1417,322111,333,20,True,clouds,circles,squares,solid things,striped things,polka-dotted things,313,ENGLISH,2,Female,54,,Yes,3,Windows,900,1600,Chrome,3Y3CZJSZ9KO8HL6EDWMVM5QQLAU5RZ,3T1XT3I8SXZB1M17G2PNLMVAGJG6HR,English conversations,Answer questions about English conversations.,language research fun cognitive science university,$0.50,Thu Dec 20 09:16:38 PST 2018,9,0,0,0,Reviewable,NotReviewed,1 cond,1800,60000,Sat Jan 19 09:16:38 PST 2019,https://requester.mturk.com/mturk/manageHIT?HITId=3Y3CZJSZ9KO8HL6EDWMVM5QQLAU5RZ,3JRJSWSMQIHJHMCY49J4XKPBXT2E3Q,3,Submitted,Fri Dec 21 02:05:30 PST 2018,Thu Dec 20 09:20:30 PST 2018,Thu Dec 20 09:25:30 PST 2018,,,,,,[],4.715983333333333
4,0.5,multi_slider,0,0.5,1,0.05,0,circle,211,1536,322112,213,6,True,solid things,striped things,polka-dotted things,blue things,red things,green things,223,English,2,Female,65,,Yes,2,Windows,768,1366,Chrome,3Y3CZJSZ9KO8HL6EDWMVM5QQLAU5RZ,3T1XT3I8SXZB1M17G2PNLMVAGJG6HR,English conversations,Answer questions about English conversations.,language research fun cognitive science university,$0.50,Thu Dec 20 09:16:38 PST 2018,9,0,0,0,Reviewable,NotReviewed,1 cond,1800,60000,Sat Jan 19 09:16:38 PST 2019,https://requester.mturk.com/mturk/manageHIT?HITId=3Y3CZJSZ9KO8HL6EDWMVM5QQLAU5RZ,3K5TEWLKGW7F90G3K2F11UFMG62IV0,4,Submitted,Fri Dec 21 02:07:18 PST 2018,Thu Dec 20 09:20:06 PST 2018,Thu Dec 20 09:27:18 PST 2018,,,,,,[],7.1010333333333335
4,1,multi_slider,0.5,0,0.7,0,0.5,cloud,133,2026,322122,122,7,True,solid things,striped things,polka-dotted things,blue things,red things,green things,123,English,2,Female,65,,Yes,2,Windows,768,1366,Chrome,3Y3CZJSZ9KO8HL6EDWMVM5QQLAU5RZ,3T1XT3I8SXZB1M17G2PNLMVAGJG6HR,English conversations,Answer questions about English conversations.,language research fun cognitive science university,$0.50,Thu Dec 20 09:16:38 PST 2018,9,0,0,0,Reviewable,NotReviewed,1 cond,1800,60000,Sat Jan 19 09:16:38 PST 2019,https://requester.mturk.com/mturk/manageHIT?HITId=3Y3CZJSZ9KO8HL6EDWMVM5QQLAU5RZ,3K5TEWLKGW7F90G3K2F11UFMG62IV0,4,Submitted,Fri Dec 21 02:07:18 PST 2018,Thu Dec 20 09:20:06 PST 2018,Thu Dec 20 09:27:18 PST 2018,,,,,,[],7.1010333333333335
4,0.95,multi_slider,0,0.5,0,0.95,0.5,polka-dotted,321,676,212211,132,8,True,blue things,red things,green things,clouds,circles,squares,333,English,2,Female,65,,Yes,2,Windows,768,1366,Chrome,3Y3CZJSZ9KO8HL6EDWMVM5QQLAU5RZ,3T1XT3I8SXZB1M17G2PNLMVAGJG6HR,English conversations,Answer questions about English conversations.,language research fun cognitive science university,$0.50,Thu Dec 20 09:16:38 PST 2018,9,0,0,0,Reviewable,NotReviewed,1 cond,1800,60000,Sat Jan 19 09:16:38 PST 2019,https://requester.mturk.com/mturk/manageHIT?HITId=3Y3CZJSZ9KO8HL6EDWMVM5QQLAU5RZ,3K5TEWLKGW7F90G3K2F11UFMG62IV0,4,Submitted,Fri Dec 21 02:07:18 PST 2018,Thu Dec 20 09:20:06 PST 2018,Thu Dec 20 09:27:18 PST 2018,,,,,,[],7.1010333333333335
4,0.5,multi_slider,0.95,0,0.95,0.5,0,red,212,1142,321212,212,9,True,solid things,striped things,polka-dotted things,clouds,circles,squares,122,English,2,Female,65,,Yes,2,Windows,768,1366,Chrome,3Y3CZJSZ9KO8HL6EDWMVM5QQLAU5RZ,3T1XT3I8SXZB1M17G2PNLMVAGJG6HR,English conversations,Answer questions about English conversations.,language research fun cognitive science university,$0.50,Thu Dec 20 09:16:38 PST 2018,9,0,0,0,Reviewable,NotReviewed,1 cond,1800,60000,Sat Jan 19 09:16:38 PST 2019,https://requester.mturk.com/mturk/manageHIT?HITId=3Y3CZJSZ9KO8HL6EDWMVM5QQLAU5RZ,3K5TEWLKGW7F90G3K2F11UFMG62IV0,4,Submitted,Fri Dec 21 02:07:18 PST 2018,Thu Dec 20 09:20:06 PST 2018,Thu Dec 20 09:27:18 PST 2018,,,,,,[],7.1010333333333335
4,1,multi_slider,0,0,0.5,0,0.95,striped,223,1413,322111,121,10,True,blue things,red things,green things,clouds,circles,squares,321,English,2,Female,65,,Yes,2,Windows,768,1366,Chrome,3Y3CZJSZ9KO8HL6EDWMVM5QQLAU5RZ,3T1XT3I8SXZB1M17G2PNLMVAGJG6HR,English conversations,Answer questions about English conversations.,language research fun cognitive science university,$0.50,Thu Dec 20 09:16:38 PST 2018,9,0,0,0,Reviewable,NotReviewed,1 cond,1800,60000,Sat Jan 19 09:16:38 PST 2019,https://requester.mturk.com/mturk/manageHIT?HITId=3Y3CZJSZ9KO8HL6EDWMVM5QQLAU5RZ,3K5TEWLKGW7F90G3K2F11UFMG62IV0,4,Submitted,Fri Dec 21 02:07:18 PST 2018,Thu Dec 20 09:20:06 PST 2018,Thu Dec 20 09:27:18 PST 2018,,,,,,[],7.1010333333333335
4,0.5,multi_slider,0.5,0.5,0.5,0.5,0.5,blue,323,808,112111,112,11,False,clouds,circles,squares,solid things,striped things,polka-dotted things,211,English,2,Female,65,,Yes,2,Windows,768,1366,Chrome,3Y3CZJSZ9KO8HL6EDWMVM5QQLAU5RZ,3T1XT3I8SXZB1M17G2PNLMVAGJG6HR,English conversations,Answer questions about English conversations.,language research fun cognitive science university,$0.50,Thu Dec 20 09:16:38 PST 2018,9,0,0,0,Reviewable,NotReviewed,1 cond,1800,60000,Sat Jan 19 09:16:38 PST 2019,https://requester.mturk.com/mturk/manageHIT?HITId=3Y3CZJSZ9KO8HL6EDWMVM5QQLAU5RZ,3K5TEWLKGW7F90G3K2F11UFMG62IV0,4,Submitted,Fri Dec 21 02:07:18 PST 2018,Thu Dec 20 09:20:06 PST 2018,Thu Dec 20 09:27:18 PST 2018,,,,,,[],7.1010333333333335
4,0.5,multi_slider,0.5,0.5,0.5,0.5,0.5,polka-dotted,213,1306,122122,112,12,False,blue things,red things,green things,clouds,circles,squares,133,English,2,Female,65,,Yes,2,Windows,768,1366,Chrome,3Y3CZJSZ9KO8HL6EDWMVM5QQLAU5RZ,3T1XT3I8SXZB1M17G2PNLMVAGJG6HR,English conversations,Answer questions about English conversations.,language research fun cognitive science university,$0.50,Thu Dec 20 09:16:38 PST 2018,9,0,0,0,Reviewable,NotReviewed,1 cond,1800,60000,Sat Jan 19 09:16:38 PST 2019,https://requester.mturk.com/mturk/manageHIT?HITId=3Y3CZJSZ9KO8HL6EDWMVM5QQLAU5RZ,3K5TEWLKGW7F90G3K2F11UFMG62IV0,4,Submitted,Fri Dec 21 02:07:18 PST 2018,Thu Dec 20 09:20:06 PST 2018,Thu Dec 20 09:27:18 PST 2018,,,,,,[],7.1010333333333335
4,0.5,multi_slider,0.5,0.5,0.5,0.5,0.5,circle,312,611,112121,131,13,False,solid things,striped things,polka-dotted things,blue things,red things,green things,231,English,2,Female,65,,Yes,2,Windows,768,1366,Chrome,3Y3CZJSZ9KO8HL6EDWMVM5QQLAU5RZ,3T1XT3I8SXZB1M17G2PNLMVAGJG6HR,English conversations,Answer questions about English conversations.,language research fun cognitive science university,$0.50,Thu Dec 20 09:16:38 PST 2018,9,0,0,0,Reviewable,NotReviewed,1 cond,1800,60000,Sat Jan 19 09:16:38 PST 2019,https://requester.mturk.com/mturk/manageHIT?HITId=3Y3CZJSZ9KO8HL6EDWMVM5QQLAU5RZ,3K5TEWLKGW7F90G3K2F11UFMG62IV0,4,Submitted,Fri Dec 21 02:07:18 PST 2018,Thu Dec 20 09:20:06 PST 2018,Thu Dec 20 09:27:18 PST 2018,,,,,,[],7.1010333333333335
4,1,multi_slider,0,0.5,0.7,0,0,circle,213,421,321112,211,14,True,blue things,red things,green things,solid things,striped things,polka-dotted things,232,English,2,Female,65,,Yes,2,Windows,768,1366,Chrome,3Y3CZJSZ9KO8HL6EDWMVM5QQLAU5RZ,3T1XT3I8SXZB1M17G2PNLMVAGJG6HR,English conversations,Answer questions about English conversations.,language research fun cognitive science university,$0.50,Thu Dec 20 09:16:38 PST 2018,9,0,0,0,Reviewable,NotReviewed,1 cond,1800,60000,Sat Jan 19 09:16:38 PST 2019,https://requester.mturk.com/mturk/manageHIT?HITId=3Y3CZJSZ9KO8HL6EDWMVM5QQLAU5RZ,3K5TEWLKGW7F90G3K2F11UFMG62IV0,4,Submitted,Fri Dec 21 02:07:18 PST 2018,Thu Dec 20 09:20:06 PST 2018,Thu Dec 20 09:27:18 PST 2018,,,,,,[],7.1010333333333335
4,0.5,multi_slider,0.5,0.5,0.5,0.5,0.5,cloud,213,1841,122121,231,15,False,solid things,striped things,polka-dotted things,blue things,red things,green things,131,English,2,Female,65,,Yes,2,Windows,768,1366,Chrome,3Y3CZJSZ9KO8HL6EDWMVM5QQLAU5RZ,3T1XT3I8SXZB1M17G2PNLMVAGJG6HR,English conversations,Answer questions about English conversations.,language research fun cognitive science university,$0.50,Thu Dec 20 09:16:38 PST 2018,9,0,0,0,Reviewable,NotReviewed,1 cond,1800,60000,Sat Jan 19 09:16:38 PST 2019,https://requester.mturk.com/mturk/manageHIT?HITId=3Y3CZJSZ9KO8HL6EDWMVM5QQLAU5RZ,3K5TEWLKGW7F90G3K2F11UFMG62IV0,4,Submitted,Fri Dec 21 02:07:18 PST 2018,Thu Dec 20 09:20:06 PST 2018,Thu Dec 20 09:27:18 PST 2018,,,,,,[],7.1010333333333335
4,0.5,multi_slider,0.5,0.5,0.5,0.5,0.5,cloud,333,1068,113212,233,16,False,solid things,striped things,polka-dotted things,blue things,red things,green things,131,English,2,Female,65,,Yes,2,Windows,768,1366,Chrome,3Y3CZJSZ9KO8HL6EDWMVM5QQLAU5RZ,3T1XT3I8SXZB1M17G2PNLMVAGJG6HR,English conversations,Answer questions about English conversations.,language research fun cognitive science university,$0.50,Thu Dec 20 09:16:38 PST 2018,9,0,0,0,Reviewable,NotReviewed,1 cond,1800,60000,Sat Jan 19 09:16:38 PST 2019,https://requester.mturk.com/mturk/manageHIT?HITId=3Y3CZJSZ9KO8HL6EDWMVM5QQLAU5RZ,3K5TEWLKGW7F90G3K2F11UFMG62IV0,4,Submitted,Fri Dec 21 02:07:18 PST 2018,Thu Dec 20 09:20:06 PST 2018,Thu Dec 20 09:27:18 PST 2018,,,,,,[],7.1010333333333335
4,0.8,multi_slider,0.25,0.5,0,0.5,1,red,321,1048,212212,122,17,True,solid things,striped things,polka-dotted things,clouds,circles,squares,312,English,2,Female,65,,Yes,2,Windows,768,1366,Chrome,3Y3CZJSZ9KO8HL6EDWMVM5QQLAU5RZ,3T1XT3I8SXZB1M17G2PNLMVAGJG6HR,English conversations,Answer questions about English conversations.,language research fun cognitive science university,$0.50,Thu Dec 20 09:16:38 PST 2018,9,0,0,0,Reviewable,NotReviewed,1 cond,1800,60000,Sat Jan 19 09:16:38 PST 2019,https://requester.mturk.com/mturk/manageHIT?HITId=3Y3CZJSZ9KO8HL6EDWMVM5QQLAU5RZ,3K5TEWLKGW7F90G3K2F11UFMG62IV0,4,Submitted,Fri Dec 21 02:07:18 PST 2018,Thu Dec 20 09:20:06 PST 2018,Thu Dec 20 09:27:18 PST 2018,,,,,,[],7.1010333333333335
4,0,multi_slider,0.5,1,0.5,0.5,0.5,red,233,1169,212232,332,18,True,solid things,striped things,polka-dotted things,clouds,circles,squares,232,English,2,Female,65,,Yes,2,Windows,768,1366,Chrome,3Y3CZJSZ9KO8HL6EDWMVM5QQLAU5RZ,3T1XT3I8SXZB1M17G2PNLMVAGJG6HR,English conversations,Answer questions about English conversations.,language research fun cognitive science university,$0.50,Thu Dec 20 09:16:38 PST 2018,9,0,0,0,Reviewable,NotReviewed,1 cond,1800,60000,Sat Jan 19 09:16:38 PST 2019,https://requester.mturk.com/mturk/manageHIT?HITId=3Y3CZJSZ9KO8HL6EDWMVM5QQLAU5RZ,3K5TEWLKGW7F90G3K2F11UFMG62IV0,4,Submitted,Fri Dec 21 02:07:18 PST 2018,Thu Dec 20 09:20:06 PST 2018,Thu Dec 20 09:27:18 PST 2018,,,,,,[],7.1010333333333335
4,0.5,multi_slider,0.25,0.95,0.95,0,0.5,circle,213,1502,322112,223,19,True,blue things,red things,green things,solid things,striped things,polka-dotted things,222,English,2,Female,65,,Yes,2,Windows,768,1366,Chrome,3Y3CZJSZ9KO8HL6EDWMVM5QQLAU5RZ,3T1XT3I8SXZB1M17G2PNLMVAGJG6HR,English conversations,Answer questions about English conversations.,language research fun cognitive science university,$0.50,Thu Dec 20 09:16:38 PST 2018,9,0,0,0,Reviewable,NotReviewed,1 cond,1800,60000,Sat Jan 19 09:16:38 PST 2019,https://requester.mturk.com/mturk/manageHIT?HITId=3Y3CZJSZ9KO8HL6EDWMVM5QQLAU5RZ,3K5TEWLKGW7F90G3K2F11UFMG62IV0,4,Submitted,Fri Dec 21 02:07:18 PST 2018,Thu Dec 20 09:20:06 PST 2018,Thu Dec 20 09:27:18 PST 2018,,,,,,[],7.1010333333333335
4,0,multi_slider,1,0.5,0.5,0.5,0,square,211,720,212122,332,20,True,blue things,red things,green things,solid things,striped things,polka-dotted things,312,English,2,Female,65,,Yes,2,Windows,768,1366,Chrome,3Y3CZJSZ9KO8HL6EDWMVM5QQLAU5RZ,3T1XT3I8SXZB1M17G2PNLMVAGJG6HR,English conversations,Answer questions about English conversations.,language research fun cognitive science university,$0.50,Thu Dec 20 09:16:38 PST 2018,9,0,0,0,Reviewable,NotReviewed,1 cond,1800,60000,Sat Jan 19 09:16:38 PST 2019,https://requester.mturk.com/mturk/manageHIT?HITId=3Y3CZJSZ9KO8HL6EDWMVM5QQLAU5RZ,3K5TEWLKGW7F90G3K2F11UFMG62IV0,4,Submitted,Fri Dec 21 02:07:18 PST 2018,Thu Dec 20 09:20:06 PST 2018,Thu Dec 20 09:27:18 PST 2018,,,,,,[],7.1010333333333335
5,0.5,multi_slider,0.5,0.5,0.5,0.5,0.5,blue,131,167,323212,131,6,True,clouds,circles,squares,solid things,striped things,polka-dotted things,111,English,1,Female,55,,Yes,2,Mac,800,1280,Chrome,3Y3CZJSZ9KO8HL6EDWMVM5QQLAU5RZ,3T1XT3I8SXZB1M17G2PNLMVAGJG6HR,English conversations,Answer questions about English conversations.,language research fun cognitive science university,$0.50,Thu Dec 20 09:16:38 PST 2018,9,0,0,0,Reviewable,NotReviewed,1 cond,1800,60000,Sat Jan 19 09:16:38 PST 2019,https://requester.mturk.com/mturk/manageHIT?HITId=3Y3CZJSZ9KO8HL6EDWMVM5QQLAU5RZ,3TXWC2NHN0M6676WMD4JDEWCYCLS9M,5,Submitted,Fri Dec 21 02:08:39 PST 2018,Thu Dec 20 09:18:12 PST 2018,Thu Dec 20 09:28:39 PST 2018,,,,,,[],10.264233333333333
5,0.5,multi_slider,0.5,0.5,0.5,0.95,0.05,circle,113,1185,212232,211,7,True,blue things,red things,green things,solid things,striped things,polka-dotted things,213,English,1,Female,55,,Yes,2,Mac,800,1280,Chrome,3Y3CZJSZ9KO8HL6EDWMVM5QQLAU5RZ,3T1XT3I8SXZB1M17G2PNLMVAGJG6HR,English conversations,Answer questions about English conversations.,language research fun cognitive science university,$0.50,Thu Dec 20 09:16:38 PST 2018,9,0,0,0,Reviewable,NotReviewed,1 cond,1800,60000,Sat Jan 19 09:16:38 PST 2019,https://requester.mturk.com/mturk/manageHIT?HITId=3Y3CZJSZ9KO8HL6EDWMVM5QQLAU5RZ,3TXWC2NHN0M6676WMD4JDEWCYCLS9M,5,Submitted,Fri Dec 21 02:08:39 PST 2018,Thu Dec 20 09:18:12 PST 2018,Thu Dec 20 09:28:39 PST 2018,,,,,,[],10.264233333333333
5,0.95,multi_slider,0,0,1,0,0.05,green,312,677,212211,133,8,True,solid things,striped things,polka-dotted things,clouds,circles,squares,323,English,1,Female,55,,Yes,2,Mac,800,1280,Chrome,3Y3CZJSZ9KO8HL6EDWMVM5QQLAU5RZ,3T1XT3I8SXZB1M17G2PNLMVAGJG6HR,English conversations,Answer questions about English conversations.,language research fun cognitive science university,$0.50,Thu Dec 20 09:16:38 PST 2018,9,0,0,0,Reviewable,NotReviewed,1 cond,1800,60000,Sat Jan 19 09:16:38 PST 2019,https://requester.mturk.com/mturk/manageHIT?HITId=3Y3CZJSZ9KO8HL6EDWMVM5QQLAU5RZ,3TXWC2NHN0M6676WMD4JDEWCYCLS9M,5,Submitted,Fri Dec 21 02:08:39 PST 2018,Thu Dec 20 09:18:12 PST 2018,Thu Dec 20 09:28:39 PST 2018,,,,,,[],10.264233333333333
5,0.5,multi_slider,0.5,0.5,0.5,0.5,0.5,striped,211,1372,113211,233,9,False,clouds,circles,squares,blue things,red things,green things,222,English,1,Female,55,,Yes,2,Mac,800,1280,Chrome,3Y3CZJSZ9KO8HL6EDWMVM5QQLAU5RZ,3T1XT3I8SXZB1M17G2PNLMVAGJG6HR,English conversations,Answer questions about English conversations.,language research fun cognitive science university,$0.50,Thu Dec 20 09:16:38 PST 2018,9,0,0,0,Reviewable,NotReviewed,1 cond,1800,60000,Sat Jan 19 09:16:38 PST 2019,https://requester.mturk.com/mturk/manageHIT?HITId=3Y3CZJSZ9KO8HL6EDWMVM5QQLAU5RZ,3TXWC2NHN0M6676WMD4JDEWCYCLS9M,5,Submitted,Fri Dec 21 02:08:39 PST 2018,Thu Dec 20 09:18:12 PST 2018,Thu Dec 20 09:28:39 PST 2018,,,,,,[],10.264233333333333
5,0.95,multi_slider,0.5,0.5,0.5,0.5,0.5,blue,121,189,323212,121,10,True,clouds,circles,squares,solid things,striped things,polka-dotted things,131,English,1,Female,55,,Yes,2,Mac,800,1280,Chrome,3Y3CZJSZ9KO8HL6EDWMVM5QQLAU5RZ,3T1XT3I8SXZB1M17G2PNLMVAGJG6HR,English conversations,Answer questions about English conversations.,language research fun cognitive science university,$0.50,Thu Dec 20 09:16:38 PST 2018,9,0,0,0,Reviewable,NotReviewed,1 cond,1800,60000,Sat Jan 19 09:16:38 PST 2019,https://requester.mturk.com/mturk/manageHIT?HITId=3Y3CZJSZ9KO8HL6EDWMVM5QQLAU5RZ,3TXWC2NHN0M6676WMD4JDEWCYCLS9M,5,Submitted,Fri Dec 21 02:08:39 PST 2018,Thu Dec 20 09:18:12 PST 2018,Thu Dec 20 09:28:39 PST 2018,,,,,,[],10.264233333333333
5,0.05,multi_slider,0.05,0.95,0.5,0.9,0.5,cloud,111,1145,321212,111,11,True,solid things,striped things,polka-dotted things,blue things,red things,green things,132,English,1,Female,55,,Yes,2,Mac,800,1280,Chrome,3Y3CZJSZ9KO8HL6EDWMVM5QQLAU5RZ,3T1XT3I8SXZB1M17G2PNLMVAGJG6HR,English conversations,Answer questions about English conversations.,language research fun cognitive science university,$0.50,Thu Dec 20 09:16:38 PST 2018,9,0,0,0,Reviewable,NotReviewed,1 cond,1800,60000,Sat Jan 19 09:16:38 PST 2019,https://requester.mturk.com/mturk/manageHIT?HITId=3Y3CZJSZ9KO8HL6EDWMVM5QQLAU5RZ,3TXWC2NHN0M6676WMD4JDEWCYCLS9M,5,Submitted,Fri Dec 21 02:08:39 PST 2018,Thu Dec 20 09:18:12 PST 2018,Thu Dec 20 09:28:39 PST 2018,,,,,,[],10.264233333333333
5,0.05,multi_slider,0.05,0.95,0.95,0.1,0.05,red,312,415,321112,332,12,True,clouds,circles,squares,solid things,striped things,polka-dotted things,222,English,1,Female,55,,Yes,2,Mac,800,1280,Chrome,3Y3CZJSZ9KO8HL6EDWMVM5QQLAU5RZ,3T1XT3I8SXZB1M17G2PNLMVAGJG6HR,English conversations,Answer questions about English conversations.,language research fun cognitive science university,$0.50,Thu Dec 20 09:16:38 PST 2018,9,0,0,0,Reviewable,NotReviewed,1 cond,1800,60000,Sat Jan 19 09:16:38 PST 2019,https://requester.mturk.com/mturk/manageHIT?HITId=3Y3CZJSZ9KO8HL6EDWMVM5QQLAU5RZ,3TXWC2NHN0M6676WMD4JDEWCYCLS9M,5,Submitted,Fri Dec 21 02:08:39 PST 2018,Thu Dec 20 09:18:12 PST 2018,Thu Dec 20 09:28:39 PST 2018,,,,,,[],10.264233333333333
5,0.5,multi_slider,0.5,0.5,0.5,0.45,0.5,cloud,112,1997,323232,112,13,False,blue things,red things,green things,solid things,striped things,polka-dotted things,112,English,1,Female,55,,Yes,2,Mac,800,1280,Chrome,3Y3CZJSZ9KO8HL6EDWMVM5QQLAU5RZ,3T1XT3I8SXZB1M17G2PNLMVAGJG6HR,English conversations,Answer questions about English conversations.,language research fun cognitive science university,$0.50,Thu Dec 20 09:16:38 PST 2018,9,0,0,0,Reviewable,NotReviewed,1 cond,1800,60000,Sat Jan 19 09:16:38 PST 2019,https://requester.mturk.com/mturk/manageHIT?HITId=3Y3CZJSZ9KO8HL6EDWMVM5QQLAU5RZ,3TXWC2NHN0M6676WMD4JDEWCYCLS9M,5,Submitted,Fri Dec 21 02:08:39 PST 2018,Thu Dec 20 09:18:12 PST 2018,Thu Dec 20 09:28:39 PST 2018,,,,,,[],10.264233333333333
5,0.1,multi_slider,0.5,0.95,0.5,0.5,0.5,square,331,159,323212,331,14,True,blue things,red things,green things,solid things,striped things,polka-dotted things,321,English,1,Female,55,,Yes,2,Mac,800,1280,Chrome,3Y3CZJSZ9KO8HL6EDWMVM5QQLAU5RZ,3T1XT3I8SXZB1M17G2PNLMVAGJG6HR,English conversations,Answer questions about English conversations.,language research fun cognitive science university,$0.50,Thu Dec 20 09:16:38 PST 2018,9,0,0,0,Reviewable,NotReviewed,1 cond,1800,60000,Sat Jan 19 09:16:38 PST 2019,https://requester.mturk.com/mturk/manageHIT?HITId=3Y3CZJSZ9KO8HL6EDWMVM5QQLAU5RZ,3TXWC2NHN0M6676WMD4JDEWCYCLS9M,5,Submitted,Fri Dec 21 02:08:39 PST 2018,Thu Dec 20 09:18:12 PST 2018,Thu Dec 20 09:28:39 PST 2018,,,,,,[],10.264233333333333
5,0.5,multi_slider,0.5,0.5,0.5,0.5,0.5,polka-dotted,313,870,112122,122,15,False,clouds,circles,squares,blue things,red things,green things,133,English,1,Female,55,,Yes,2,Mac,800,1280,Chrome,3Y3CZJSZ9KO8HL6EDWMVM5QQLAU5RZ,3T1XT3I8SXZB1M17G2PNLMVAGJG6HR,English conversations,Answer questions about English conversations.,language research fun cognitive science university,$0.50,Thu Dec 20 09:16:38 PST 2018,9,0,0,0,Reviewable,NotReviewed,1 cond,1800,60000,Sat Jan 19 09:16:38 PST 2019,https://requester.mturk.com/mturk/manageHIT?HITId=3Y3CZJSZ9KO8HL6EDWMVM5QQLAU5RZ,3TXWC2NHN0M6676WMD4JDEWCYCLS9M,5,Submitted,Fri Dec 21 02:08:39 PST 2018,Thu Dec 20 09:18:12 PST 2018,Thu Dec 20 09:28:39 PST 2018,,,,,,[],10.264233333333333
5,0.05,multi_slider,0.05,0.95,0.1,0.05,0.95,blue,311,2094,321111,231,16,True,clouds,circles,squares,solid things,striped things,polka-dotted things,121,English,1,Female,55,,Yes,2,Mac,800,1280,Chrome,3Y3CZJSZ9KO8HL6EDWMVM5QQLAU5RZ,3T1XT3I8SXZB1M17G2PNLMVAGJG6HR,English conversations,Answer questions about English conversations.,language research fun cognitive science university,$0.50,Thu Dec 20 09:16:38 PST 2018,9,0,0,0,Reviewable,NotReviewed,1 cond,1800,60000,Sat Jan 19 09:16:38 PST 2019,https://requester.mturk.com/mturk/manageHIT?HITId=3Y3CZJSZ9KO8HL6EDWMVM5QQLAU5RZ,3TXWC2NHN0M6676WMD4JDEWCYCLS9M,5,Submitted,Fri Dec 21 02:08:39 PST 2018,Thu Dec 20 09:18:12 PST 2018,Thu Dec 20 09:28:39 PST 2018,,,,,,[],10.264233333333333
5,0.5,multi_slider,0.5,0.5,0.5,0.5,0.5,green,332,2272,213232,333,17,False,clouds,circles,squares,solid things,striped things,polka-dotted things,333,English,1,Female,55,,Yes,2,Mac,800,1280,Chrome,3Y3CZJSZ9KO8HL6EDWMVM5QQLAU5RZ,3T1XT3I8SXZB1M17G2PNLMVAGJG6HR,English conversations,Answer questions about English conversations.,language research fun cognitive science university,$0.50,Thu Dec 20 09:16:38 PST 2018,9,0,0,0,Reviewable,NotReviewed,1 cond,1800,60000,Sat Jan 19 09:16:38 PST 2019,https://requester.mturk.com/mturk/manageHIT?HITId=3Y3CZJSZ9KO8HL6EDWMVM5QQLAU5RZ,3TXWC2NHN0M6676WMD4JDEWCYCLS9M,5,Submitted,Fri Dec 21 02:08:39 PST 2018,Thu Dec 20 09:18:12 PST 2018,Thu Dec 20 09:28:39 PST 2018,,,,,,[],10.264233333333333
5,0.05,multi_slider,0.95,0.5,0.55,1,0.05,striped,311,275,212222,123,18,True,clouds,circles,squares,blue things,red things,green things,321,English,1,Female,55,,Yes,2,Mac,800,1280,Chrome,3Y3CZJSZ9KO8HL6EDWMVM5QQLAU5RZ,3T1XT3I8SXZB1M17G2PNLMVAGJG6HR,English conversations,Answer questions about English conversations.,language research fun cognitive science university,$0.50,Thu Dec 20 09:16:38 PST 2018,9,0,0,0,Reviewable,NotReviewed,1 cond,1800,60000,Sat Jan 19 09:16:38 PST 2019,https://requester.mturk.com/mturk/manageHIT?HITId=3Y3CZJSZ9KO8HL6EDWMVM5QQLAU5RZ,3TXWC2NHN0M6676WMD4JDEWCYCLS9M,5,Submitted,Fri Dec 21 02:08:39 PST 2018,Thu Dec 20 09:18:12 PST 2018,Thu Dec 20 09:28:39 PST 2018,,,,,,[],10.264233333333333
5,0.5,multi_slider,0.5,0.5,0.5,0.5,0.5,square,211,1812,122121,232,19,False,solid things,striped things,polka-dotted things,blue things,red things,green things,332,English,1,Female,55,,Yes,2,Mac,800,1280,Chrome,3Y3CZJSZ9KO8HL6EDWMVM5QQLAU5RZ,3T1XT3I8SXZB1M17G2PNLMVAGJG6HR,English conversations,Answer questions about English conversations.,language research fun cognitive science university,$0.50,Thu Dec 20 09:16:38 PST 2018,9,0,0,0,Reviewable,NotReviewed,1 cond,1800,60000,Sat Jan 19 09:16:38 PST 2019,https://requester.mturk.com/mturk/manageHIT?HITId=3Y3CZJSZ9KO8HL6EDWMVM5QQLAU5RZ,3TXWC2NHN0M6676WMD4JDEWCYCLS9M,5,Submitted,Fri Dec 21 02:08:39 PST 2018,Thu Dec 20 09:18:12 PST 2018,Thu Dec 20 09:28:39 PST 2018,,,,,,[],10.264233333333333
5,0.5,multi_slider,0.05,0.95,0.95,0.5,0.05,square,212,1049,212212,311,20,True,blue things,red things,green things,solid things,striped things,polka-dotted things,322,English,1,Female,55,,Yes,2,Mac,800,1280,Chrome,3Y3CZJSZ9KO8HL6EDWMVM5QQLAU5RZ,3T1XT3I8SXZB1M17G2PNLMVAGJG6HR,English conversations,Answer questions about English conversations.,language research fun cognitive science university,$0.50,Thu Dec 20 09:16:38 PST 2018,9,0,0,0,Reviewable,NotReviewed,1 cond,1800,60000,Sat Jan 19 09:16:38 PST 2019,https://requester.mturk.com/mturk/manageHIT?HITId=3Y3CZJSZ9KO8HL6EDWMVM5QQLAU5RZ,3TXWC2NHN0M6676WMD4JDEWCYCLS9M,5,Submitted,Fri Dec 21 02:08:39 PST 2018,Thu Dec 20 09:18:12 PST 2018,Thu Dec 20 09:28:39 PST 2018,,,,,,[],10.264233333333333
6,0.5,multi_slider,0.5,0.55,0.5,0.5,0.55,circle,111,683,212211,223,6,True,solid things,striped things,polka-dotted things,blue things,red things,green things,212,English,2,Male,56,,Yes,2,Windows,768,1366,Chrome,3Y3CZJSZ9KO8HL6EDWMVM5QQLAU5RZ,3T1XT3I8SXZB1M17G2PNLMVAGJG6HR,English conversations,Answer questions about English conversations.,language research fun cognitive science university,$0.50,Thu Dec 20 09:16:38 PST 2018,9,0,0,0,Reviewable,NotReviewed,1 cond,1800,60000,Sat Jan 19 09:16:38 PST 2019,https://requester.mturk.com/mturk/manageHIT?HITId=3Y3CZJSZ9KO8HL6EDWMVM5QQLAU5RZ,34J10VATJGUN4SKMY3LRV7GEZENIQ6,6,Submitted,Fri Dec 21 02:09:07 PST 2018,Thu Dec 20 09:19:42 PST 2018,Thu Dec 20 09:29:07 PST 2018,,,,,,[],6.270166666666666
6,0.5,multi_slider,0.5,0.75,0.5,0.5,0.5,striped,313,345,213211,321,7,True,clouds,circles,squares,blue things,red things,green things,322,English,2,Male,56,,Yes,2,Windows,768,1366,Chrome,3Y3CZJSZ9KO8HL6EDWMVM5QQLAU5RZ,3T1XT3I8SXZB1M17G2PNLMVAGJG6HR,English conversations,Answer questions about English conversations.,language research fun cognitive science university,$0.50,Thu Dec 20 09:16:38 PST 2018,9,0,0,0,Reviewable,NotReviewed,1 cond,1800,60000,Sat Jan 19 09:16:38 PST 2019,https://requester.mturk.com/mturk/manageHIT?HITId=3Y3CZJSZ9KO8HL6EDWMVM5QQLAU5RZ,34J10VATJGUN4SKMY3LRV7GEZENIQ6,6,Submitted,Fri Dec 21 02:09:07 PST 2018,Thu Dec 20 09:19:42 PST 2018,Thu Dec 20 09:29:07 PST 2018,,,,,,[],6.270166666666666
6,0.5,multi_slider,0.5,0.5,0.7,0.5,0.5,solid,223,704,212122,111,8,True,clouds,circles,squares,blue things,red things,green things,211,English,2,Male,56,,Yes,2,Windows,768,1366,Chrome,3Y3CZJSZ9KO8HL6EDWMVM5QQLAU5RZ,3T1XT3I8SXZB1M17G2PNLMVAGJG6HR,English conversations,Answer questions about English conversations.,language research fun cognitive science university,$0.50,Thu Dec 20 09:16:38 PST 2018,9,0,0,0,Reviewable,NotReviewed,1 cond,1800,60000,Sat Jan 19 09:16:38 PST 2019,https://requester.mturk.com/mturk/manageHIT?HITId=3Y3CZJSZ9KO8HL6EDWMVM5QQLAU5RZ,34J10VATJGUN4SKMY3LRV7GEZENIQ6,6,Submitted,Fri Dec 21 02:09:07 PST 2018,Thu Dec 20 09:19:42 PST 2018,Thu Dec 20 09:29:07 PST 2018,,,,,,[],6.270166666666666
6,0.75,multi_slider,0.5,0.5,0.5,0.5,0.5,green,132,1151,212232,113,9,True,clouds,circles,squares,solid things,striped things,polka-dotted things,133,English,2,Male,56,,Yes,2,Windows,768,1366,Chrome,3Y3CZJSZ9KO8HL6EDWMVM5QQLAU5RZ,3T1XT3I8SXZB1M17G2PNLMVAGJG6HR,English conversations,Answer questions about English conversations.,language research fun cognitive science university,$0.50,Thu Dec 20 09:16:38 PST 2018,9,0,0,0,Reviewable,NotReviewed,1 cond,1800,60000,Sat Jan 19 09:16:38 PST 2019,https://requester.mturk.com/mturk/manageHIT?HITId=3Y3CZJSZ9KO8HL6EDWMVM5QQLAU5RZ,34J10VATJGUN4SKMY3LRV7GEZENIQ6,6,Submitted,Fri Dec 21 02:09:07 PST 2018,Thu Dec 20 09:19:42 PST 2018,Thu Dec 20 09:29:07 PST 2018,,,,,,[],6.270166666666666
6,0.5,multi_slider,0.5,0.5,0.5,0.5,0.5,polka-dotted,123,241,212132,132,10,False,clouds,circles,squares,blue things,red things,green things,132,English,2,Male,56,,Yes,2,Windows,768,1366,Chrome,3Y3CZJSZ9KO8HL6EDWMVM5QQLAU5RZ,3T1XT3I8SXZB1M17G2PNLMVAGJG6HR,English conversations,Answer questions about English conversations.,language research fun cognitive science university,$0.50,Thu Dec 20 09:16:38 PST 2018,9,0,0,0,Reviewable,NotReviewed,1 cond,1800,60000,Sat Jan 19 09:16:38 PST 2019,https://requester.mturk.com/mturk/manageHIT?HITId=3Y3CZJSZ9KO8HL6EDWMVM5QQLAU5RZ,34J10VATJGUN4SKMY3LRV7GEZENIQ6,6,Submitted,Fri Dec 21 02:09:07 PST 2018,Thu Dec 20 09:19:42 PST 2018,Thu Dec 20 09:29:07 PST 2018,,,,,,[],6.270166666666666
6,0.5,multi_slider,0.7,0.5,0.5,0.5,0.5,square,131,1746,212112,332,11,True,blue things,red things,green things,solid things,striped things,polka-dotted things,312,English,2,Male,56,,Yes,2,Windows,768,1366,Chrome,3Y3CZJSZ9KO8HL6EDWMVM5QQLAU5RZ,3T1XT3I8SXZB1M17G2PNLMVAGJG6HR,English conversations,Answer questions about English conversations.,language research fun cognitive science university,$0.50,Thu Dec 20 09:16:38 PST 2018,9,0,0,0,Reviewable,NotReviewed,1 cond,1800,60000,Sat Jan 19 09:16:38 PST 2019,https://requester.mturk.com/mturk/manageHIT?HITId=3Y3CZJSZ9KO8HL6EDWMVM5QQLAU5RZ,34J10VATJGUN4SKMY3LRV7GEZENIQ6,6,Submitted,Fri Dec 21 02:09:07 PST 2018,Thu Dec 20 09:19:42 PST 2018,Thu Dec 20 09:29:07 PST 2018,,,,,,[],6.270166666666666
6,0.7,multi_slider,0.5,0.5,0.7,0.5,0.5,blue,111,2064,321111,321,12,True,clouds,circles,squares,solid things,striped things,polka-dotted things,231,English,2,Male,56,,Yes,2,Windows,768,1366,Chrome,3Y3CZJSZ9KO8HL6EDWMVM5QQLAU5RZ,3T1XT3I8SXZB1M17G2PNLMVAGJG6HR,English conversations,Answer questions about English conversations.,language research fun cognitive science university,$0.50,Thu Dec 20 09:16:38 PST 2018,9,0,0,0,Reviewable,NotReviewed,1 cond,1800,60000,Sat Jan 19 09:16:38 PST 2019,https://requester.mturk.com/mturk/manageHIT?HITId=3Y3CZJSZ9KO8HL6EDWMVM5QQLAU5RZ,34J10VATJGUN4SKMY3LRV7GEZENIQ6,6,Submitted,Fri Dec 21 02:09:07 PST 2018,Thu Dec 20 09:19:42 PST 2018,Thu Dec 20 09:29:07 PST 2018,,,,,,[],6.270166666666666
6,0.5,multi_slider,0.5,0.5,0.5,0.5,0.5,square,112,27,122112,111,13,False,solid things,striped things,polka-dotted things,blue things,red things,green things,331,English,2,Male,56,,Yes,2,Windows,768,1366,Chrome,3Y3CZJSZ9KO8HL6EDWMVM5QQLAU5RZ,3T1XT3I8SXZB1M17G2PNLMVAGJG6HR,English conversations,Answer questions about English conversations.,language research fun cognitive science university,$0.50,Thu Dec 20 09:16:38 PST 2018,9,0,0,0,Reviewable,NotReviewed,1 cond,1800,60000,Sat Jan 19 09:16:38 PST 2019,https://requester.mturk.com/mturk/manageHIT?HITId=3Y3CZJSZ9KO8HL6EDWMVM5QQLAU5RZ,34J10VATJGUN4SKMY3LRV7GEZENIQ6,6,Submitted,Fri Dec 21 02:09:07 PST 2018,Thu Dec 20 09:19:42 PST 2018,Thu Dec 20 09:29:07 PST 2018,,,,,,[],6.270166666666666
6,0.5,multi_slider,0.5,0.5,0.5,0.5,0.5,solid,333,1247,112112,223,14,False,blue things,red things,green things,clouds,circles,squares,211,English,2,Male,56,,Yes,2,Windows,768,1366,Chrome,3Y3CZJSZ9KO8HL6EDWMVM5QQLAU5RZ,3T1XT3I8SXZB1M17G2PNLMVAGJG6HR,English conversations,Answer questions about English conversations.,language research fun cognitive science university,$0.50,Thu Dec 20 09:16:38 PST 2018,9,0,0,0,Reviewable,NotReviewed,1 cond,1800,60000,Sat Jan 19 09:16:38 PST 2019,https://requester.mturk.com/mturk/manageHIT?HITId=3Y3CZJSZ9KO8HL6EDWMVM5QQLAU5RZ,34J10VATJGUN4SKMY3LRV7GEZENIQ6,6,Submitted,Fri Dec 21 02:09:07 PST 2018,Thu Dec 20 09:19:42 PST 2018,Thu Dec 20 09:29:07 PST 2018,,,,,,[],6.270166666666666
6,0.5,multi_slider,0.75,0.5,0.5,0.5,0.5,cloud,332,334,213211,122,15,True,blue things,red things,green things,solid things,striped things,polka-dotted things,112,English,2,Male,56,,Yes,2,Windows,768,1366,Chrome,3Y3CZJSZ9KO8HL6EDWMVM5QQLAU5RZ,3T1XT3I8SXZB1M17G2PNLMVAGJG6HR,English conversations,Answer questions about English conversations.,language research fun cognitive science university,$0.50,Thu Dec 20 09:16:38 PST 2018,9,0,0,0,Reviewable,NotReviewed,1 cond,1800,60000,Sat Jan 19 09:16:38 PST 2019,https://requester.mturk.com/mturk/manageHIT?HITId=3Y3CZJSZ9KO8HL6EDWMVM5QQLAU5RZ,34J10VATJGUN4SKMY3LRV7GEZENIQ6,6,Submitted,Fri Dec 21 02:09:07 PST 2018,Thu Dec 20 09:19:42 PST 2018,Thu Dec 20 09:29:07 PST 2018,,,,,,[],6.270166666666666
6,0.5,multi_slider,0.5,0.5,0.5,0.5,0.5,square,113,227,212132,311,16,False,solid things,striped things,polka-dotted things,blue things,red things,green things,311,English,2,Male,56,,Yes,2,Windows,768,1366,Chrome,3Y3CZJSZ9KO8HL6EDWMVM5QQLAU5RZ,3T1XT3I8SXZB1M17G2PNLMVAGJG6HR,English conversations,Answer questions about English conversations.,language research fun cognitive science university,$0.50,Thu Dec 20 09:16:38 PST 2018,9,0,0,0,Reviewable,NotReviewed,1 cond,1800,60000,Sat Jan 19 09:16:38 PST 2019,https://requester.mturk.com/mturk/manageHIT?HITId=3Y3CZJSZ9KO8HL6EDWMVM5QQLAU5RZ,34J10VATJGUN4SKMY3LRV7GEZENIQ6,6,Submitted,Fri Dec 21 02:09:07 PST 2018,Thu Dec 20 09:19:42 PST 2018,Thu Dec 20 09:29:07 PST 2018,,,,,,[],6.270166666666666
6,0.5,multi_slider,0.5,0.5,0.5,0.75,0.5,polka-dotted,322,1184,212232,132,17,True,clouds,circles,squares,blue things,red things,green things,332,English,2,Male,56,,Yes,2,Windows,768,1366,Chrome,3Y3CZJSZ9KO8HL6EDWMVM5QQLAU5RZ,3T1XT3I8SXZB1M17G2PNLMVAGJG6HR,English conversations,Answer questions about English conversations.,language research fun cognitive science university,$0.50,Thu Dec 20 09:16:38 PST 2018,9,0,0,0,Reviewable,NotReviewed,1 cond,1800,60000,Sat Jan 19 09:16:38 PST 2019,https://requester.mturk.com/mturk/manageHIT?HITId=3Y3CZJSZ9KO8HL6EDWMVM5QQLAU5RZ,34J10VATJGUN4SKMY3LRV7GEZENIQ6,6,Submitted,Fri Dec 21 02:09:07 PST 2018,Thu Dec 20 09:19:42 PST 2018,Thu Dec 20 09:29:07 PST 2018,,,,,,[],6.270166666666666
6,0.5,multi_slider,0.5,0.5,0.5,0.5,0.5,blue,332,1387,113211,233,18,False,clouds,circles,squares,solid things,striped things,polka-dotted things,131,English,2,Male,56,,Yes,2,Windows,768,1366,Chrome,3Y3CZJSZ9KO8HL6EDWMVM5QQLAU5RZ,3T1XT3I8SXZB1M17G2PNLMVAGJG6HR,English conversations,Answer questions about English conversations.,language research fun cognitive science university,$0.50,Thu Dec 20 09:16:38 PST 2018,9,0,0,0,Reviewable,NotReviewed,1 cond,1800,60000,Sat Jan 19 09:16:38 PST 2019,https://requester.mturk.com/mturk/manageHIT?HITId=3Y3CZJSZ9KO8HL6EDWMVM5QQLAU5RZ,34J10VATJGUN4SKMY3LRV7GEZENIQ6,6,Submitted,Fri Dec 21 02:09:07 PST 2018,Thu Dec 20 09:19:42 PST 2018,Thu Dec 20 09:29:07 PST 2018,,,,,,[],6.270166666666666
6,0.5,multi_slider,0.5,0.5,0.5,0.5,0.75,green,323,154,323212,323,19,True,solid things,striped things,polka-dotted things,clouds,circles,squares,313,English,2,Male,56,,Yes,2,Windows,768,1366,Chrome,3Y3CZJSZ9KO8HL6EDWMVM5QQLAU5RZ,3T1XT3I8SXZB1M17G2PNLMVAGJG6HR,English conversations,Answer questions about English conversations.,language research fun cognitive science university,$0.50,Thu Dec 20 09:16:38 PST 2018,9,0,0,0,Reviewable,NotReviewed,1 cond,1800,60000,Sat Jan 19 09:16:38 PST 2019,https://requester.mturk.com/mturk/manageHIT?HITId=3Y3CZJSZ9KO8HL6EDWMVM5QQLAU5RZ,34J10VATJGUN4SKMY3LRV7GEZENIQ6,6,Submitted,Fri Dec 21 02:09:07 PST 2018,Thu Dec 20 09:19:42 PST 2018,Thu Dec 20 09:29:07 PST 2018,,,,,,[],6.270166666666666
6,0.5,multi_slider,0.5,0.75,0.5,0.5,0.5,green,213,429,321112,233,20,True,clouds,circles,squares,solid things,striped things,polka-dotted things,123,English,2,Male,56,,Yes,2,Windows,768,1366,Chrome,3Y3CZJSZ9KO8HL6EDWMVM5QQLAU5RZ,3T1XT3I8SXZB1M17G2PNLMVAGJG6HR,English conversations,Answer questions about English conversations.,language research fun cognitive science university,$0.50,Thu Dec 20 09:16:38 PST 2018,9,0,0,0,Reviewable,NotReviewed,1 cond,1800,60000,Sat Jan 19 09:16:38 PST 2019,https://requester.mturk.com/mturk/manageHIT?HITId=3Y3CZJSZ9KO8HL6EDWMVM5QQLAU5RZ,34J10VATJGUN4SKMY3LRV7GEZENIQ6,6,Submitted,Fri Dec 21 02:09:07 PST 2018,Thu Dec 20 09:19:42 PST 2018,Thu Dec 20 09:29:07 PST 2018,,,,,,[],6.270166666666666
7,0.75,multi_slider,0.65,0.75,0.75,0.7,0.7,solid,131,2179,121111,232,6,False,clouds,circles,squares,blue things,red things,green things,313,Spanish,2,Male,34,Good Survey ,Yes,3,Windows,900,1440,Chrome,3Y3CZJSZ9KO8HL6EDWMVM5QQLAU5RZ,3T1XT3I8SXZB1M17G2PNLMVAGJG6HR,English conversations,Answer questions about English conversations.,language research fun cognitive science university,$0.50,Thu Dec 20 09:16:38 PST 2018,9,0,0,0,Reviewable,NotReviewed,1 cond,1800,60000,Sat Jan 19 09:16:38 PST 2019,https://requester.mturk.com/mturk/manageHIT?HITId=3Y3CZJSZ9KO8HL6EDWMVM5QQLAU5RZ,3634BBTX0PQQD3UDKNAXJ8C0SCEFI9,7,Submitted,Fri Dec 21 02:14:44 PST 2018,Thu Dec 20 09:20:07 PST 2018,Thu Dec 20 09:34:44 PST 2018,,,,,,[],12.696633333333333
7,0.3,multi_slider,0.4,0.3,0.7,0.7,0.7,green,213,2086,321111,323,7,True,clouds,circles,squares,solid things,striped things,polka-dotted things,133,Spanish,2,Male,34,Good Survey ,Yes,3,Windows,900,1440,Chrome,3Y3CZJSZ9KO8HL6EDWMVM5QQLAU5RZ,3T1XT3I8SXZB1M17G2PNLMVAGJG6HR,English conversations,Answer questions about English conversations.,language research fun cognitive science university,$0.50,Thu Dec 20 09:16:38 PST 2018,9,0,0,0,Reviewable,NotReviewed,1 cond,1800,60000,Sat Jan 19 09:16:38 PST 2019,https://requester.mturk.com/mturk/manageHIT?HITId=3Y3CZJSZ9KO8HL6EDWMVM5QQLAU5RZ,3634BBTX0PQQD3UDKNAXJ8C0SCEFI9,7,Submitted,Fri Dec 21 02:14:44 PST 2018,Thu Dec 20 09:20:07 PST 2018,Thu Dec 20 09:34:44 PST 2018,,,,,,[],12.696633333333333
7,0.7,multi_slider,0.7,0.7,0.9,0.2,0.9,circle,221,1102,321212,221,8,True,blue things,red things,green things,solid things,striped things,polka-dotted things,212,Spanish,2,Male,34,Good Survey ,Yes,3,Windows,900,1440,Chrome,3Y3CZJSZ9KO8HL6EDWMVM5QQLAU5RZ,3T1XT3I8SXZB1M17G2PNLMVAGJG6HR,English conversations,Answer questions about English conversations.,language research fun cognitive science university,$0.50,Thu Dec 20 09:16:38 PST 2018,9,0,0,0,Reviewable,NotReviewed,1 cond,1800,60000,Sat Jan 19 09:16:38 PST 2019,https://requester.mturk.com/mturk/manageHIT?HITId=3Y3CZJSZ9KO8HL6EDWMVM5QQLAU5RZ,3634BBTX0PQQD3UDKNAXJ8C0SCEFI9,7,Submitted,Fri Dec 21 02:14:44 PST 2018,Thu Dec 20 09:20:07 PST 2018,Thu Dec 20 09:34:44 PST 2018,,,,,,[],12.696633333333333
7,0.7,multi_slider,0.7,0.7,0.2,0.8,0.2,red,323,339,213211,332,9,True,clouds,circles,squares,solid things,striped things,polka-dotted things,312,Spanish,2,Male,34,Good Survey ,Yes,3,Windows,900,1440,Chrome,3Y3CZJSZ9KO8HL6EDWMVM5QQLAU5RZ,3T1XT3I8SXZB1M17G2PNLMVAGJG6HR,English conversations,Answer questions about English conversations.,language research fun cognitive science university,$0.50,Thu Dec 20 09:16:38 PST 2018,9,0,0,0,Reviewable,NotReviewed,1 cond,1800,60000,Sat Jan 19 09:16:38 PST 2019,https://requester.mturk.com/mturk/manageHIT?HITId=3Y3CZJSZ9KO8HL6EDWMVM5QQLAU5RZ,3634BBTX0PQQD3UDKNAXJ8C0SCEFI9,7,Submitted,Fri Dec 21 02:14:44 PST 2018,Thu Dec 20 09:20:07 PST 2018,Thu Dec 20 09:34:44 PST 2018,,,,,,[],12.696633333333333
7,0.6,multi_slider,0.25,0.75,0.2,0.9,0.7,cloud,113,1518,322112,123,10,True,blue things,red things,green things,solid things,striped things,polka-dotted things,121,Spanish,2,Male,34,Good Survey ,Yes,3,Windows,900,1440,Chrome,3Y3CZJSZ9KO8HL6EDWMVM5QQLAU5RZ,3T1XT3I8SXZB1M17G2PNLMVAGJG6HR,English conversations,Answer questions about English conversations.,language research fun cognitive science university,$0.50,Thu Dec 20 09:16:38 PST 2018,9,0,0,0,Reviewable,NotReviewed,1 cond,1800,60000,Sat Jan 19 09:16:38 PST 2019,https://requester.mturk.com/mturk/manageHIT?HITId=3Y3CZJSZ9KO8HL6EDWMVM5QQLAU5RZ,3634BBTX0PQQD3UDKNAXJ8C0SCEFI9,7,Submitted,Fri Dec 21 02:14:44 PST 2018,Thu Dec 20 09:20:07 PST 2018,Thu Dec 20 09:34:44 PST 2018,,,,,,[],12.696633333333333
7,0.9,multi_slider,0,0.65,0.55,0.4,0.8,red,212,2023,322122,322,11,True,solid things,striped things,polka-dotted things,clouds,circles,squares,312,Spanish,2,Male,34,Good Survey ,Yes,3,Windows,900,1440,Chrome,3Y3CZJSZ9KO8HL6EDWMVM5QQLAU5RZ,3T1XT3I8SXZB1M17G2PNLMVAGJG6HR,English conversations,Answer questions about English conversations.,language research fun cognitive science university,$0.50,Thu Dec 20 09:16:38 PST 2018,9,0,0,0,Reviewable,NotReviewed,1 cond,1800,60000,Sat Jan 19 09:16:38 PST 2019,https://requester.mturk.com/mturk/manageHIT?HITId=3Y3CZJSZ9KO8HL6EDWMVM5QQLAU5RZ,3634BBTX0PQQD3UDKNAXJ8C0SCEFI9,7,Submitted,Fri Dec 21 02:14:44 PST 2018,Thu Dec 20 09:20:07 PST 2018,Thu Dec 20 09:34:44 PST 2018,,,,,,[],12.696633333333333
7,0.7,multi_slider,0.7,0.7,0.65,0.95,0.8,cloud,231,1182,212232,133,12,True,blue things,red things,green things,solid things,striped things,polka-dotted things,131,Spanish,2,Male,34,Good Survey ,Yes,3,Windows,900,1440,Chrome,3Y3CZJSZ9KO8HL6EDWMVM5QQLAU5RZ,3T1XT3I8SXZB1M17G2PNLMVAGJG6HR,English conversations,Answer questions about English conversations.,language research fun cognitive science university,$0.50,Thu Dec 20 09:16:38 PST 2018,9,0,0,0,Reviewable,NotReviewed,1 cond,1800,60000,Sat Jan 19 09:16:38 PST 2019,https://requester.mturk.com/mturk/manageHIT?HITId=3Y3CZJSZ9KO8HL6EDWMVM5QQLAU5RZ,3634BBTX0PQQD3UDKNAXJ8C0SCEFI9,7,Submitted,Fri Dec 21 02:14:44 PST 2018,Thu Dec 20 09:20:07 PST 2018,Thu Dec 20 09:34:44 PST 2018,,,,,,[],12.696633333333333
7,0.65,multi_slider,0.65,0.65,0.2,0.2,0.7,striped,112,323,213211,123,13,True,clouds,circles,squares,blue things,red things,green things,121,Spanish,2,Male,34,Good Survey ,Yes,3,Windows,900,1440,Chrome,3Y3CZJSZ9KO8HL6EDWMVM5QQLAU5RZ,3T1XT3I8SXZB1M17G2PNLMVAGJG6HR,English conversations,Answer questions about English conversations.,language research fun cognitive science university,$0.50,Thu Dec 20 09:16:38 PST 2018,9,0,0,0,Reviewable,NotReviewed,1 cond,1800,60000,Sat Jan 19 09:16:38 PST 2019,https://requester.mturk.com/mturk/manageHIT?HITId=3Y3CZJSZ9KO8HL6EDWMVM5QQLAU5RZ,3634BBTX0PQQD3UDKNAXJ8C0SCEFI9,7,Submitted,Fri Dec 21 02:14:44 PST 2018,Thu Dec 20 09:20:07 PST 2018,Thu Dec 20 09:34:44 PST 2018,,,,,,[],12.696633333333333
7,0.7,multi_slider,0.75,0.2,0.7,0.65,0.35,red,322,2002,322122,112,14,True,solid things,striped things,polka-dotted things,clouds,circles,squares,122,Spanish,2,Male,34,Good Survey ,Yes,3,Windows,900,1440,Chrome,3Y3CZJSZ9KO8HL6EDWMVM5QQLAU5RZ,3T1XT3I8SXZB1M17G2PNLMVAGJG6HR,English conversations,Answer questions about English conversations.,language research fun cognitive science university,$0.50,Thu Dec 20 09:16:38 PST 2018,9,0,0,0,Reviewable,NotReviewed,1 cond,1800,60000,Sat Jan 19 09:16:38 PST 2019,https://requester.mturk.com/mturk/manageHIT?HITId=3Y3CZJSZ9KO8HL6EDWMVM5QQLAU5RZ,3634BBTX0PQQD3UDKNAXJ8C0SCEFI9,7,Submitted,Fri Dec 21 02:14:44 PST 2018,Thu Dec 20 09:20:07 PST 2018,Thu Dec 20 09:34:44 PST 2018,,,,,,[],12.696633333333333
7,0.7,multi_slider,0.7,0.65,0.3,0.4,0.25,cloud,333,301,213211,132,15,True,solid things,striped things,polka-dotted things,blue things,red things,green things,131,Spanish,2,Male,34,Good Survey ,Yes,3,Windows,900,1440,Chrome,3Y3CZJSZ9KO8HL6EDWMVM5QQLAU5RZ,3T1XT3I8SXZB1M17G2PNLMVAGJG6HR,English conversations,Answer questions about English conversations.,language research fun cognitive science university,$0.50,Thu Dec 20 09:16:38 PST 2018,9,0,0,0,Reviewable,NotReviewed,1 cond,1800,60000,Sat Jan 19 09:16:38 PST 2019,https://requester.mturk.com/mturk/manageHIT?HITId=3Y3CZJSZ9KO8HL6EDWMVM5QQLAU5RZ,3634BBTX0PQQD3UDKNAXJ8C0SCEFI9,7,Submitted,Fri Dec 21 02:14:44 PST 2018,Thu Dec 20 09:20:07 PST 2018,Thu Dec 20 09:34:44 PST 2018,,,,,,[],12.696633333333333
7,0.7,multi_slider,0.65,0.6,0.8,0.8,0.2,green,331,813,112111,222,16,False,clouds,circles,squares,solid things,striped things,polka-dotted things,213,Spanish,2,Male,34,Good Survey ,Yes,3,Windows,900,1440,Chrome,3Y3CZJSZ9KO8HL6EDWMVM5QQLAU5RZ,3T1XT3I8SXZB1M17G2PNLMVAGJG6HR,English conversations,Answer questions about English conversations.,language research fun cognitive science university,$0.50,Thu Dec 20 09:16:38 PST 2018,9,0,0,0,Reviewable,NotReviewed,1 cond,1800,60000,Sat Jan 19 09:16:38 PST 2019,https://requester.mturk.com/mturk/manageHIT?HITId=3Y3CZJSZ9KO8HL6EDWMVM5QQLAU5RZ,3634BBTX0PQQD3UDKNAXJ8C0SCEFI9,7,Submitted,Fri Dec 21 02:14:44 PST 2018,Thu Dec 20 09:20:07 PST 2018,Thu Dec 20 09:34:44 PST 2018,,,,,,[],12.696633333333333
7,0.1,multi_slider,0.9,0.25,0.8,0.2,0.35,striped,112,2399,113232,132,17,False,blue things,red things,green things,clouds,circles,squares,122,Spanish,2,Male,34,Good Survey ,Yes,3,Windows,900,1440,Chrome,3Y3CZJSZ9KO8HL6EDWMVM5QQLAU5RZ,3T1XT3I8SXZB1M17G2PNLMVAGJG6HR,English conversations,Answer questions about English conversations.,language research fun cognitive science university,$0.50,Thu Dec 20 09:16:38 PST 2018,9,0,0,0,Reviewable,NotReviewed,1 cond,1800,60000,Sat Jan 19 09:16:38 PST 2019,https://requester.mturk.com/mturk/manageHIT?HITId=3Y3CZJSZ9KO8HL6EDWMVM5QQLAU5RZ,3634BBTX0PQQD3UDKNAXJ8C0SCEFI9,7,Submitted,Fri Dec 21 02:14:44 PST 2018,Thu Dec 20 09:20:07 PST 2018,Thu Dec 20 09:34:44 PST 2018,,,,,,[],12.696633333333333
7,0.7,multi_slider,0.8,0.1,0.65,0.65,0.35,circle,111,1892,123212,111,18,False,solid things,striped things,polka-dotted things,blue things,red things,green things,213,Spanish,2,Male,34,Good Survey ,Yes,3,Windows,900,1440,Chrome,3Y3CZJSZ9KO8HL6EDWMVM5QQLAU5RZ,3T1XT3I8SXZB1M17G2PNLMVAGJG6HR,English conversations,Answer questions about English conversations.,language research fun cognitive science university,$0.50,Thu Dec 20 09:16:38 PST 2018,9,0,0,0,Reviewable,NotReviewed,1 cond,1800,60000,Sat Jan 19 09:16:38 PST 2019,https://requester.mturk.com/mturk/manageHIT?HITId=3Y3CZJSZ9KO8HL6EDWMVM5QQLAU5RZ,3634BBTX0PQQD3UDKNAXJ8C0SCEFI9,7,Submitted,Fri Dec 21 02:14:44 PST 2018,Thu Dec 20 09:20:07 PST 2018,Thu Dec 20 09:34:44 PST 2018,,,,,,[],12.696633333333333
7,0.7,multi_slider,0.75,0.8,0.15,0.75,0.75,circle,121,1869,123212,121,19,False,blue things,red things,green things,solid things,striped things,polka-dotted things,223,Spanish,2,Male,34,Good Survey ,Yes,3,Windows,900,1440,Chrome,3Y3CZJSZ9KO8HL6EDWMVM5QQLAU5RZ,3T1XT3I8SXZB1M17G2PNLMVAGJG6HR,English conversations,Answer questions about English conversations.,language research fun cognitive science university,$0.50,Thu Dec 20 09:16:38 PST 2018,9,0,0,0,Reviewable,NotReviewed,1 cond,1800,60000,Sat Jan 19 09:16:38 PST 2019,https://requester.mturk.com/mturk/manageHIT?HITId=3Y3CZJSZ9KO8HL6EDWMVM5QQLAU5RZ,3634BBTX0PQQD3UDKNAXJ8C0SCEFI9,7,Submitted,Fri Dec 21 02:14:44 PST 2018,Thu Dec 20 09:20:07 PST 2018,Thu Dec 20 09:34:44 PST 2018,,,,,,[],12.696633333333333
7,0.65,multi_slider,0.7,0.7,0.15,0.65,0.75,red,131,300,212222,312,20,True,clouds,circles,squares,solid things,striped things,polka-dotted things,132,Spanish,2,Male,34,Good Survey ,Yes,3,Windows,900,1440,Chrome,3Y3CZJSZ9KO8HL6EDWMVM5QQLAU5RZ,3T1XT3I8SXZB1M17G2PNLMVAGJG6HR,English conversations,Answer questions about English conversations.,language research fun cognitive science university,$0.50,Thu Dec 20 09:16:38 PST 2018,9,0,0,0,Reviewable,NotReviewed,1 cond,1800,60000,Sat Jan 19 09:16:38 PST 2019,https://requester.mturk.com/mturk/manageHIT?HITId=3Y3CZJSZ9KO8HL6EDWMVM5QQLAU5RZ,3634BBTX0PQQD3UDKNAXJ8C0SCEFI9,7,Submitted,Fri Dec 21 02:14:44 PST 2018,Thu Dec 20 09:20:07 PST 2018,Thu Dec 20 09:34:44 PST 2018,,,,,,[],12.696633333333333
8,0.35,multi_slider,0.65,0.25,0.3,0.65,0.65,square,332,2091,321111,323,6,True,solid things,striped things,polka-dotted things,blue things,red things,green things,311,,0,Male,26,,Yes,1,Windows,1050,1680,Chrome,3Y3CZJSZ9KO8HL6EDWMVM5QQLAU5RZ,3T1XT3I8SXZB1M17G2PNLMVAGJG6HR,English conversations,Answer questions about English conversations.,language research fun cognitive science university,$0.50,Thu Dec 20 09:16:38 PST 2018,9,0,0,0,Reviewable,NotReviewed,1 cond,1800,60000,Sat Jan 19 09:16:38 PST 2019,https://requester.mturk.com/mturk/manageHIT?HITId=3Y3CZJSZ9KO8HL6EDWMVM5QQLAU5RZ,3AMYWKA6YCI4QWC5HPKY9ZV9BMBO6B,8,Submitted,Fri Dec 21 02:25:56 PST 2018,Thu Dec 20 09:33:47 PST 2018,Thu Dec 20 09:45:56 PST 2018,,,,,,[],12.018266666666667
8,0.3,multi_slider,0.55,0.25,0.55,0.4,0.65,blue,133,281,212222,221,7,True,clouds,circles,squares,solid things,striped things,polka-dotted things,131,,0,Male,26,,Yes,1,Windows,1050,1680,Chrome,3Y3CZJSZ9KO8HL6EDWMVM5QQLAU5RZ,3T1XT3I8SXZB1M17G2PNLMVAGJG6HR,English conversations,Answer questions about English conversations.,language research fun cognitive science university,$0.50,Thu Dec 20 09:16:38 PST 2018,9,0,0,0,Reviewable,NotReviewed,1 cond,1800,60000,Sat Jan 19 09:16:38 PST 2019,https://requester.mturk.com/mturk/manageHIT?HITId=3Y3CZJSZ9KO8HL6EDWMVM5QQLAU5RZ,3AMYWKA6YCI4QWC5HPKY9ZV9BMBO6B,8,Submitted,Fri Dec 21 02:25:56 PST 2018,Thu Dec 20 09:33:47 PST 2018,Thu Dec 20 09:45:56 PST 2018,,,,,,[],12.018266666666667
8,0.4,multi_slider,0.65,0.5,0.35,0.5,0.65,circle,311,729,212122,233,8,True,blue things,red things,green things,solid things,striped things,polka-dotted things,231,,0,Male,26,,Yes,1,Windows,1050,1680,Chrome,3Y3CZJSZ9KO8HL6EDWMVM5QQLAU5RZ,3T1XT3I8SXZB1M17G2PNLMVAGJG6HR,English conversations,Answer questions about English conversations.,language research fun cognitive science university,$0.50,Thu Dec 20 09:16:38 PST 2018,9,0,0,0,Reviewable,NotReviewed,1 cond,1800,60000,Sat Jan 19 09:16:38 PST 2019,https://requester.mturk.com/mturk/manageHIT?HITId=3Y3CZJSZ9KO8HL6EDWMVM5QQLAU5RZ,3AMYWKA6YCI4QWC5HPKY9ZV9BMBO6B,8,Submitted,Fri Dec 21 02:25:56 PST 2018,Thu Dec 20 09:33:47 PST 2018,Thu Dec 20 09:45:56 PST 2018,,,,,,[],12.018266666666667
8,0.4,multi_slider,0.65,0.5,0.4,0.4,0.6,polka-dotted,213,1687,121212,213,9,False,blue things,red things,green things,clouds,circles,squares,131,,0,Male,26,,Yes,1,Windows,1050,1680,Chrome,3Y3CZJSZ9KO8HL6EDWMVM5QQLAU5RZ,3T1XT3I8SXZB1M17G2PNLMVAGJG6HR,English conversations,Answer questions about English conversations.,language research fun cognitive science university,$0.50,Thu Dec 20 09:16:38 PST 2018,9,0,0,0,Reviewable,NotReviewed,1 cond,1800,60000,Sat Jan 19 09:16:38 PST 2019,https://requester.mturk.com/mturk/manageHIT?HITId=3Y3CZJSZ9KO8HL6EDWMVM5QQLAU5RZ,3AMYWKA6YCI4QWC5HPKY9ZV9BMBO6B,8,Submitted,Fri Dec 21 02:25:56 PST 2018,Thu Dec 20 09:33:47 PST 2018,Thu Dec 20 09:45:56 PST 2018,,,,,,[],12.018266666666667
8,0.4,multi_slider,0.65,0.5,0.5,0.6,0.6,polka-dotted,311,2174,121111,112,10,False,blue things,red things,green things,clouds,circles,squares,233,,0,Male,26,,Yes,1,Windows,1050,1680,Chrome,3Y3CZJSZ9KO8HL6EDWMVM5QQLAU5RZ,3T1XT3I8SXZB1M17G2PNLMVAGJG6HR,English conversations,Answer questions about English conversations.,language research fun cognitive science university,$0.50,Thu Dec 20 09:16:38 PST 2018,9,0,0,0,Reviewable,NotReviewed,1 cond,1800,60000,Sat Jan 19 09:16:38 PST 2019,https://requester.mturk.com/mturk/manageHIT?HITId=3Y3CZJSZ9KO8HL6EDWMVM5QQLAU5RZ,3AMYWKA6YCI4QWC5HPKY9ZV9BMBO6B,8,Submitted,Fri Dec 21 02:25:56 PST 2018,Thu Dec 20 09:33:47 PST 2018,Thu Dec 20 09:45:56 PST 2018,,,,,,[],12.018266666666667
8,0.4,multi_slider,0.35,0.65,0.4,0.45,0.55,cloud,213,1912,111212,313,11,False,blue things,red things,green things,solid things,striped things,polka-dotted things,122,,0,Male,26,,Yes,1,Windows,1050,1680,Chrome,3Y3CZJSZ9KO8HL6EDWMVM5QQLAU5RZ,3T1XT3I8SXZB1M17G2PNLMVAGJG6HR,English conversations,Answer questions about English conversations.,language research fun cognitive science university,$0.50,Thu Dec 20 09:16:38 PST 2018,9,0,0,0,Reviewable,NotReviewed,1 cond,1800,60000,Sat Jan 19 09:16:38 PST 2019,https://requester.mturk.com/mturk/manageHIT?HITId=3Y3CZJSZ9KO8HL6EDWMVM5QQLAU5RZ,3AMYWKA6YCI4QWC5HPKY9ZV9BMBO6B,8,Submitted,Fri Dec 21 02:25:56 PST 2018,Thu Dec 20 09:33:47 PST 2018,Thu Dec 20 09:45:56 PST 2018,,,,,,[],12.018266666666667
8,0.5,multi_slider,0.35,0.6,0.5,0.5,0.6,circle,222,181,323212,222,12,True,solid things,striped things,polka-dotted things,blue things,red things,green things,232,,0,Male,26,,Yes,1,Windows,1050,1680,Chrome,3Y3CZJSZ9KO8HL6EDWMVM5QQLAU5RZ,3T1XT3I8SXZB1M17G2PNLMVAGJG6HR,English conversations,Answer questions about English conversations.,language research fun cognitive science university,$0.50,Thu Dec 20 09:16:38 PST 2018,9,0,0,0,Reviewable,NotReviewed,1 cond,1800,60000,Sat Jan 19 09:16:38 PST 2019,https://requester.mturk.com/mturk/manageHIT?HITId=3Y3CZJSZ9KO8HL6EDWMVM5QQLAU5RZ,3AMYWKA6YCI4QWC5HPKY9ZV9BMBO6B,8,Submitted,Fri Dec 21 02:25:56 PST 2018,Thu Dec 20 09:33:47 PST 2018,Thu Dec 20 09:45:56 PST 2018,,,,,,[],12.018266666666667
8,0.5,multi_slider,0.5,0.6,0.35,0.7,0.6,polka-dotted,112,727,212122,331,13,True,blue things,red things,green things,clouds,circles,squares,332,,0,Male,26,,Yes,1,Windows,1050,1680,Chrome,3Y3CZJSZ9KO8HL6EDWMVM5QQLAU5RZ,3T1XT3I8SXZB1M17G2PNLMVAGJG6HR,English conversations,Answer questions about English conversations.,language research fun cognitive science university,$0.50,Thu Dec 20 09:16:38 PST 2018,9,0,0,0,Reviewable,NotReviewed,1 cond,1800,60000,Sat Jan 19 09:16:38 PST 2019,https://requester.mturk.com/mturk/manageHIT?HITId=3Y3CZJSZ9KO8HL6EDWMVM5QQLAU5RZ,3AMYWKA6YCI4QWC5HPKY9ZV9BMBO6B,8,Submitted,Fri Dec 21 02:25:56 PST 2018,Thu Dec 20 09:33:47 PST 2018,Thu Dec 20 09:45:56 PST 2018,,,,,,[],12.018266666666667
8,0.5,multi_slider,0.4,0.5,0.6,0.45,0.6,square,313,2222,323211,333,14,True,blue things,red things,green things,solid things,striped things,polka-dotted things,323,,0,Male,26,,Yes,1,Windows,1050,1680,Chrome,3Y3CZJSZ9KO8HL6EDWMVM5QQLAU5RZ,3T1XT3I8SXZB1M17G2PNLMVAGJG6HR,English conversations,Answer questions about English conversations.,language research fun cognitive science university,$0.50,Thu Dec 20 09:16:38 PST 2018,9,0,0,0,Reviewable,NotReviewed,1 cond,1800,60000,Sat Jan 19 09:16:38 PST 2019,https://requester.mturk.com/mturk/manageHIT?HITId=3Y3CZJSZ9KO8HL6EDWMVM5QQLAU5RZ,3AMYWKA6YCI4QWC5HPKY9ZV9BMBO6B,8,Submitted,Fri Dec 21 02:25:56 PST 2018,Thu Dec 20 09:33:47 PST 2018,Thu Dec 20 09:45:56 PST 2018,,,,,,[],12.018266666666667
8,0.6,multi_slider,0.3,0.35,0.5,0.5,0.6,striped,333,1637,211112,321,15,True,blue things,red things,green things,clouds,circles,squares,122,,0,Male,26,,Yes,1,Windows,1050,1680,Chrome,3Y3CZJSZ9KO8HL6EDWMVM5QQLAU5RZ,3T1XT3I8SXZB1M17G2PNLMVAGJG6HR,English conversations,Answer questions about English conversations.,language research fun cognitive science university,$0.50,Thu Dec 20 09:16:38 PST 2018,9,0,0,0,Reviewable,NotReviewed,1 cond,1800,60000,Sat Jan 19 09:16:38 PST 2019,https://requester.mturk.com/mturk/manageHIT?HITId=3Y3CZJSZ9KO8HL6EDWMVM5QQLAU5RZ,3AMYWKA6YCI4QWC5HPKY9ZV9BMBO6B,8,Submitted,Fri Dec 21 02:25:56 PST 2018,Thu Dec 20 09:33:47 PST 2018,Thu Dec 20 09:45:56 PST 2018,,,,,,[],12.018266666666667
8,0.6,multi_slider,0.25,0.85,0.45,0.6,0.5,red,312,1441,322111,132,16,True,solid things,striped things,polka-dotted things,clouds,circles,squares,232,,0,Male,26,,Yes,1,Windows,1050,1680,Chrome,3Y3CZJSZ9KO8HL6EDWMVM5QQLAU5RZ,3T1XT3I8SXZB1M17G2PNLMVAGJG6HR,English conversations,Answer questions about English conversations.,language research fun cognitive science university,$0.50,Thu Dec 20 09:16:38 PST 2018,9,0,0,0,Reviewable,NotReviewed,1 cond,1800,60000,Sat Jan 19 09:16:38 PST 2019,https://requester.mturk.com/mturk/manageHIT?HITId=3Y3CZJSZ9KO8HL6EDWMVM5QQLAU5RZ,3AMYWKA6YCI4QWC5HPKY9ZV9BMBO6B,8,Submitted,Fri Dec 21 02:25:56 PST 2018,Thu Dec 20 09:33:47 PST 2018,Thu Dec 20 09:45:56 PST 2018,,,,,,[],12.018266666666667
8,0.5,multi_slider,0.5,0.65,0.4,0.75,0.5,solid,131,1353,113211,321,17,False,blue things,red things,green things,clouds,circles,squares,211,,0,Male,26,,Yes,1,Windows,1050,1680,Chrome,3Y3CZJSZ9KO8HL6EDWMVM5QQLAU5RZ,3T1XT3I8SXZB1M17G2PNLMVAGJG6HR,English conversations,Answer questions about English conversations.,language research fun cognitive science university,$0.50,Thu Dec 20 09:16:38 PST 2018,9,0,0,0,Reviewable,NotReviewed,1 cond,1800,60000,Sat Jan 19 09:16:38 PST 2019,https://requester.mturk.com/mturk/manageHIT?HITId=3Y3CZJSZ9KO8HL6EDWMVM5QQLAU5RZ,3AMYWKA6YCI4QWC5HPKY9ZV9BMBO6B,8,Submitted,Fri Dec 21 02:25:56 PST 2018,Thu Dec 20 09:33:47 PST 2018,Thu Dec 20 09:45:56 PST 2018,,,,,,[],12.018266666666667
8,0.5,multi_slider,0.35,0.7,0.35,0.25,0.65,polka-dotted,223,1303,122122,321,18,False,clouds,circles,squares,blue things,red things,green things,333,,0,Male,26,,Yes,1,Windows,1050,1680,Chrome,3Y3CZJSZ9KO8HL6EDWMVM5QQLAU5RZ,3T1XT3I8SXZB1M17G2PNLMVAGJG6HR,English conversations,Answer questions about English conversations.,language research fun cognitive science university,$0.50,Thu Dec 20 09:16:38 PST 2018,9,0,0,0,Reviewable,NotReviewed,1 cond,1800,60000,Sat Jan 19 09:16:38 PST 2019,https://requester.mturk.com/mturk/manageHIT?HITId=3Y3CZJSZ9KO8HL6EDWMVM5QQLAU5RZ,3AMYWKA6YCI4QWC5HPKY9ZV9BMBO6B,8,Submitted,Fri Dec 21 02:25:56 PST 2018,Thu Dec 20 09:33:47 PST 2018,Thu Dec 20 09:45:56 PST 2018,,,,,,[],12.018266666666667
8,0.7,multi_slider,0.3,0.7,0.35,0.6,0.6,blue,331,1792,322132,311,19,True,solid things,striped things,polka-dotted things,clouds,circles,squares,311,,0,Male,26,,Yes,1,Windows,1050,1680,Chrome,3Y3CZJSZ9KO8HL6EDWMVM5QQLAU5RZ,3T1XT3I8SXZB1M17G2PNLMVAGJG6HR,English conversations,Answer questions about English conversations.,language research fun cognitive science university,$0.50,Thu Dec 20 09:16:38 PST 2018,9,0,0,0,Reviewable,NotReviewed,1 cond,1800,60000,Sat Jan 19 09:16:38 PST 2019,https://requester.mturk.com/mturk/manageHIT?HITId=3Y3CZJSZ9KO8HL6EDWMVM5QQLAU5RZ,3AMYWKA6YCI4QWC5HPKY9ZV9BMBO6B,8,Submitted,Fri Dec 21 02:25:56 PST 2018,Thu Dec 20 09:33:47 PST 2018,Thu Dec 20 09:45:56 PST 2018,,,,,,[],12.018266666666667
8,0.4,multi_slider,0.6,0.6,0.4,0.45,0.6,square,313,2015,322122,321,20,True,solid things,striped things,polka-dotted things,blue things,red things,green things,323,,0,Male,26,,Yes,1,Windows,1050,1680,Chrome,3Y3CZJSZ9KO8HL6EDWMVM5QQLAU5RZ,3T1XT3I8SXZB1M17G2PNLMVAGJG6HR,English conversations,Answer questions about English conversations.,language research fun cognitive science university,$0.50,Thu Dec 20 09:16:38 PST 2018,9,0,0,0,Reviewable,NotReviewed,1 cond,1800,60000,Sat Jan 19 09:16:38 PST 2019,https://requester.mturk.com/mturk/manageHIT?HITId=3Y3CZJSZ9KO8HL6EDWMVM5QQLAU5RZ,3AMYWKA6YCI4QWC5HPKY9ZV9BMBO6B,8,Submitted,Fri Dec 21 02:25:56 PST 2018,Thu Dec 20 09:33:47 PST 2018,Thu Dec 20 09:45:56 PST 2018,,,,,,[],12.018266666666667
