workerid,response6,response7,response4,response5,response2,response3,response1,response8,response9,pref9,obj1,obj3,obj2,trial_type,slide_number,condition,ambiguous,pref8,item,numFeatures,pref1,pref2,pref3,pref4,pref5,pref6,pref7,language,enjoyment,gender,age,comments,assess,education,OS,screenH,screenW,Browser,hitid,hittypeid,title,description,keywords,reward,creationtime,assignments,numavailable,numpending,numcomplete,hitstatus,reviewstatus,annotation,assignmentduration,autoapprovaldelay,hitlifetime,viewhit,assignmentid,workerid,assignmentstatus,autoapprovaltime,assignmentaccepttime,assignmentsubmittime,assignmentapprovaltime,assignmentrejecttime,deadline,feedback,reject,Answer.catch_trials,Answer.time_in_minutes
0,1,1,1,0.85,0.9,1,1,0.9,1,blue,332,113,221,multi_slider,3,111111,False,red,1282,9,square,polka-dotted,green,solid,circle,cloud,striped,english,2,Male,48,good,Yes,3,Windows,768,1024,Chrome,386T3MLZLNQ3495HHHAJETZUEAV805,3T1XT3I8SXZB1M17G2PNLMVAGJG6HR,English conversations,Answer questions about English conversations.,language research fun cognitive science university,$0.50,Thu Dec 20 09:13:25 PST 2018,9,0,0,0,Reviewable,NotReviewed,1 cond,1800,60000,Sat Jan 19 09:13:25 PST 2019,https://requester.mturk.com/mturk/manageHIT?HITId=386T3MLZLNQ3495HHHAJETZUEAV805,352YTHGROW9GJSM4UOWTSSEU39QH4U,0,Submitted,Fri Dec 21 01:58:20 PST 2018,Thu Dec 20 09:15:13 PST 2018,Thu Dec 20 09:18:20 PST 2018,,,,,,[],3.0131666666666668
0,NA,NA,1,NA,1,1,0.8,NA,NA,NA,333,332,333,multi_slider,4,213232,True,NA,2272,4,red,polka-dotted,square,green,NA,NA,NA,english,2,Male,48,good,Yes,3,Windows,768,1024,Chrome,386T3MLZLNQ3495HHHAJETZUEAV805,3T1XT3I8SXZB1M17G2PNLMVAGJG6HR,English conversations,Answer questions about English conversations.,language research fun cognitive science university,$0.50,Thu Dec 20 09:13:25 PST 2018,9,0,0,0,Reviewable,NotReviewed,1 cond,1800,60000,Sat Jan 19 09:13:25 PST 2019,https://requester.mturk.com/mturk/manageHIT?HITId=386T3MLZLNQ3495HHHAJETZUEAV805,352YTHGROW9GJSM4UOWTSSEU39QH4U,0,Submitted,Fri Dec 21 01:58:20 PST 2018,Thu Dec 20 09:15:13 PST 2018,Thu Dec 20 09:18:20 PST 2018,,,,,,[],3.0131666666666668
0,1,NA,0.95,0.85,1,1,0.85,NA,NA,NA,312,111,113,multi_slider,5,113212,True,NA,1070,6,green,square,solid,red,cloud,blue,NA,english,2,Male,48,good,Yes,3,Windows,768,1024,Chrome,386T3MLZLNQ3495HHHAJETZUEAV805,3T1XT3I8SXZB1M17G2PNLMVAGJG6HR,English conversations,Answer questions about English conversations.,language research fun cognitive science university,$0.50,Thu Dec 20 09:13:25 PST 2018,9,0,0,0,Reviewable,NotReviewed,1 cond,1800,60000,Sat Jan 19 09:13:25 PST 2019,https://requester.mturk.com/mturk/manageHIT?HITId=386T3MLZLNQ3495HHHAJETZUEAV805,352YTHGROW9GJSM4UOWTSSEU39QH4U,0,Submitted,Fri Dec 21 01:58:20 PST 2018,Thu Dec 20 09:15:13 PST 2018,Thu Dec 20 09:18:20 PST 2018,,,,,,[],3.0131666666666668
0,NA,NA,0.95,1,0.85,1,1,NA,NA,NA,212,122,212,multi_slider,6,212132,True,NA,228,5,cloud,circle,striped,solid,red,NA,NA,english,2,Male,48,good,Yes,3,Windows,768,1024,Chrome,386T3MLZLNQ3495HHHAJETZUEAV805,3T1XT3I8SXZB1M17G2PNLMVAGJG6HR,English conversations,Answer questions about English conversations.,language research fun cognitive science university,$0.50,Thu Dec 20 09:13:25 PST 2018,9,0,0,0,Reviewable,NotReviewed,1 cond,1800,60000,Sat Jan 19 09:13:25 PST 2019,https://requester.mturk.com/mturk/manageHIT?HITId=386T3MLZLNQ3495HHHAJETZUEAV805,352YTHGROW9GJSM4UOWTSSEU39QH4U,0,Submitted,Fri Dec 21 01:58:20 PST 2018,Thu Dec 20 09:15:13 PST 2018,Thu Dec 20 09:18:20 PST 2018,,,,,,[],3.0131666666666668
0,NA,NA,0.85,1,1,1,0.85,NA,NA,NA,223,221,323,multi_slider,7,212232,True,NA,1173,5,square,green,circle,blue,striped,NA,NA,english,2,Male,48,good,Yes,3,Windows,768,1024,Chrome,386T3MLZLNQ3495HHHAJETZUEAV805,3T1XT3I8SXZB1M17G2PNLMVAGJG6HR,English conversations,Answer questions about English conversations.,language research fun cognitive science university,$0.50,Thu Dec 20 09:13:25 PST 2018,9,0,0,0,Reviewable,NotReviewed,1 cond,1800,60000,Sat Jan 19 09:13:25 PST 2019,https://requester.mturk.com/mturk/manageHIT?HITId=386T3MLZLNQ3495HHHAJETZUEAV805,352YTHGROW9GJSM4UOWTSSEU39QH4U,0,Submitted,Fri Dec 21 01:58:20 PST 2018,Thu Dec 20 09:15:13 PST 2018,Thu Dec 20 09:18:20 PST 2018,,,,,,[],3.0131666666666668
0,NA,NA,0.9,1,1,1,0.95,NA,NA,NA,111,121,113,multi_slider,8,322122,True,NA,2004,5,green,blue,striped,cloud,solid,NA,NA,english,2,Male,48,good,Yes,3,Windows,768,1024,Chrome,386T3MLZLNQ3495HHHAJETZUEAV805,3T1XT3I8SXZB1M17G2PNLMVAGJG6HR,English conversations,Answer questions about English conversations.,language research fun cognitive science university,$0.50,Thu Dec 20 09:13:25 PST 2018,9,0,0,0,Reviewable,NotReviewed,1 cond,1800,60000,Sat Jan 19 09:13:25 PST 2019,https://requester.mturk.com/mturk/manageHIT?HITId=386T3MLZLNQ3495HHHAJETZUEAV805,352YTHGROW9GJSM4UOWTSSEU39QH4U,0,Submitted,Fri Dec 21 01:58:20 PST 2018,Thu Dec 20 09:15:13 PST 2018,Thu Dec 20 09:18:20 PST 2018,,,,,,[],3.0131666666666668
0,NA,NA,NA,NA,1,1,0.95,NA,NA,NA,222,222,222,multi_slider,9,323232,False,NA,1958,3,red,striped,circle,NA,NA,NA,NA,english,2,Male,48,good,Yes,3,Windows,768,1024,Chrome,386T3MLZLNQ3495HHHAJETZUEAV805,3T1XT3I8SXZB1M17G2PNLMVAGJG6HR,English conversations,Answer questions about English conversations.,language research fun cognitive science university,$0.50,Thu Dec 20 09:13:25 PST 2018,9,0,0,0,Reviewable,NotReviewed,1 cond,1800,60000,Sat Jan 19 09:13:25 PST 2019,https://requester.mturk.com/mturk/manageHIT?HITId=386T3MLZLNQ3495HHHAJETZUEAV805,352YTHGROW9GJSM4UOWTSSEU39QH4U,0,Submitted,Fri Dec 21 01:58:20 PST 2018,Thu Dec 20 09:15:13 PST 2018,Thu Dec 20 09:18:20 PST 2018,,,,,,[],3.0131666666666668
0,0.9,NA,0.95,1,0.9,0.95,1,NA,NA,NA,132,213,213,multi_slider,10,121212,False,NA,1681,6,solid,red,cloud,circle,green,polka-dotted,NA,english,2,Male,48,good,Yes,3,Windows,768,1024,Chrome,386T3MLZLNQ3495HHHAJETZUEAV805,3T1XT3I8SXZB1M17G2PNLMVAGJG6HR,English conversations,Answer questions about English conversations.,language research fun cognitive science university,$0.50,Thu Dec 20 09:13:25 PST 2018,9,0,0,0,Reviewable,NotReviewed,1 cond,1800,60000,Sat Jan 19 09:13:25 PST 2019,https://requester.mturk.com/mturk/manageHIT?HITId=386T3MLZLNQ3495HHHAJETZUEAV805,352YTHGROW9GJSM4UOWTSSEU39QH4U,0,Submitted,Fri Dec 21 01:58:20 PST 2018,Thu Dec 20 09:15:13 PST 2018,Thu Dec 20 09:18:20 PST 2018,,,,,,[],3.0131666666666668
0,1,NA,0.95,1,0.8,0.9,0.95,NA,NA,NA,113,232,232,multi_slider,11,121212,False,NA,1678,6,green,polka-dotted,cloud,solid,red,circle,NA,english,2,Male,48,good,Yes,3,Windows,768,1024,Chrome,386T3MLZLNQ3495HHHAJETZUEAV805,3T1XT3I8SXZB1M17G2PNLMVAGJG6HR,English conversations,Answer questions about English conversations.,language research fun cognitive science university,$0.50,Thu Dec 20 09:13:25 PST 2018,9,0,0,0,Reviewable,NotReviewed,1 cond,1800,60000,Sat Jan 19 09:13:25 PST 2019,https://requester.mturk.com/mturk/manageHIT?HITId=386T3MLZLNQ3495HHHAJETZUEAV805,352YTHGROW9GJSM4UOWTSSEU39QH4U,0,Submitted,Fri Dec 21 01:58:20 PST 2018,Thu Dec 20 09:15:13 PST 2018,Thu Dec 20 09:18:20 PST 2018,,,,,,[],3.0131666666666668
0,1,NA,1,1,0.85,1,1,NA,NA,NA,232,332,221,multi_slider,12,212222,True,NA,285,6,circle,striped,blue,square,red,polka-dotted,NA,english,2,Male,48,good,Yes,3,Windows,768,1024,Chrome,386T3MLZLNQ3495HHHAJETZUEAV805,3T1XT3I8SXZB1M17G2PNLMVAGJG6HR,English conversations,Answer questions about English conversations.,language research fun cognitive science university,$0.50,Thu Dec 20 09:13:25 PST 2018,9,0,0,0,Reviewable,NotReviewed,1 cond,1800,60000,Sat Jan 19 09:13:25 PST 2019,https://requester.mturk.com/mturk/manageHIT?HITId=386T3MLZLNQ3495HHHAJETZUEAV805,352YTHGROW9GJSM4UOWTSSEU39QH4U,0,Submitted,Fri Dec 21 01:58:20 PST 2018,Thu Dec 20 09:15:13 PST 2018,Thu Dec 20 09:18:20 PST 2018,,,,,,[],3.0131666666666668
0,NA,NA,1,0.9,0.9,1,0.85,NA,NA,NA,112,311,111,multi_slider,13,213212,True,NA,571,5,red,square,cloud,blue,solid,NA,NA,english,2,Male,48,good,Yes,3,Windows,768,1024,Chrome,386T3MLZLNQ3495HHHAJETZUEAV805,3T1XT3I8SXZB1M17G2PNLMVAGJG6HR,English conversations,Answer questions about English conversations.,language research fun cognitive science university,$0.50,Thu Dec 20 09:13:25 PST 2018,9,0,0,0,Reviewable,NotReviewed,1 cond,1800,60000,Sat Jan 19 09:13:25 PST 2019,https://requester.mturk.com/mturk/manageHIT?HITId=386T3MLZLNQ3495HHHAJETZUEAV805,352YTHGROW9GJSM4UOWTSSEU39QH4U,0,Submitted,Fri Dec 21 01:58:20 PST 2018,Thu Dec 20 09:15:13 PST 2018,Thu Dec 20 09:18:20 PST 2018,,,,,,[],3.0131666666666668
0,NA,NA,1,NA,1,1,1,NA,NA,NA,112,113,112,multi_slider,14,213232,True,NA,2290,4,red,cloud,green,solid,NA,NA,NA,english,2,Male,48,good,Yes,3,Windows,768,1024,Chrome,386T3MLZLNQ3495HHHAJETZUEAV805,3T1XT3I8SXZB1M17G2PNLMVAGJG6HR,English conversations,Answer questions about English conversations.,language research fun cognitive science university,$0.50,Thu Dec 20 09:13:25 PST 2018,9,0,0,0,Reviewable,NotReviewed,1 cond,1800,60000,Sat Jan 19 09:13:25 PST 2019,https://requester.mturk.com/mturk/manageHIT?HITId=386T3MLZLNQ3495HHHAJETZUEAV805,352YTHGROW9GJSM4UOWTSSEU39QH4U,0,Submitted,Fri Dec 21 01:58:20 PST 2018,Thu Dec 20 09:15:13 PST 2018,Thu Dec 20 09:18:20 PST 2018,,,,,,[],3.0131666666666668
0,0.9,0.8,1,0.95,0.85,1,0.85,NA,NA,NA,212,323,332,multi_slider,15,211112,True,NA,1615,7,square,solid,striped,green,circle,red,polka-dotted,english,2,Male,48,good,Yes,3,Windows,768,1024,Chrome,386T3MLZLNQ3495HHHAJETZUEAV805,3T1XT3I8SXZB1M17G2PNLMVAGJG6HR,English conversations,Answer questions about English conversations.,language research fun cognitive science university,$0.50,Thu Dec 20 09:13:25 PST 2018,9,0,0,0,Reviewable,NotReviewed,1 cond,1800,60000,Sat Jan 19 09:13:25 PST 2019,https://requester.mturk.com/mturk/manageHIT?HITId=386T3MLZLNQ3495HHHAJETZUEAV805,352YTHGROW9GJSM4UOWTSSEU39QH4U,0,Submitted,Fri Dec 21 01:58:20 PST 2018,Thu Dec 20 09:15:13 PST 2018,Thu Dec 20 09:18:20 PST 2018,,,,,,[],3.0131666666666668
0,0.9,NA,0.85,1,0.9,1,0.9,NA,NA,NA,132,133,322,multi_slider,16,212222,True,NA,288,6,cloud,square,green,striped,polka-dotted,red,NA,english,2,Male,48,good,Yes,3,Windows,768,1024,Chrome,386T3MLZLNQ3495HHHAJETZUEAV805,3T1XT3I8SXZB1M17G2PNLMVAGJG6HR,English conversations,Answer questions about English conversations.,language research fun cognitive science university,$0.50,Thu Dec 20 09:13:25 PST 2018,9,0,0,0,Reviewable,NotReviewed,1 cond,1800,60000,Sat Jan 19 09:13:25 PST 2019,https://requester.mturk.com/mturk/manageHIT?HITId=386T3MLZLNQ3495HHHAJETZUEAV805,352YTHGROW9GJSM4UOWTSSEU39QH4U,0,Submitted,Fri Dec 21 01:58:20 PST 2018,Thu Dec 20 09:15:13 PST 2018,Thu Dec 20 09:18:20 PST 2018,,,,,,[],3.0131666666666668
0,NA,NA,NA,NA,0.85,1,1,NA,NA,NA,211,211,211,multi_slider,17,323232,False,NA,1981,3,solid,circle,blue,NA,NA,NA,NA,english,2,Male,48,good,Yes,3,Windows,768,1024,Chrome,386T3MLZLNQ3495HHHAJETZUEAV805,3T1XT3I8SXZB1M17G2PNLMVAGJG6HR,English conversations,Answer questions about English conversations.,language research fun cognitive science university,$0.50,Thu Dec 20 09:13:25 PST 2018,9,0,0,0,Reviewable,NotReviewed,1 cond,1800,60000,Sat Jan 19 09:13:25 PST 2019,https://requester.mturk.com/mturk/manageHIT?HITId=386T3MLZLNQ3495HHHAJETZUEAV805,352YTHGROW9GJSM4UOWTSSEU39QH4U,0,Submitted,Fri Dec 21 01:58:20 PST 2018,Thu Dec 20 09:15:13 PST 2018,Thu Dec 20 09:18:20 PST 2018,,,,,,[],3.0131666666666668
1,0.4,NA,0.25,0.8,0.3,0.75,0.7,NA,NA,NA,333,213,311,multi_slider,3,122122,True,NA,1343,6,polka-dotted,green,blue,solid,circle,square,NA,english,1,Female,36,,No,3,Windows,768,1366,Chrome,386T3MLZLNQ3495HHHAJETZUEAV805,3T1XT3I8SXZB1M17G2PNLMVAGJG6HR,English conversations,Answer questions about English conversations.,language research fun cognitive science university,$0.50,Thu Dec 20 09:13:25 PST 2018,9,0,0,0,Reviewable,NotReviewed,1 cond,1800,60000,Sat Jan 19 09:13:25 PST 2019,https://requester.mturk.com/mturk/manageHIT?HITId=386T3MLZLNQ3495HHHAJETZUEAV805,36PW28KO40SJ17BJDOYEKS3H33UAEI,1,Submitted,Fri Dec 21 01:59:14 PST 2018,Thu Dec 20 09:13:36 PST 2018,Thu Dec 20 09:19:14 PST 2018,,,,,,[],5.486433333333333
1,0.8,NA,0.9,0.7,0.15,0.2,0.2,NA,NA,NA,221,122,231,multi_slider,4,212122,True,NA,718,6,blue,striped,circle,cloud,red,polka-dotted,NA,english,1,Female,36,,No,3,Windows,768,1366,Chrome,386T3MLZLNQ3495HHHAJETZUEAV805,3T1XT3I8SXZB1M17G2PNLMVAGJG6HR,English conversations,Answer questions about English conversations.,language research fun cognitive science university,$0.50,Thu Dec 20 09:13:25 PST 2018,9,0,0,0,Reviewable,NotReviewed,1 cond,1800,60000,Sat Jan 19 09:13:25 PST 2019,https://requester.mturk.com/mturk/manageHIT?HITId=386T3MLZLNQ3495HHHAJETZUEAV805,36PW28KO40SJ17BJDOYEKS3H33UAEI,1,Submitted,Fri Dec 21 01:59:14 PST 2018,Thu Dec 20 09:13:36 PST 2018,Thu Dec 20 09:19:14 PST 2018,,,,,,[],5.486433333333333
1,0.7,NA,0.7,0.1,0.7,0.15,0.15,NA,NA,NA,232,112,133,multi_slider,5,122122,True,NA,1322,6,cloud,circle,red,solid,polka-dotted,green,NA,english,1,Female,36,,No,3,Windows,768,1366,Chrome,386T3MLZLNQ3495HHHAJETZUEAV805,3T1XT3I8SXZB1M17G2PNLMVAGJG6HR,English conversations,Answer questions about English conversations.,language research fun cognitive science university,$0.50,Thu Dec 20 09:13:25 PST 2018,9,0,0,0,Reviewable,NotReviewed,1 cond,1800,60000,Sat Jan 19 09:13:25 PST 2019,https://requester.mturk.com/mturk/manageHIT?HITId=386T3MLZLNQ3495HHHAJETZUEAV805,36PW28KO40SJ17BJDOYEKS3H33UAEI,1,Submitted,Fri Dec 21 01:59:14 PST 2018,Thu Dec 20 09:13:36 PST 2018,Thu Dec 20 09:19:14 PST 2018,,,,,,[],5.486433333333333
1,NA,NA,0.85,0.05,0,0,0.85,NA,NA,NA,212,221,221,multi_slider,6,321212,True,NA,1103,5,red,blue,striped,solid,circle,NA,NA,english,1,Female,36,,No,3,Windows,768,1366,Chrome,386T3MLZLNQ3495HHHAJETZUEAV805,3T1XT3I8SXZB1M17G2PNLMVAGJG6HR,English conversations,Answer questions about English conversations.,language research fun cognitive science university,$0.50,Thu Dec 20 09:13:25 PST 2018,9,0,0,0,Reviewable,NotReviewed,1 cond,1800,60000,Sat Jan 19 09:13:25 PST 2019,https://requester.mturk.com/mturk/manageHIT?HITId=386T3MLZLNQ3495HHHAJETZUEAV805,36PW28KO40SJ17BJDOYEKS3H33UAEI,1,Submitted,Fri Dec 21 01:59:14 PST 2018,Thu Dec 20 09:13:36 PST 2018,Thu Dec 20 09:19:14 PST 2018,,,,,,[],5.486433333333333
1,0.85,NA,0.75,0.85,0.05,0,0.05,NA,NA,NA,222,133,222,multi_slider,7,212121,False,NA,923,6,circle,red,striped,polka-dotted,cloud,green,NA,english,1,Female,36,,No,3,Windows,768,1366,Chrome,386T3MLZLNQ3495HHHAJETZUEAV805,3T1XT3I8SXZB1M17G2PNLMVAGJG6HR,English conversations,Answer questions about English conversations.,language research fun cognitive science university,$0.50,Thu Dec 20 09:13:25 PST 2018,9,0,0,0,Reviewable,NotReviewed,1 cond,1800,60000,Sat Jan 19 09:13:25 PST 2019,https://requester.mturk.com/mturk/manageHIT?HITId=386T3MLZLNQ3495HHHAJETZUEAV805,36PW28KO40SJ17BJDOYEKS3H33UAEI,1,Submitted,Fri Dec 21 01:59:14 PST 2018,Thu Dec 20 09:13:36 PST 2018,Thu Dec 20 09:19:14 PST 2018,,,,,,[],5.486433333333333
1,0.9,NA,1,0,0,0,0.8,NA,NA,NA,222,311,311,multi_slider,8,121212,False,NA,1676,6,red,solid,blue,striped,square,circle,NA,english,1,Female,36,,No,3,Windows,768,1366,Chrome,386T3MLZLNQ3495HHHAJETZUEAV805,3T1XT3I8SXZB1M17G2PNLMVAGJG6HR,English conversations,Answer questions about English conversations.,language research fun cognitive science university,$0.50,Thu Dec 20 09:13:25 PST 2018,9,0,0,0,Reviewable,NotReviewed,1 cond,1800,60000,Sat Jan 19 09:13:25 PST 2019,https://requester.mturk.com/mturk/manageHIT?HITId=386T3MLZLNQ3495HHHAJETZUEAV805,36PW28KO40SJ17BJDOYEKS3H33UAEI,1,Submitted,Fri Dec 21 01:59:14 PST 2018,Thu Dec 20 09:13:36 PST 2018,Thu Dec 20 09:19:14 PST 2018,,,,,,[],5.486433333333333
1,1,0,0.05,0,0.95,1,0.1,NA,NA,NA,233,312,231,multi_slider,9,112121,True,NA,614,7,polka-dotted,solid,square,green,blue,red,circle,english,1,Female,36,,No,3,Windows,768,1366,Chrome,386T3MLZLNQ3495HHHAJETZUEAV805,3T1XT3I8SXZB1M17G2PNLMVAGJG6HR,English conversations,Answer questions about English conversations.,language research fun cognitive science university,$0.50,Thu Dec 20 09:13:25 PST 2018,9,0,0,0,Reviewable,NotReviewed,1 cond,1800,60000,Sat Jan 19 09:13:25 PST 2019,https://requester.mturk.com/mturk/manageHIT?HITId=386T3MLZLNQ3495HHHAJETZUEAV805,36PW28KO40SJ17BJDOYEKS3H33UAEI,1,Submitted,Fri Dec 21 01:59:14 PST 2018,Thu Dec 20 09:13:36 PST 2018,Thu Dec 20 09:19:14 PST 2018,,,,,,[],5.486433333333333
1,NA,NA,NA,NA,0,0,0,NA,NA,NA,331,331,331,multi_slider,10,323232,False,NA,1976,3,blue,polka-dotted,square,NA,NA,NA,NA,english,1,Female,36,,No,3,Windows,768,1366,Chrome,386T3MLZLNQ3495HHHAJETZUEAV805,3T1XT3I8SXZB1M17G2PNLMVAGJG6HR,English conversations,Answer questions about English conversations.,language research fun cognitive science university,$0.50,Thu Dec 20 09:13:25 PST 2018,9,0,0,0,Reviewable,NotReviewed,1 cond,1800,60000,Sat Jan 19 09:13:25 PST 2019,https://requester.mturk.com/mturk/manageHIT?HITId=386T3MLZLNQ3495HHHAJETZUEAV805,36PW28KO40SJ17BJDOYEKS3H33UAEI,1,Submitted,Fri Dec 21 01:59:14 PST 2018,Thu Dec 20 09:13:36 PST 2018,Thu Dec 20 09:19:14 PST 2018,,,,,,[],5.486433333333333
1,0.9,0.85,1,0.85,0.9,0.95,1,1,NA,NA,112,331,213,multi_slider,11,112111,True,green,814,8,circle,cloud,red,square,polka-dotted,blue,solid,english,1,Female,36,,No,3,Windows,768,1366,Chrome,386T3MLZLNQ3495HHHAJETZUEAV805,3T1XT3I8SXZB1M17G2PNLMVAGJG6HR,English conversations,Answer questions about English conversations.,language research fun cognitive science university,$0.50,Thu Dec 20 09:13:25 PST 2018,9,0,0,0,Reviewable,NotReviewed,1 cond,1800,60000,Sat Jan 19 09:13:25 PST 2019,https://requester.mturk.com/mturk/manageHIT?HITId=386T3MLZLNQ3495HHHAJETZUEAV805,36PW28KO40SJ17BJDOYEKS3H33UAEI,1,Submitted,Fri Dec 21 01:59:14 PST 2018,Thu Dec 20 09:13:36 PST 2018,Thu Dec 20 09:19:14 PST 2018,,,,,,[],5.486433333333333
1,0,1,0,1,1,1,1,NA,NA,NA,131,213,333,multi_slider,12,211112,True,NA,1634,7,square,blue,circle,polka-dotted,solid,green,cloud,english,1,Female,36,,No,3,Windows,768,1366,Chrome,386T3MLZLNQ3495HHHAJETZUEAV805,3T1XT3I8SXZB1M17G2PNLMVAGJG6HR,English conversations,Answer questions about English conversations.,language research fun cognitive science university,$0.50,Thu Dec 20 09:13:25 PST 2018,9,0,0,0,Reviewable,NotReviewed,1 cond,1800,60000,Sat Jan 19 09:13:25 PST 2019,https://requester.mturk.com/mturk/manageHIT?HITId=386T3MLZLNQ3495HHHAJETZUEAV805,36PW28KO40SJ17BJDOYEKS3H33UAEI,1,Submitted,Fri Dec 21 01:59:14 PST 2018,Thu Dec 20 09:13:36 PST 2018,Thu Dec 20 09:19:14 PST 2018,,,,,,[],5.486433333333333
1,NA,NA,NA,NA,0,0,0,NA,NA,NA,321,321,321,multi_slider,13,323232,False,NA,1988,3,blue,striped,square,NA,NA,NA,NA,english,1,Female,36,,No,3,Windows,768,1366,Chrome,386T3MLZLNQ3495HHHAJETZUEAV805,3T1XT3I8SXZB1M17G2PNLMVAGJG6HR,English conversations,Answer questions about English conversations.,language research fun cognitive science university,$0.50,Thu Dec 20 09:13:25 PST 2018,9,0,0,0,Reviewable,NotReviewed,1 cond,1800,60000,Sat Jan 19 09:13:25 PST 2019,https://requester.mturk.com/mturk/manageHIT?HITId=386T3MLZLNQ3495HHHAJETZUEAV805,36PW28KO40SJ17BJDOYEKS3H33UAEI,1,Submitted,Fri Dec 21 01:59:14 PST 2018,Thu Dec 20 09:13:36 PST 2018,Thu Dec 20 09:19:14 PST 2018,,,,,,[],5.486433333333333
1,NA,NA,0,NA,1,0,0,NA,NA,NA,213,233,233,multi_slider,14,323212,True,NA,151,4,circle,solid,polka-dotted,green,NA,NA,NA,english,1,Female,36,,No,3,Windows,768,1366,Chrome,386T3MLZLNQ3495HHHAJETZUEAV805,3T1XT3I8SXZB1M17G2PNLMVAGJG6HR,English conversations,Answer questions about English conversations.,language research fun cognitive science university,$0.50,Thu Dec 20 09:13:25 PST 2018,9,0,0,0,Reviewable,NotReviewed,1 cond,1800,60000,Sat Jan 19 09:13:25 PST 2019,https://requester.mturk.com/mturk/manageHIT?HITId=386T3MLZLNQ3495HHHAJETZUEAV805,36PW28KO40SJ17BJDOYEKS3H33UAEI,1,Submitted,Fri Dec 21 01:59:14 PST 2018,Thu Dec 20 09:13:36 PST 2018,Thu Dec 20 09:19:14 PST 2018,,,,,,[],5.486433333333333
1,1,1,1,1,1,1,1,0,NA,NA,221,132,113,multi_slider,15,111112,True,cloud,2132,8,solid,circle,polka-dotted,blue,striped,green,red,english,1,Female,36,,No,3,Windows,768,1366,Chrome,386T3MLZLNQ3495HHHAJETZUEAV805,3T1XT3I8SXZB1M17G2PNLMVAGJG6HR,English conversations,Answer questions about English conversations.,language research fun cognitive science university,$0.50,Thu Dec 20 09:13:25 PST 2018,9,0,0,0,Reviewable,NotReviewed,1 cond,1800,60000,Sat Jan 19 09:13:25 PST 2019,https://requester.mturk.com/mturk/manageHIT?HITId=386T3MLZLNQ3495HHHAJETZUEAV805,36PW28KO40SJ17BJDOYEKS3H33UAEI,1,Submitted,Fri Dec 21 01:59:14 PST 2018,Thu Dec 20 09:13:36 PST 2018,Thu Dec 20 09:19:14 PST 2018,,,,,,[],5.486433333333333
1,1,0.9,0.95,0.9,1,1,1,1,1,square,223,332,111,multi_slider,16,111111,False,blue,1284,9,striped,red,polka-dotted,green,circle,cloud,solid,english,1,Female,36,,No,3,Windows,768,1366,Chrome,386T3MLZLNQ3495HHHAJETZUEAV805,3T1XT3I8SXZB1M17G2PNLMVAGJG6HR,English conversations,Answer questions about English conversations.,language research fun cognitive science university,$0.50,Thu Dec 20 09:13:25 PST 2018,9,0,0,0,Reviewable,NotReviewed,1 cond,1800,60000,Sat Jan 19 09:13:25 PST 2019,https://requester.mturk.com/mturk/manageHIT?HITId=386T3MLZLNQ3495HHHAJETZUEAV805,36PW28KO40SJ17BJDOYEKS3H33UAEI,1,Submitted,Fri Dec 21 01:59:14 PST 2018,Thu Dec 20 09:13:36 PST 2018,Thu Dec 20 09:19:14 PST 2018,,,,,,[],5.486433333333333
1,1,NA,0,1,0,0,1,NA,NA,NA,212,122,223,multi_slider,17,122122,True,NA,1350,6,cloud,striped,red,circle,solid,green,NA,english,1,Female,36,,No,3,Windows,768,1366,Chrome,386T3MLZLNQ3495HHHAJETZUEAV805,3T1XT3I8SXZB1M17G2PNLMVAGJG6HR,English conversations,Answer questions about English conversations.,language research fun cognitive science university,$0.50,Thu Dec 20 09:13:25 PST 2018,9,0,0,0,Reviewable,NotReviewed,1 cond,1800,60000,Sat Jan 19 09:13:25 PST 2019,https://requester.mturk.com/mturk/manageHIT?HITId=386T3MLZLNQ3495HHHAJETZUEAV805,36PW28KO40SJ17BJDOYEKS3H33UAEI,1,Submitted,Fri Dec 21 01:59:14 PST 2018,Thu Dec 20 09:13:36 PST 2018,Thu Dec 20 09:19:14 PST 2018,,,,,,[],5.486433333333333
2,0.75,NA,0.65,0.55,0.7,0.75,0.5,NA,NA,NA,312,211,332,multi_slider,3,212122,True,NA,720,6,red,solid,blue,polka-dotted,square,circle,NA,,-1,Female,37,,Yes,-1,Windows,1440,2560,Chrome,386T3MLZLNQ3495HHHAJETZUEAV805,3T1XT3I8SXZB1M17G2PNLMVAGJG6HR,English conversations,Answer questions about English conversations.,language research fun cognitive science university,$0.50,Thu Dec 20 09:13:25 PST 2018,9,0,0,0,Reviewable,NotReviewed,1 cond,1800,60000,Sat Jan 19 09:13:25 PST 2019,https://requester.mturk.com/mturk/manageHIT?HITId=386T3MLZLNQ3495HHHAJETZUEAV805,3MH9DQ757X810UL8PO5TKW0NNM0UGU,2,Submitted,Fri Dec 21 02:00:32 PST 2018,Thu Dec 20 09:13:32 PST 2018,Thu Dec 20 09:20:32 PST 2018,,,,,,[],6.875966666666667
2,0.75,0.65,0.75,0.75,0.7,0.7,0.7,NA,NA,NA,223,332,221,multi_slider,4,112121,True,NA,646,7,red,green,blue,polka-dotted,striped,square,circle,,-1,Female,37,,Yes,-1,Windows,1440,2560,Chrome,386T3MLZLNQ3495HHHAJETZUEAV805,3T1XT3I8SXZB1M17G2PNLMVAGJG6HR,English conversations,Answer questions about English conversations.,language research fun cognitive science university,$0.50,Thu Dec 20 09:13:25 PST 2018,9,0,0,0,Reviewable,NotReviewed,1 cond,1800,60000,Sat Jan 19 09:13:25 PST 2019,https://requester.mturk.com/mturk/manageHIT?HITId=386T3MLZLNQ3495HHHAJETZUEAV805,3MH9DQ757X810UL8PO5TKW0NNM0UGU,2,Submitted,Fri Dec 21 02:00:32 PST 2018,Thu Dec 20 09:13:32 PST 2018,Thu Dec 20 09:20:32 PST 2018,,,,,,[],6.875966666666667
2,NA,NA,0.7,0.7,0.7,0.75,0.7,NA,NA,NA,311,113,311,multi_slider,5,212132,True,NA,227,5,green,square,cloud,blue,solid,NA,NA,,-1,Female,37,,Yes,-1,Windows,1440,2560,Chrome,386T3MLZLNQ3495HHHAJETZUEAV805,3T1XT3I8SXZB1M17G2PNLMVAGJG6HR,English conversations,Answer questions about English conversations.,language research fun cognitive science university,$0.50,Thu Dec 20 09:13:25 PST 2018,9,0,0,0,Reviewable,NotReviewed,1 cond,1800,60000,Sat Jan 19 09:13:25 PST 2019,https://requester.mturk.com/mturk/manageHIT?HITId=386T3MLZLNQ3495HHHAJETZUEAV805,3MH9DQ757X810UL8PO5TKW0NNM0UGU,2,Submitted,Fri Dec 21 02:00:32 PST 2018,Thu Dec 20 09:13:32 PST 2018,Thu Dec 20 09:20:32 PST 2018,,,,,,[],6.875966666666667
2,0.8,NA,0.75,0.75,0.8,0.75,0.8,NA,NA,NA,123,211,123,multi_slider,6,212121,False,NA,916,6,blue,circle,cloud,striped,green,solid,NA,,-1,Female,37,,Yes,-1,Windows,1440,2560,Chrome,386T3MLZLNQ3495HHHAJETZUEAV805,3T1XT3I8SXZB1M17G2PNLMVAGJG6HR,English conversations,Answer questions about English conversations.,language research fun cognitive science university,$0.50,Thu Dec 20 09:13:25 PST 2018,9,0,0,0,Reviewable,NotReviewed,1 cond,1800,60000,Sat Jan 19 09:13:25 PST 2019,https://requester.mturk.com/mturk/manageHIT?HITId=386T3MLZLNQ3495HHHAJETZUEAV805,3MH9DQ757X810UL8PO5TKW0NNM0UGU,2,Submitted,Fri Dec 21 02:00:32 PST 2018,Thu Dec 20 09:13:32 PST 2018,Thu Dec 20 09:20:32 PST 2018,,,,,,[],6.875966666666667
2,NA,NA,0.8,0.15,0.9,0.8,0.9,NA,NA,NA,212,112,213,multi_slider,7,322122,True,NA,2036,5,green,cloud,circle,red,solid,NA,NA,,-1,Female,37,,Yes,-1,Windows,1440,2560,Chrome,386T3MLZLNQ3495HHHAJETZUEAV805,3T1XT3I8SXZB1M17G2PNLMVAGJG6HR,English conversations,Answer questions about English conversations.,language research fun cognitive science university,$0.50,Thu Dec 20 09:13:25 PST 2018,9,0,0,0,Reviewable,NotReviewed,1 cond,1800,60000,Sat Jan 19 09:13:25 PST 2019,https://requester.mturk.com/mturk/manageHIT?HITId=386T3MLZLNQ3495HHHAJETZUEAV805,3MH9DQ757X810UL8PO5TKW0NNM0UGU,2,Submitted,Fri Dec 21 02:00:32 PST 2018,Thu Dec 20 09:13:32 PST 2018,Thu Dec 20 09:20:32 PST 2018,,,,,,[],6.875966666666667
2,NA,NA,0,NA,0,0,0.75,NA,NA,NA,211,311,311,multi_slider,8,323212,True,NA,194,4,circle,blue,square,solid,NA,NA,NA,,-1,Female,37,,Yes,-1,Windows,1440,2560,Chrome,386T3MLZLNQ3495HHHAJETZUEAV805,3T1XT3I8SXZB1M17G2PNLMVAGJG6HR,English conversations,Answer questions about English conversations.,language research fun cognitive science university,$0.50,Thu Dec 20 09:13:25 PST 2018,9,0,0,0,Reviewable,NotReviewed,1 cond,1800,60000,Sat Jan 19 09:13:25 PST 2019,https://requester.mturk.com/mturk/manageHIT?HITId=386T3MLZLNQ3495HHHAJETZUEAV805,3MH9DQ757X810UL8PO5TKW0NNM0UGU,2,Submitted,Fri Dec 21 02:00:32 PST 2018,Thu Dec 20 09:13:32 PST 2018,Thu Dec 20 09:20:32 PST 2018,,,,,,[],6.875966666666667
2,1,0.45,0.65,0.9,0.9,0.9,0.85,NA,NA,NA,121,313,221,multi_slider,9,112121,True,NA,631,7,cloud,solid,square,blue,green,circle,striped,,-1,Female,37,,Yes,-1,Windows,1440,2560,Chrome,386T3MLZLNQ3495HHHAJETZUEAV805,3T1XT3I8SXZB1M17G2PNLMVAGJG6HR,English conversations,Answer questions about English conversations.,language research fun cognitive science university,$0.50,Thu Dec 20 09:13:25 PST 2018,9,0,0,0,Reviewable,NotReviewed,1 cond,1800,60000,Sat Jan 19 09:13:25 PST 2019,https://requester.mturk.com/mturk/manageHIT?HITId=386T3MLZLNQ3495HHHAJETZUEAV805,3MH9DQ757X810UL8PO5TKW0NNM0UGU,2,Submitted,Fri Dec 21 02:00:32 PST 2018,Thu Dec 20 09:13:32 PST 2018,Thu Dec 20 09:20:32 PST 2018,,,,,,[],6.875966666666667
2,0.3,NA,0.85,0.45,0.95,0.55,0.95,NA,NA,NA,222,313,313,multi_slider,10,121212,False,NA,1684,6,circle,striped,solid,red,square,green,NA,,-1,Female,37,,Yes,-1,Windows,1440,2560,Chrome,386T3MLZLNQ3495HHHAJETZUEAV805,3T1XT3I8SXZB1M17G2PNLMVAGJG6HR,English conversations,Answer questions about English conversations.,language research fun cognitive science university,$0.50,Thu Dec 20 09:13:25 PST 2018,9,0,0,0,Reviewable,NotReviewed,1 cond,1800,60000,Sat Jan 19 09:13:25 PST 2019,https://requester.mturk.com/mturk/manageHIT?HITId=386T3MLZLNQ3495HHHAJETZUEAV805,3MH9DQ757X810UL8PO5TKW0NNM0UGU,2,Submitted,Fri Dec 21 02:00:32 PST 2018,Thu Dec 20 09:13:32 PST 2018,Thu Dec 20 09:20:32 PST 2018,,,,,,[],6.875966666666667
2,NA,NA,0.9,0.75,0.75,0.15,0.7,NA,NA,NA,232,213,212,multi_slider,11,122132,True,NA,370,5,red,solid,circle,polka-dotted,green,NA,NA,,-1,Female,37,,Yes,-1,Windows,1440,2560,Chrome,386T3MLZLNQ3495HHHAJETZUEAV805,3T1XT3I8SXZB1M17G2PNLMVAGJG6HR,English conversations,Answer questions about English conversations.,language research fun cognitive science university,$0.50,Thu Dec 20 09:13:25 PST 2018,9,0,0,0,Reviewable,NotReviewed,1 cond,1800,60000,Sat Jan 19 09:13:25 PST 2019,https://requester.mturk.com/mturk/manageHIT?HITId=386T3MLZLNQ3495HHHAJETZUEAV805,3MH9DQ757X810UL8PO5TKW0NNM0UGU,2,Submitted,Fri Dec 21 02:00:32 PST 2018,Thu Dec 20 09:13:32 PST 2018,Thu Dec 20 09:20:32 PST 2018,,,,,,[],6.875966666666667
2,1,1,0,1,1,1,1,NA,NA,NA,223,231,212,multi_slider,12,321111,True,NA,2056,7,polka-dotted,blue,red,circle,striped,green,solid,,-1,Female,37,,Yes,-1,Windows,1440,2560,Chrome,386T3MLZLNQ3495HHHAJETZUEAV805,3T1XT3I8SXZB1M17G2PNLMVAGJG6HR,English conversations,Answer questions about English conversations.,language research fun cognitive science university,$0.50,Thu Dec 20 09:13:25 PST 2018,9,0,0,0,Reviewable,NotReviewed,1 cond,1800,60000,Sat Jan 19 09:13:25 PST 2019,https://requester.mturk.com/mturk/manageHIT?HITId=386T3MLZLNQ3495HHHAJETZUEAV805,3MH9DQ757X810UL8PO5TKW0NNM0UGU,2,Submitted,Fri Dec 21 02:00:32 PST 2018,Thu Dec 20 09:13:32 PST 2018,Thu Dec 20 09:20:32 PST 2018,,,,,,[],6.875966666666667
2,NA,NA,0.55,0.3,0.7,0.2,0.45,NA,NA,NA,333,223,333,multi_slider,13,212132,True,NA,234,5,square,circle,green,striped,polka-dotted,NA,NA,,-1,Female,37,,Yes,-1,Windows,1440,2560,Chrome,386T3MLZLNQ3495HHHAJETZUEAV805,3T1XT3I8SXZB1M17G2PNLMVAGJG6HR,English conversations,Answer questions about English conversations.,language research fun cognitive science university,$0.50,Thu Dec 20 09:13:25 PST 2018,9,0,0,0,Reviewable,NotReviewed,1 cond,1800,60000,Sat Jan 19 09:13:25 PST 2019,https://requester.mturk.com/mturk/manageHIT?HITId=386T3MLZLNQ3495HHHAJETZUEAV805,3MH9DQ757X810UL8PO5TKW0NNM0UGU,2,Submitted,Fri Dec 21 02:00:32 PST 2018,Thu Dec 20 09:13:32 PST 2018,Thu Dec 20 09:20:32 PST 2018,,,,,,[],6.875966666666667
2,1,0.95,1,1,1,0.95,0.95,1,1,square,332,213,121,multi_slider,14,111111,False,solid,1262,9,cloud,green,striped,blue,polka-dotted,circle,red,,-1,Female,37,,Yes,-1,Windows,1440,2560,Chrome,386T3MLZLNQ3495HHHAJETZUEAV805,3T1XT3I8SXZB1M17G2PNLMVAGJG6HR,English conversations,Answer questions about English conversations.,language research fun cognitive science university,$0.50,Thu Dec 20 09:13:25 PST 2018,9,0,0,0,Reviewable,NotReviewed,1 cond,1800,60000,Sat Jan 19 09:13:25 PST 2019,https://requester.mturk.com/mturk/manageHIT?HITId=386T3MLZLNQ3495HHHAJETZUEAV805,3MH9DQ757X810UL8PO5TKW0NNM0UGU,2,Submitted,Fri Dec 21 02:00:32 PST 2018,Thu Dec 20 09:13:32 PST 2018,Thu Dec 20 09:20:32 PST 2018,,,,,,[],6.875966666666667
2,1,1,0.45,0.9,0.45,1,1,NA,NA,NA,132,121,233,multi_slider,15,212211,True,NA,658,7,green,cloud,circle,polka-dotted,striped,red,blue,,-1,Female,37,,Yes,-1,Windows,1440,2560,Chrome,386T3MLZLNQ3495HHHAJETZUEAV805,3T1XT3I8SXZB1M17G2PNLMVAGJG6HR,English conversations,Answer questions about English conversations.,language research fun cognitive science university,$0.50,Thu Dec 20 09:13:25 PST 2018,9,0,0,0,Reviewable,NotReviewed,1 cond,1800,60000,Sat Jan 19 09:13:25 PST 2019,https://requester.mturk.com/mturk/manageHIT?HITId=386T3MLZLNQ3495HHHAJETZUEAV805,3MH9DQ757X810UL8PO5TKW0NNM0UGU,2,Submitted,Fri Dec 21 02:00:32 PST 2018,Thu Dec 20 09:13:32 PST 2018,Thu Dec 20 09:20:32 PST 2018,,,,,,[],6.875966666666667
2,0.45,NA,1,1,0.4,1,0.55,NA,NA,NA,122,313,313,multi_slider,16,121212,False,NA,1671,6,solid,green,striped,red,cloud,square,NA,,-1,Female,37,,Yes,-1,Windows,1440,2560,Chrome,386T3MLZLNQ3495HHHAJETZUEAV805,3T1XT3I8SXZB1M17G2PNLMVAGJG6HR,English conversations,Answer questions about English conversations.,language research fun cognitive science university,$0.50,Thu Dec 20 09:13:25 PST 2018,9,0,0,0,Reviewable,NotReviewed,1 cond,1800,60000,Sat Jan 19 09:13:25 PST 2019,https://requester.mturk.com/mturk/manageHIT?HITId=386T3MLZLNQ3495HHHAJETZUEAV805,3MH9DQ757X810UL8PO5TKW0NNM0UGU,2,Submitted,Fri Dec 21 02:00:32 PST 2018,Thu Dec 20 09:13:32 PST 2018,Thu Dec 20 09:20:32 PST 2018,,,,,,[],6.875966666666667
2,0.9,NA,0.4,0.9,1,0.4,0.3,NA,NA,NA,113,321,321,multi_slider,17,121212,False,NA,1694,6,striped,green,blue,square,solid,cloud,NA,,-1,Female,37,,Yes,-1,Windows,1440,2560,Chrome,386T3MLZLNQ3495HHHAJETZUEAV805,3T1XT3I8SXZB1M17G2PNLMVAGJG6HR,English conversations,Answer questions about English conversations.,language research fun cognitive science university,$0.50,Thu Dec 20 09:13:25 PST 2018,9,0,0,0,Reviewable,NotReviewed,1 cond,1800,60000,Sat Jan 19 09:13:25 PST 2019,https://requester.mturk.com/mturk/manageHIT?HITId=386T3MLZLNQ3495HHHAJETZUEAV805,3MH9DQ757X810UL8PO5TKW0NNM0UGU,2,Submitted,Fri Dec 21 02:00:32 PST 2018,Thu Dec 20 09:13:32 PST 2018,Thu Dec 20 09:20:32 PST 2018,,,,,,[],6.875966666666667
3,0.1,NA,0,0.8,0.8,0.8,0,NA,NA,NA,122,313,313,multi_slider,3,121212,False,NA,1671,6,green,cloud,striped,square,red,solid,NA,English,1,Male,31,None,Yes,1,Windows,800,1280,Firefox,386T3MLZLNQ3495HHHAJETZUEAV805,3T1XT3I8SXZB1M17G2PNLMVAGJG6HR,English conversations,Answer questions about English conversations.,language research fun cognitive science university,$0.50,Thu Dec 20 09:13:25 PST 2018,9,0,0,0,Reviewable,NotReviewed,1 cond,1800,60000,Sat Jan 19 09:13:25 PST 2019,https://requester.mturk.com/mturk/manageHIT?HITId=386T3MLZLNQ3495HHHAJETZUEAV805,3K4J6M3CXFPHLL7AJJO2KVOTGJ9AGZ,3,Submitted,Fri Dec 21 02:03:37 PST 2018,Thu Dec 20 09:13:39 PST 2018,Thu Dec 20 09:23:37 PST 2018,,,,,,[],9.4621
3,0.85,NA,0.2,0,0.85,0.8,0.7,NA,NA,NA,131,213,131,multi_slider,4,212121,False,NA,927,6,circle,polka-dotted,blue,solid,green,cloud,NA,English,1,Male,31,None,Yes,1,Windows,800,1280,Firefox,386T3MLZLNQ3495HHHAJETZUEAV805,3T1XT3I8SXZB1M17G2PNLMVAGJG6HR,English conversations,Answer questions about English conversations.,language research fun cognitive science university,$0.50,Thu Dec 20 09:13:25 PST 2018,9,0,0,0,Reviewable,NotReviewed,1 cond,1800,60000,Sat Jan 19 09:13:25 PST 2019,https://requester.mturk.com/mturk/manageHIT?HITId=386T3MLZLNQ3495HHHAJETZUEAV805,3K4J6M3CXFPHLL7AJJO2KVOTGJ9AGZ,3,Submitted,Fri Dec 21 02:03:37 PST 2018,Thu Dec 20 09:13:39 PST 2018,Thu Dec 20 09:23:37 PST 2018,,,,,,[],9.4621
3,NA,NA,1,0,0.8,0,1,NA,NA,NA,213,313,223,multi_slider,5,322122,True,NA,2020,5,circle,green,solid,striped,square,NA,NA,English,1,Male,31,None,Yes,1,Windows,800,1280,Firefox,386T3MLZLNQ3495HHHAJETZUEAV805,3T1XT3I8SXZB1M17G2PNLMVAGJG6HR,English conversations,Answer questions about English conversations.,language research fun cognitive science university,$0.50,Thu Dec 20 09:13:25 PST 2018,9,0,0,0,Reviewable,NotReviewed,1 cond,1800,60000,Sat Jan 19 09:13:25 PST 2019,https://requester.mturk.com/mturk/manageHIT?HITId=386T3MLZLNQ3495HHHAJETZUEAV805,3K4J6M3CXFPHLL7AJJO2KVOTGJ9AGZ,3,Submitted,Fri Dec 21 02:03:37 PST 2018,Thu Dec 20 09:13:39 PST 2018,Thu Dec 20 09:23:37 PST 2018,,,,,,[],9.4621
3,NA,NA,0.8,0,1,1,0,NA,NA,NA,111,221,111,multi_slider,6,322121,True,NA,1576,5,solid,striped,circle,blue,cloud,NA,NA,English,1,Male,31,None,Yes,1,Windows,800,1280,Firefox,386T3MLZLNQ3495HHHAJETZUEAV805,3T1XT3I8SXZB1M17G2PNLMVAGJG6HR,English conversations,Answer questions about English conversations.,language research fun cognitive science university,$0.50,Thu Dec 20 09:13:25 PST 2018,9,0,0,0,Reviewable,NotReviewed,1 cond,1800,60000,Sat Jan 19 09:13:25 PST 2019,https://requester.mturk.com/mturk/manageHIT?HITId=386T3MLZLNQ3495HHHAJETZUEAV805,3K4J6M3CXFPHLL7AJJO2KVOTGJ9AGZ,3,Submitted,Fri Dec 21 02:03:37 PST 2018,Thu Dec 20 09:13:39 PST 2018,Thu Dec 20 09:23:37 PST 2018,,,,,,[],9.4621
3,NA,NA,0.15,0.75,0.1,0.3,0.75,NA,NA,NA,211,113,211,multi_slider,7,212132,True,NA,235,5,cloud,circle,solid,green,blue,NA,NA,English,1,Male,31,None,Yes,1,Windows,800,1280,Firefox,386T3MLZLNQ3495HHHAJETZUEAV805,3T1XT3I8SXZB1M17G2PNLMVAGJG6HR,English conversations,Answer questions about English conversations.,language research fun cognitive science university,$0.50,Thu Dec 20 09:13:25 PST 2018,9,0,0,0,Reviewable,NotReviewed,1 cond,1800,60000,Sat Jan 19 09:13:25 PST 2019,https://requester.mturk.com/mturk/manageHIT?HITId=386T3MLZLNQ3495HHHAJETZUEAV805,3K4J6M3CXFPHLL7AJJO2KVOTGJ9AGZ,3,Submitted,Fri Dec 21 02:03:37 PST 2018,Thu Dec 20 09:13:39 PST 2018,Thu Dec 20 09:23:37 PST 2018,,,,,,[],9.4621
3,0.25,NA,0.7,0.65,0.85,0.25,0.35,NA,NA,NA,331,122,331,multi_slider,8,212121,False,NA,939,6,striped,blue,red,square,polka-dotted,cloud,NA,English,1,Male,31,None,Yes,1,Windows,800,1280,Firefox,386T3MLZLNQ3495HHHAJETZUEAV805,3T1XT3I8SXZB1M17G2PNLMVAGJG6HR,English conversations,Answer questions about English conversations.,language research fun cognitive science university,$0.50,Thu Dec 20 09:13:25 PST 2018,9,0,0,0,Reviewable,NotReviewed,1 cond,1800,60000,Sat Jan 19 09:13:25 PST 2019,https://requester.mturk.com/mturk/manageHIT?HITId=386T3MLZLNQ3495HHHAJETZUEAV805,3K4J6M3CXFPHLL7AJJO2KVOTGJ9AGZ,3,Submitted,Fri Dec 21 02:03:37 PST 2018,Thu Dec 20 09:13:39 PST 2018,Thu Dec 20 09:23:37 PST 2018,,,,,,[],9.4621
3,NA,NA,NA,NA,0.8,0.7,0.8,NA,NA,NA,132,132,132,multi_slider,9,323232,False,NA,1989,3,cloud,polka-dotted,red,NA,NA,NA,NA,English,1,Male,31,None,Yes,1,Windows,800,1280,Firefox,386T3MLZLNQ3495HHHAJETZUEAV805,3T1XT3I8SXZB1M17G2PNLMVAGJG6HR,English conversations,Answer questions about English conversations.,language research fun cognitive science university,$0.50,Thu Dec 20 09:13:25 PST 2018,9,0,0,0,Reviewable,NotReviewed,1 cond,1800,60000,Sat Jan 19 09:13:25 PST 2019,https://requester.mturk.com/mturk/manageHIT?HITId=386T3MLZLNQ3495HHHAJETZUEAV805,3K4J6M3CXFPHLL7AJJO2KVOTGJ9AGZ,3,Submitted,Fri Dec 21 02:03:37 PST 2018,Thu Dec 20 09:13:39 PST 2018,Thu Dec 20 09:23:37 PST 2018,,,,,,[],9.4621
3,NA,NA,0.7,0.15,0.25,0.7,1,NA,NA,NA,332,212,232,multi_slider,10,213212,True,NA,588,5,red,solid,polka-dotted,circle,square,NA,NA,English,1,Male,31,None,Yes,1,Windows,800,1280,Firefox,386T3MLZLNQ3495HHHAJETZUEAV805,3T1XT3I8SXZB1M17G2PNLMVAGJG6HR,English conversations,Answer questions about English conversations.,language research fun cognitive science university,$0.50,Thu Dec 20 09:13:25 PST 2018,9,0,0,0,Reviewable,NotReviewed,1 cond,1800,60000,Sat Jan 19 09:13:25 PST 2019,https://requester.mturk.com/mturk/manageHIT?HITId=386T3MLZLNQ3495HHHAJETZUEAV805,3K4J6M3CXFPHLL7AJJO2KVOTGJ9AGZ,3,Submitted,Fri Dec 21 02:03:37 PST 2018,Thu Dec 20 09:13:39 PST 2018,Thu Dec 20 09:23:37 PST 2018,,,,,,[],9.4621
3,NA,NA,0.75,1,0.15,0.75,0.2,NA,NA,NA,331,133,333,multi_slider,11,122132,True,NA,395,5,blue,cloud,square,green,polka-dotted,NA,NA,English,1,Male,31,None,Yes,1,Windows,800,1280,Firefox,386T3MLZLNQ3495HHHAJETZUEAV805,3T1XT3I8SXZB1M17G2PNLMVAGJG6HR,English conversations,Answer questions about English conversations.,language research fun cognitive science university,$0.50,Thu Dec 20 09:13:25 PST 2018,9,0,0,0,Reviewable,NotReviewed,1 cond,1800,60000,Sat Jan 19 09:13:25 PST 2019,https://requester.mturk.com/mturk/manageHIT?HITId=386T3MLZLNQ3495HHHAJETZUEAV805,3K4J6M3CXFPHLL7AJJO2KVOTGJ9AGZ,3,Submitted,Fri Dec 21 02:03:37 PST 2018,Thu Dec 20 09:13:39 PST 2018,Thu Dec 20 09:23:37 PST 2018,,,,,,[],9.4621
3,NA,NA,0.25,NA,0.75,1,1,NA,NA,NA,211,221,221,multi_slider,12,323212,True,NA,191,4,blue,striped,circle,solid,NA,NA,NA,English,1,Male,31,None,Yes,1,Windows,800,1280,Firefox,386T3MLZLNQ3495HHHAJETZUEAV805,3T1XT3I8SXZB1M17G2PNLMVAGJG6HR,English conversations,Answer questions about English conversations.,language research fun cognitive science university,$0.50,Thu Dec 20 09:13:25 PST 2018,9,0,0,0,Reviewable,NotReviewed,1 cond,1800,60000,Sat Jan 19 09:13:25 PST 2019,https://requester.mturk.com/mturk/manageHIT?HITId=386T3MLZLNQ3495HHHAJETZUEAV805,3K4J6M3CXFPHLL7AJJO2KVOTGJ9AGZ,3,Submitted,Fri Dec 21 02:03:37 PST 2018,Thu Dec 20 09:13:39 PST 2018,Thu Dec 20 09:23:37 PST 2018,,,,,,[],9.4621
3,NA,NA,0.65,1,0.7,0.15,0.15,NA,NA,NA,212,232,213,multi_slider,13,322122,True,NA,2050,5,polka-dotted,solid,green,red,circle,NA,NA,English,1,Male,31,None,Yes,1,Windows,800,1280,Firefox,386T3MLZLNQ3495HHHAJETZUEAV805,3T1XT3I8SXZB1M17G2PNLMVAGJG6HR,English conversations,Answer questions about English conversations.,language research fun cognitive science university,$0.50,Thu Dec 20 09:13:25 PST 2018,9,0,0,0,Reviewable,NotReviewed,1 cond,1800,60000,Sat Jan 19 09:13:25 PST 2019,https://requester.mturk.com/mturk/manageHIT?HITId=386T3MLZLNQ3495HHHAJETZUEAV805,3K4J6M3CXFPHLL7AJJO2KVOTGJ9AGZ,3,Submitted,Fri Dec 21 02:03:37 PST 2018,Thu Dec 20 09:13:39 PST 2018,Thu Dec 20 09:23:37 PST 2018,,,,,,[],9.4621
3,0.1,NA,0.7,0.75,0.15,0.65,0.15,NA,NA,NA,333,122,122,multi_slider,14,121212,False,NA,1673,6,polka-dotted,green,striped,cloud,red,square,NA,English,1,Male,31,None,Yes,1,Windows,800,1280,Firefox,386T3MLZLNQ3495HHHAJETZUEAV805,3T1XT3I8SXZB1M17G2PNLMVAGJG6HR,English conversations,Answer questions about English conversations.,language research fun cognitive science university,$0.50,Thu Dec 20 09:13:25 PST 2018,9,0,0,0,Reviewable,NotReviewed,1 cond,1800,60000,Sat Jan 19 09:13:25 PST 2019,https://requester.mturk.com/mturk/manageHIT?HITId=386T3MLZLNQ3495HHHAJETZUEAV805,3K4J6M3CXFPHLL7AJJO2KVOTGJ9AGZ,3,Submitted,Fri Dec 21 02:03:37 PST 2018,Thu Dec 20 09:13:39 PST 2018,Thu Dec 20 09:23:37 PST 2018,,,,,,[],9.4621
3,0.7,NA,0.7,0.7,0.15,0.15,0.2,NA,NA,NA,132,222,121,multi_slider,15,122122,True,NA,1338,6,blue,circle,polka-dotted,striped,cloud,red,NA,English,1,Male,31,None,Yes,1,Windows,800,1280,Firefox,386T3MLZLNQ3495HHHAJETZUEAV805,3T1XT3I8SXZB1M17G2PNLMVAGJG6HR,English conversations,Answer questions about English conversations.,language research fun cognitive science university,$0.50,Thu Dec 20 09:13:25 PST 2018,9,0,0,0,Reviewable,NotReviewed,1 cond,1800,60000,Sat Jan 19 09:13:25 PST 2019,https://requester.mturk.com/mturk/manageHIT?HITId=386T3MLZLNQ3495HHHAJETZUEAV805,3K4J6M3CXFPHLL7AJJO2KVOTGJ9AGZ,3,Submitted,Fri Dec 21 02:03:37 PST 2018,Thu Dec 20 09:13:39 PST 2018,Thu Dec 20 09:23:37 PST 2018,,,,,,[],9.4621
3,NA,NA,0.75,1,0.2,0.2,0.7,NA,NA,NA,331,233,233,multi_slider,16,123212,True,NA,1865,5,circle,square,blue,green,polka-dotted,NA,NA,English,1,Male,31,None,Yes,1,Windows,800,1280,Firefox,386T3MLZLNQ3495HHHAJETZUEAV805,3T1XT3I8SXZB1M17G2PNLMVAGJG6HR,English conversations,Answer questions about English conversations.,language research fun cognitive science university,$0.50,Thu Dec 20 09:13:25 PST 2018,9,0,0,0,Reviewable,NotReviewed,1 cond,1800,60000,Sat Jan 19 09:13:25 PST 2019,https://requester.mturk.com/mturk/manageHIT?HITId=386T3MLZLNQ3495HHHAJETZUEAV805,3K4J6M3CXFPHLL7AJJO2KVOTGJ9AGZ,3,Submitted,Fri Dec 21 02:03:37 PST 2018,Thu Dec 20 09:13:39 PST 2018,Thu Dec 20 09:23:37 PST 2018,,,,,,[],9.4621
3,NA,NA,0.15,0.7,1,0.7,0.15,NA,NA,NA,213,313,212,multi_slider,17,322122,True,NA,2037,5,red,solid,green,square,circle,NA,NA,English,1,Male,31,None,Yes,1,Windows,800,1280,Firefox,386T3MLZLNQ3495HHHAJETZUEAV805,3T1XT3I8SXZB1M17G2PNLMVAGJG6HR,English conversations,Answer questions about English conversations.,language research fun cognitive science university,$0.50,Thu Dec 20 09:13:25 PST 2018,9,0,0,0,Reviewable,NotReviewed,1 cond,1800,60000,Sat Jan 19 09:13:25 PST 2019,https://requester.mturk.com/mturk/manageHIT?HITId=386T3MLZLNQ3495HHHAJETZUEAV805,3K4J6M3CXFPHLL7AJJO2KVOTGJ9AGZ,3,Submitted,Fri Dec 21 02:03:37 PST 2018,Thu Dec 20 09:13:39 PST 2018,Thu Dec 20 09:23:37 PST 2018,,,,,,[],9.4621
4,NA,NA,0.6,0.75,0.4,0.55,0.6,NA,NA,NA,123,222,123,multi_slider,3,212132,True,NA,203,5,green,red,circle,striped,cloud,NA,NA,english,1,Male,30,very good,Yes,3,Windows,800,1280,Chrome,386T3MLZLNQ3495HHHAJETZUEAV805,3T1XT3I8SXZB1M17G2PNLMVAGJG6HR,English conversations,Answer questions about English conversations.,language research fun cognitive science university,$0.50,Thu Dec 20 09:13:25 PST 2018,9,0,0,0,Reviewable,NotReviewed,1 cond,1800,60000,Sat Jan 19 09:13:25 PST 2019,https://requester.mturk.com/mturk/manageHIT?HITId=386T3MLZLNQ3495HHHAJETZUEAV805,3570Y55XZQFIH35DZP2INH60JACGYF,4,Submitted,Fri Dec 21 02:08:14 PST 2018,Thu Dec 20 09:13:56 PST 2018,Thu Dec 20 09:28:14 PST 2018,,,,,,[],6.063716666666667
4,0.75,NA,0.7,0.65,0.35,0.55,0.5,NA,NA,NA,311,122,322,multi_slider,4,211212,True,NA,765,6,solid,blue,cloud,square,striped,red,NA,english,1,Male,30,very good,Yes,3,Windows,800,1280,Chrome,386T3MLZLNQ3495HHHAJETZUEAV805,3T1XT3I8SXZB1M17G2PNLMVAGJG6HR,English conversations,Answer questions about English conversations.,language research fun cognitive science university,$0.50,Thu Dec 20 09:13:25 PST 2018,9,0,0,0,Reviewable,NotReviewed,1 cond,1800,60000,Sat Jan 19 09:13:25 PST 2019,https://requester.mturk.com/mturk/manageHIT?HITId=386T3MLZLNQ3495HHHAJETZUEAV805,3570Y55XZQFIH35DZP2INH60JACGYF,4,Submitted,Fri Dec 21 02:08:14 PST 2018,Thu Dec 20 09:13:56 PST 2018,Thu Dec 20 09:28:14 PST 2018,,,,,,[],6.063716666666667
4,NA,NA,0.4,0.8,0.45,0.65,0.65,NA,NA,NA,111,331,331,multi_slider,5,321212,True,NA,1121,5,polka-dotted,cloud,solid,square,blue,NA,NA,english,1,Male,30,very good,Yes,3,Windows,800,1280,Chrome,386T3MLZLNQ3495HHHAJETZUEAV805,3T1XT3I8SXZB1M17G2PNLMVAGJG6HR,English conversations,Answer questions about English conversations.,language research fun cognitive science university,$0.50,Thu Dec 20 09:13:25 PST 2018,9,0,0,0,Reviewable,NotReviewed,1 cond,1800,60000,Sat Jan 19 09:13:25 PST 2019,https://requester.mturk.com/mturk/manageHIT?HITId=386T3MLZLNQ3495HHHAJETZUEAV805,3570Y55XZQFIH35DZP2INH60JACGYF,4,Submitted,Fri Dec 21 02:08:14 PST 2018,Thu Dec 20 09:13:56 PST 2018,Thu Dec 20 09:28:14 PST 2018,,,,,,[],6.063716666666667
4,0.45,NA,0.35,0.75,0.25,0.6,0.6,NA,NA,NA,232,133,231,multi_slider,6,322111,True,NA,1410,6,green,cloud,circle,red,polka-dotted,blue,NA,english,1,Male,30,very good,Yes,3,Windows,800,1280,Chrome,386T3MLZLNQ3495HHHAJETZUEAV805,3T1XT3I8SXZB1M17G2PNLMVAGJG6HR,English conversations,Answer questions about English conversations.,language research fun cognitive science university,$0.50,Thu Dec 20 09:13:25 PST 2018,9,0,0,0,Reviewable,NotReviewed,1 cond,1800,60000,Sat Jan 19 09:13:25 PST 2019,https://requester.mturk.com/mturk/manageHIT?HITId=386T3MLZLNQ3495HHHAJETZUEAV805,3570Y55XZQFIH35DZP2INH60JACGYF,4,Submitted,Fri Dec 21 02:08:14 PST 2018,Thu Dec 20 09:13:56 PST 2018,Thu Dec 20 09:28:14 PST 2018,,,,,,[],6.063716666666667
4,0.75,0.35,0.8,0.35,0.6,0.7,0.3,NA,NA,NA,311,132,232,multi_slider,7,121112,True,NA,1000,7,red,solid,blue,polka-dotted,cloud,circle,square,english,1,Male,30,very good,Yes,3,Windows,800,1280,Chrome,386T3MLZLNQ3495HHHAJETZUEAV805,3T1XT3I8SXZB1M17G2PNLMVAGJG6HR,English conversations,Answer questions about English conversations.,language research fun cognitive science university,$0.50,Thu Dec 20 09:13:25 PST 2018,9,0,0,0,Reviewable,NotReviewed,1 cond,1800,60000,Sat Jan 19 09:13:25 PST 2019,https://requester.mturk.com/mturk/manageHIT?HITId=386T3MLZLNQ3495HHHAJETZUEAV805,3570Y55XZQFIH35DZP2INH60JACGYF,4,Submitted,Fri Dec 21 02:08:14 PST 2018,Thu Dec 20 09:13:56 PST 2018,Thu Dec 20 09:28:14 PST 2018,,,,,,[],6.063716666666667
4,0.65,NA,0.25,0.75,0.35,0.8,0.6,NA,NA,NA,333,113,323,multi_slider,8,322111,True,NA,1414,6,solid,striped,cloud,green,polka-dotted,square,NA,english,1,Male,30,very good,Yes,3,Windows,800,1280,Chrome,386T3MLZLNQ3495HHHAJETZUEAV805,3T1XT3I8SXZB1M17G2PNLMVAGJG6HR,English conversations,Answer questions about English conversations.,language research fun cognitive science university,$0.50,Thu Dec 20 09:13:25 PST 2018,9,0,0,0,Reviewable,NotReviewed,1 cond,1800,60000,Sat Jan 19 09:13:25 PST 2019,https://requester.mturk.com/mturk/manageHIT?HITId=386T3MLZLNQ3495HHHAJETZUEAV805,3570Y55XZQFIH35DZP2INH60JACGYF,4,Submitted,Fri Dec 21 02:08:14 PST 2018,Thu Dec 20 09:13:56 PST 2018,Thu Dec 20 09:28:14 PST 2018,,,,,,[],6.063716666666667
4,0.6,0.5,0.5,0.5,0.5,0.55,0.5,0.6,NA,NA,122,313,331,multi_slider,9,121111,True,solid,2162,8,green,polka-dotted,cloud,red,square,striped,blue,english,1,Male,30,very good,Yes,3,Windows,800,1280,Chrome,386T3MLZLNQ3495HHHAJETZUEAV805,3T1XT3I8SXZB1M17G2PNLMVAGJG6HR,English conversations,Answer questions about English conversations.,language research fun cognitive science university,$0.50,Thu Dec 20 09:13:25 PST 2018,9,0,0,0,Reviewable,NotReviewed,1 cond,1800,60000,Sat Jan 19 09:13:25 PST 2019,https://requester.mturk.com/mturk/manageHIT?HITId=386T3MLZLNQ3495HHHAJETZUEAV805,3570Y55XZQFIH35DZP2INH60JACGYF,4,Submitted,Fri Dec 21 02:08:14 PST 2018,Thu Dec 20 09:13:56 PST 2018,Thu Dec 20 09:28:14 PST 2018,,,,,,[],6.063716666666667
4,0.7,NA,0.7,0.35,0.6,0.25,0.45,NA,NA,NA,233,312,233,multi_slider,10,212121,False,NA,908,6,circle,green,polka-dotted,red,solid,square,NA,english,1,Male,30,very good,Yes,3,Windows,800,1280,Chrome,386T3MLZLNQ3495HHHAJETZUEAV805,3T1XT3I8SXZB1M17G2PNLMVAGJG6HR,English conversations,Answer questions about English conversations.,language research fun cognitive science university,$0.50,Thu Dec 20 09:13:25 PST 2018,9,0,0,0,Reviewable,NotReviewed,1 cond,1800,60000,Sat Jan 19 09:13:25 PST 2019,https://requester.mturk.com/mturk/manageHIT?HITId=386T3MLZLNQ3495HHHAJETZUEAV805,3570Y55XZQFIH35DZP2INH60JACGYF,4,Submitted,Fri Dec 21 02:08:14 PST 2018,Thu Dec 20 09:13:56 PST 2018,Thu Dec 20 09:28:14 PST 2018,,,,,,[],6.063716666666667
4,0.65,0.35,0.65,0.3,0.65,0.35,0.35,0.7,NA,NA,131,322,223,multi_slider,11,121111,True,blue,2170,8,green,striped,cloud,polka-dotted,square,circle,red,english,1,Male,30,very good,Yes,3,Windows,800,1280,Chrome,386T3MLZLNQ3495HHHAJETZUEAV805,3T1XT3I8SXZB1M17G2PNLMVAGJG6HR,English conversations,Answer questions about English conversations.,language research fun cognitive science university,$0.50,Thu Dec 20 09:13:25 PST 2018,9,0,0,0,Reviewable,NotReviewed,1 cond,1800,60000,Sat Jan 19 09:13:25 PST 2019,https://requester.mturk.com/mturk/manageHIT?HITId=386T3MLZLNQ3495HHHAJETZUEAV805,3570Y55XZQFIH35DZP2INH60JACGYF,4,Submitted,Fri Dec 21 02:08:14 PST 2018,Thu Dec 20 09:13:56 PST 2018,Thu Dec 20 09:28:14 PST 2018,,,,,,[],6.063716666666667
4,0.4,NA,0.35,0.65,0.35,0.65,0.65,NA,NA,NA,223,331,223,multi_slider,12,212121,False,NA,914,6,polka-dotted,circle,striped,square,blue,green,NA,english,1,Male,30,very good,Yes,3,Windows,800,1280,Chrome,386T3MLZLNQ3495HHHAJETZUEAV805,3T1XT3I8SXZB1M17G2PNLMVAGJG6HR,English conversations,Answer questions about English conversations.,language research fun cognitive science university,$0.50,Thu Dec 20 09:13:25 PST 2018,9,0,0,0,Reviewable,NotReviewed,1 cond,1800,60000,Sat Jan 19 09:13:25 PST 2019,https://requester.mturk.com/mturk/manageHIT?HITId=386T3MLZLNQ3495HHHAJETZUEAV805,3570Y55XZQFIH35DZP2INH60JACGYF,4,Submitted,Fri Dec 21 02:08:14 PST 2018,Thu Dec 20 09:13:56 PST 2018,Thu Dec 20 09:28:14 PST 2018,,,,,,[],6.063716666666667
4,0.6,0.4,0.7,0.35,0.65,0.4,0.35,0.65,0.35,blue,213,321,132,multi_slider,13,111111,False,circle,1279,9,solid,cloud,green,red,striped,square,polka-dotted,english,1,Male,30,very good,Yes,3,Windows,800,1280,Chrome,386T3MLZLNQ3495HHHAJETZUEAV805,3T1XT3I8SXZB1M17G2PNLMVAGJG6HR,English conversations,Answer questions about English conversations.,language research fun cognitive science university,$0.50,Thu Dec 20 09:13:25 PST 2018,9,0,0,0,Reviewable,NotReviewed,1 cond,1800,60000,Sat Jan 19 09:13:25 PST 2019,https://requester.mturk.com/mturk/manageHIT?HITId=386T3MLZLNQ3495HHHAJETZUEAV805,3570Y55XZQFIH35DZP2INH60JACGYF,4,Submitted,Fri Dec 21 02:08:14 PST 2018,Thu Dec 20 09:13:56 PST 2018,Thu Dec 20 09:28:14 PST 2018,,,,,,[],6.063716666666667
4,0.35,NA,0.35,0.7,0.35,0.7,0.6,NA,NA,NA,231,312,312,multi_slider,14,121212,False,NA,1686,6,red,solid,square,blue,circle,polka-dotted,NA,english,1,Male,30,very good,Yes,3,Windows,800,1280,Chrome,386T3MLZLNQ3495HHHAJETZUEAV805,3T1XT3I8SXZB1M17G2PNLMVAGJG6HR,English conversations,Answer questions about English conversations.,language research fun cognitive science university,$0.50,Thu Dec 20 09:13:25 PST 2018,9,0,0,0,Reviewable,NotReviewed,1 cond,1800,60000,Sat Jan 19 09:13:25 PST 2019,https://requester.mturk.com/mturk/manageHIT?HITId=386T3MLZLNQ3495HHHAJETZUEAV805,3570Y55XZQFIH35DZP2INH60JACGYF,4,Submitted,Fri Dec 21 02:08:14 PST 2018,Thu Dec 20 09:13:56 PST 2018,Thu Dec 20 09:28:14 PST 2018,,,,,,[],6.063716666666667
4,NA,NA,0.4,NA,0.35,0.6,0.6,NA,NA,NA,323,123,323,multi_slider,15,322132,True,NA,1788,4,green,striped,cloud,square,NA,NA,NA,english,1,Male,30,very good,Yes,3,Windows,800,1280,Chrome,386T3MLZLNQ3495HHHAJETZUEAV805,3T1XT3I8SXZB1M17G2PNLMVAGJG6HR,English conversations,Answer questions about English conversations.,language research fun cognitive science university,$0.50,Thu Dec 20 09:13:25 PST 2018,9,0,0,0,Reviewable,NotReviewed,1 cond,1800,60000,Sat Jan 19 09:13:25 PST 2019,https://requester.mturk.com/mturk/manageHIT?HITId=386T3MLZLNQ3495HHHAJETZUEAV805,3570Y55XZQFIH35DZP2INH60JACGYF,4,Submitted,Fri Dec 21 02:08:14 PST 2018,Thu Dec 20 09:13:56 PST 2018,Thu Dec 20 09:28:14 PST 2018,,,,,,[],6.063716666666667
4,0.6,NA,0.6,0.35,0.6,0.4,0.35,NA,NA,NA,133,212,212,multi_slider,16,121212,False,NA,1698,6,solid,polka-dotted,red,cloud,circle,green,NA,english,1,Male,30,very good,Yes,3,Windows,800,1280,Chrome,386T3MLZLNQ3495HHHAJETZUEAV805,3T1XT3I8SXZB1M17G2PNLMVAGJG6HR,English conversations,Answer questions about English conversations.,language research fun cognitive science university,$0.50,Thu Dec 20 09:13:25 PST 2018,9,0,0,0,Reviewable,NotReviewed,1 cond,1800,60000,Sat Jan 19 09:13:25 PST 2019,https://requester.mturk.com/mturk/manageHIT?HITId=386T3MLZLNQ3495HHHAJETZUEAV805,3570Y55XZQFIH35DZP2INH60JACGYF,4,Submitted,Fri Dec 21 02:08:14 PST 2018,Thu Dec 20 09:13:56 PST 2018,Thu Dec 20 09:28:14 PST 2018,,,,,,[],6.063716666666667
4,0.6,NA,0.65,0.3,0.65,0.3,0.35,NA,NA,NA,223,122,212,multi_slider,17,122122,True,NA,1339,6,circle,solid,red,green,striped,cloud,NA,english,1,Male,30,very good,Yes,3,Windows,800,1280,Chrome,386T3MLZLNQ3495HHHAJETZUEAV805,3T1XT3I8SXZB1M17G2PNLMVAGJG6HR,English conversations,Answer questions about English conversations.,language research fun cognitive science university,$0.50,Thu Dec 20 09:13:25 PST 2018,9,0,0,0,Reviewable,NotReviewed,1 cond,1800,60000,Sat Jan 19 09:13:25 PST 2019,https://requester.mturk.com/mturk/manageHIT?HITId=386T3MLZLNQ3495HHHAJETZUEAV805,3570Y55XZQFIH35DZP2INH60JACGYF,4,Submitted,Fri Dec 21 02:08:14 PST 2018,Thu Dec 20 09:13:56 PST 2018,Thu Dec 20 09:28:14 PST 2018,,,,,,[],6.063716666666667
5,1,0,0,1,1,1,1,1,NA,NA,213,332,122,multi_slider,3,111112,True,square,2147,8,green,polka-dotted,cloud,solid,circle,striped,red,english,1,Male,26,,Yes,2,Windows,1080,1920,Chrome,386T3MLZLNQ3495HHHAJETZUEAV805,3T1XT3I8SXZB1M17G2PNLMVAGJG6HR,English conversations,Answer questions about English conversations.,language research fun cognitive science university,$0.50,Thu Dec 20 09:13:25 PST 2018,9,0,0,0,Reviewable,NotReviewed,1 cond,1800,60000,Sat Jan 19 09:13:25 PST 2019,https://requester.mturk.com/mturk/manageHIT?HITId=386T3MLZLNQ3495HHHAJETZUEAV805,3TXMY6UCAFKWRPYM6TP5K4IJM93CQY,5,Submitted,Fri Dec 21 02:10:29 PST 2018,Thu Dec 20 09:13:31 PST 2018,Thu Dec 20 09:30:29 PST 2018,,,,,,[],2.7024
5,1,NA,1,1,0,1,0,NA,NA,NA,323,312,333,multi_slider,4,322111,True,NA,1442,6,green,square,striped,solid,red,polka-dotted,NA,english,1,Male,26,,Yes,2,Windows,1080,1920,Chrome,386T3MLZLNQ3495HHHAJETZUEAV805,3T1XT3I8SXZB1M17G2PNLMVAGJG6HR,English conversations,Answer questions about English conversations.,language research fun cognitive science university,$0.50,Thu Dec 20 09:13:25 PST 2018,9,0,0,0,Reviewable,NotReviewed,1 cond,1800,60000,Sat Jan 19 09:13:25 PST 2019,https://requester.mturk.com/mturk/manageHIT?HITId=386T3MLZLNQ3495HHHAJETZUEAV805,3TXMY6UCAFKWRPYM6TP5K4IJM93CQY,5,Submitted,Fri Dec 21 02:10:29 PST 2018,Thu Dec 20 09:13:31 PST 2018,Thu Dec 20 09:30:29 PST 2018,,,,,,[],2.7024
5,1,1,1,1,1,1,1,1,NA,NA,211,132,123,multi_slider,5,121111,True,blue,2185,8,striped,circle,red,cloud,green,solid,polka-dotted,english,1,Male,26,,Yes,2,Windows,1080,1920,Chrome,386T3MLZLNQ3495HHHAJETZUEAV805,3T1XT3I8SXZB1M17G2PNLMVAGJG6HR,English conversations,Answer questions about English conversations.,language research fun cognitive science university,$0.50,Thu Dec 20 09:13:25 PST 2018,9,0,0,0,Reviewable,NotReviewed,1 cond,1800,60000,Sat Jan 19 09:13:25 PST 2019,https://requester.mturk.com/mturk/manageHIT?HITId=386T3MLZLNQ3495HHHAJETZUEAV805,3TXMY6UCAFKWRPYM6TP5K4IJM93CQY,5,Submitted,Fri Dec 21 02:10:29 PST 2018,Thu Dec 20 09:13:31 PST 2018,Thu Dec 20 09:30:29 PST 2018,,,,,,[],2.7024
5,1,1,1,1,1,1,1,1,1,striped,332,213,121,multi_slider,6,111111,False,circle,1262,9,cloud,blue,polka-dotted,green,solid,red,square,english,1,Male,26,,Yes,2,Windows,1080,1920,Chrome,386T3MLZLNQ3495HHHAJETZUEAV805,3T1XT3I8SXZB1M17G2PNLMVAGJG6HR,English conversations,Answer questions about English conversations.,language research fun cognitive science university,$0.50,Thu Dec 20 09:13:25 PST 2018,9,0,0,0,Reviewable,NotReviewed,1 cond,1800,60000,Sat Jan 19 09:13:25 PST 2019,https://requester.mturk.com/mturk/manageHIT?HITId=386T3MLZLNQ3495HHHAJETZUEAV805,3TXMY6UCAFKWRPYM6TP5K4IJM93CQY,5,Submitted,Fri Dec 21 02:10:29 PST 2018,Thu Dec 20 09:13:31 PST 2018,Thu Dec 20 09:30:29 PST 2018,,,,,,[],2.7024
5,NA,NA,1,0,0,1,0,NA,NA,NA,313,212,312,multi_slider,7,122132,True,NA,387,5,square,red,green,circle,solid,NA,NA,english,1,Male,26,,Yes,2,Windows,1080,1920,Chrome,386T3MLZLNQ3495HHHAJETZUEAV805,3T1XT3I8SXZB1M17G2PNLMVAGJG6HR,English conversations,Answer questions about English conversations.,language research fun cognitive science university,$0.50,Thu Dec 20 09:13:25 PST 2018,9,0,0,0,Reviewable,NotReviewed,1 cond,1800,60000,Sat Jan 19 09:13:25 PST 2019,https://requester.mturk.com/mturk/manageHIT?HITId=386T3MLZLNQ3495HHHAJETZUEAV805,3TXMY6UCAFKWRPYM6TP5K4IJM93CQY,5,Submitted,Fri Dec 21 02:10:29 PST 2018,Thu Dec 20 09:13:31 PST 2018,Thu Dec 20 09:30:29 PST 2018,,,,,,[],2.7024
5,NA,NA,NA,NA,0,0,0,NA,NA,NA,223,223,223,multi_slider,8,323232,False,NA,1990,3,striped,circle,green,NA,NA,NA,NA,english,1,Male,26,,Yes,2,Windows,1080,1920,Chrome,386T3MLZLNQ3495HHHAJETZUEAV805,3T1XT3I8SXZB1M17G2PNLMVAGJG6HR,English conversations,Answer questions about English conversations.,language research fun cognitive science university,$0.50,Thu Dec 20 09:13:25 PST 2018,9,0,0,0,Reviewable,NotReviewed,1 cond,1800,60000,Sat Jan 19 09:13:25 PST 2019,https://requester.mturk.com/mturk/manageHIT?HITId=386T3MLZLNQ3495HHHAJETZUEAV805,3TXMY6UCAFKWRPYM6TP5K4IJM93CQY,5,Submitted,Fri Dec 21 02:10:29 PST 2018,Thu Dec 20 09:13:31 PST 2018,Thu Dec 20 09:30:29 PST 2018,,,,,,[],2.7024
5,NA,NA,1,0,1,0,0,NA,NA,NA,223,221,233,multi_slider,9,212232,True,NA,1166,5,circle,polka-dotted,green,blue,striped,NA,NA,english,1,Male,26,,Yes,2,Windows,1080,1920,Chrome,386T3MLZLNQ3495HHHAJETZUEAV805,3T1XT3I8SXZB1M17G2PNLMVAGJG6HR,English conversations,Answer questions about English conversations.,language research fun cognitive science university,$0.50,Thu Dec 20 09:13:25 PST 2018,9,0,0,0,Reviewable,NotReviewed,1 cond,1800,60000,Sat Jan 19 09:13:25 PST 2019,https://requester.mturk.com/mturk/manageHIT?HITId=386T3MLZLNQ3495HHHAJETZUEAV805,3TXMY6UCAFKWRPYM6TP5K4IJM93CQY,5,Submitted,Fri Dec 21 02:10:29 PST 2018,Thu Dec 20 09:13:31 PST 2018,Thu Dec 20 09:30:29 PST 2018,,,,,,[],2.7024
5,0,1,1,0,1,1,1,NA,NA,NA,113,223,131,multi_slider,10,112122,True,NA,885,7,solid,polka-dotted,striped,circle,cloud,green,blue,english,1,Male,26,,Yes,2,Windows,1080,1920,Chrome,386T3MLZLNQ3495HHHAJETZUEAV805,3T1XT3I8SXZB1M17G2PNLMVAGJG6HR,English conversations,Answer questions about English conversations.,language research fun cognitive science university,$0.50,Thu Dec 20 09:13:25 PST 2018,9,0,0,0,Reviewable,NotReviewed,1 cond,1800,60000,Sat Jan 19 09:13:25 PST 2019,https://requester.mturk.com/mturk/manageHIT?HITId=386T3MLZLNQ3495HHHAJETZUEAV805,3TXMY6UCAFKWRPYM6TP5K4IJM93CQY,5,Submitted,Fri Dec 21 02:10:29 PST 2018,Thu Dec 20 09:13:31 PST 2018,Thu Dec 20 09:30:29 PST 2018,,,,,,[],2.7024
5,NA,NA,NA,NA,0,0,0,NA,NA,NA,332,332,332,multi_slider,11,323232,False,NA,1957,3,polka-dotted,red,square,NA,NA,NA,NA,english,1,Male,26,,Yes,2,Windows,1080,1920,Chrome,386T3MLZLNQ3495HHHAJETZUEAV805,3T1XT3I8SXZB1M17G2PNLMVAGJG6HR,English conversations,Answer questions about English conversations.,language research fun cognitive science university,$0.50,Thu Dec 20 09:13:25 PST 2018,9,0,0,0,Reviewable,NotReviewed,1 cond,1800,60000,Sat Jan 19 09:13:25 PST 2019,https://requester.mturk.com/mturk/manageHIT?HITId=386T3MLZLNQ3495HHHAJETZUEAV805,3TXMY6UCAFKWRPYM6TP5K4IJM93CQY,5,Submitted,Fri Dec 21 02:10:29 PST 2018,Thu Dec 20 09:13:31 PST 2018,Thu Dec 20 09:30:29 PST 2018,,,,,,[],2.7024
5,NA,NA,0,NA,0,0,1,NA,NA,NA,221,321,221,multi_slider,12,322132,True,NA,1787,4,square,circle,blue,striped,NA,NA,NA,english,1,Male,26,,Yes,2,Windows,1080,1920,Chrome,386T3MLZLNQ3495HHHAJETZUEAV805,3T1XT3I8SXZB1M17G2PNLMVAGJG6HR,English conversations,Answer questions about English conversations.,language research fun cognitive science university,$0.50,Thu Dec 20 09:13:25 PST 2018,9,0,0,0,Reviewable,NotReviewed,1 cond,1800,60000,Sat Jan 19 09:13:25 PST 2019,https://requester.mturk.com/mturk/manageHIT?HITId=386T3MLZLNQ3495HHHAJETZUEAV805,3TXMY6UCAFKWRPYM6TP5K4IJM93CQY,5,Submitted,Fri Dec 21 02:10:29 PST 2018,Thu Dec 20 09:13:31 PST 2018,Thu Dec 20 09:30:29 PST 2018,,,,,,[],2.7024
5,1,1,1,1,1,1,1,1,1,red,133,221,312,multi_slider,13,111111,False,polka-dotted,1264,9,cloud,solid,square,green,striped,blue,circle,english,1,Male,26,,Yes,2,Windows,1080,1920,Chrome,386T3MLZLNQ3495HHHAJETZUEAV805,3T1XT3I8SXZB1M17G2PNLMVAGJG6HR,English conversations,Answer questions about English conversations.,language research fun cognitive science university,$0.50,Thu Dec 20 09:13:25 PST 2018,9,0,0,0,Reviewable,NotReviewed,1 cond,1800,60000,Sat Jan 19 09:13:25 PST 2019,https://requester.mturk.com/mturk/manageHIT?HITId=386T3MLZLNQ3495HHHAJETZUEAV805,3TXMY6UCAFKWRPYM6TP5K4IJM93CQY,5,Submitted,Fri Dec 21 02:10:29 PST 2018,Thu Dec 20 09:13:31 PST 2018,Thu Dec 20 09:30:29 PST 2018,,,,,,[],2.7024
5,1,NA,1,1,0,0,0,NA,NA,NA,232,111,111,multi_slider,14,121212,False,NA,1656,6,solid,blue,cloud,red,polka-dotted,circle,NA,english,1,Male,26,,Yes,2,Windows,1080,1920,Chrome,386T3MLZLNQ3495HHHAJETZUEAV805,3T1XT3I8SXZB1M17G2PNLMVAGJG6HR,English conversations,Answer questions about English conversations.,language research fun cognitive science university,$0.50,Thu Dec 20 09:13:25 PST 2018,9,0,0,0,Reviewable,NotReviewed,1 cond,1800,60000,Sat Jan 19 09:13:25 PST 2019,https://requester.mturk.com/mturk/manageHIT?HITId=386T3MLZLNQ3495HHHAJETZUEAV805,3TXMY6UCAFKWRPYM6TP5K4IJM93CQY,5,Submitted,Fri Dec 21 02:10:29 PST 2018,Thu Dec 20 09:13:31 PST 2018,Thu Dec 20 09:30:29 PST 2018,,,,,,[],2.7024
5,NA,NA,1,0,1,0,0,NA,NA,NA,312,321,311,multi_slider,15,213212,True,NA,568,5,solid,striped,blue,red,square,NA,NA,english,1,Male,26,,Yes,2,Windows,1080,1920,Chrome,386T3MLZLNQ3495HHHAJETZUEAV805,3T1XT3I8SXZB1M17G2PNLMVAGJG6HR,English conversations,Answer questions about English conversations.,language research fun cognitive science university,$0.50,Thu Dec 20 09:13:25 PST 2018,9,0,0,0,Reviewable,NotReviewed,1 cond,1800,60000,Sat Jan 19 09:13:25 PST 2019,https://requester.mturk.com/mturk/manageHIT?HITId=386T3MLZLNQ3495HHHAJETZUEAV805,3TXMY6UCAFKWRPYM6TP5K4IJM93CQY,5,Submitted,Fri Dec 21 02:10:29 PST 2018,Thu Dec 20 09:13:31 PST 2018,Thu Dec 20 09:30:29 PST 2018,,,,,,[],2.7024
5,NA,NA,0,1,1,0,0,NA,NA,NA,323,121,121,multi_slider,16,123212,True,NA,1858,5,striped,green,cloud,blue,square,NA,NA,english,1,Male,26,,Yes,2,Windows,1080,1920,Chrome,386T3MLZLNQ3495HHHAJETZUEAV805,3T1XT3I8SXZB1M17G2PNLMVAGJG6HR,English conversations,Answer questions about English conversations.,language research fun cognitive science university,$0.50,Thu Dec 20 09:13:25 PST 2018,9,0,0,0,Reviewable,NotReviewed,1 cond,1800,60000,Sat Jan 19 09:13:25 PST 2019,https://requester.mturk.com/mturk/manageHIT?HITId=386T3MLZLNQ3495HHHAJETZUEAV805,3TXMY6UCAFKWRPYM6TP5K4IJM93CQY,5,Submitted,Fri Dec 21 02:10:29 PST 2018,Thu Dec 20 09:13:31 PST 2018,Thu Dec 20 09:30:29 PST 2018,,,,,,[],2.7024
5,NA,NA,0,1,1,0,0,NA,NA,NA,112,313,112,multi_slider,17,322121,True,NA,1587,5,red,square,solid,cloud,green,NA,NA,english,1,Male,26,,Yes,2,Windows,1080,1920,Chrome,386T3MLZLNQ3495HHHAJETZUEAV805,3T1XT3I8SXZB1M17G2PNLMVAGJG6HR,English conversations,Answer questions about English conversations.,language research fun cognitive science university,$0.50,Thu Dec 20 09:13:25 PST 2018,9,0,0,0,Reviewable,NotReviewed,1 cond,1800,60000,Sat Jan 19 09:13:25 PST 2019,https://requester.mturk.com/mturk/manageHIT?HITId=386T3MLZLNQ3495HHHAJETZUEAV805,3TXMY6UCAFKWRPYM6TP5K4IJM93CQY,5,Submitted,Fri Dec 21 02:10:29 PST 2018,Thu Dec 20 09:13:31 PST 2018,Thu Dec 20 09:30:29 PST 2018,,,,,,[],2.7024
6,0.7,0.8,0.75,1,0.3,0.35,1,0.65,NA,NA,213,132,331,multi_slider,3,111112,True,solid,2148,8,blue,cloud,circle,polka-dotted,square,green,red,english,1,Female,31,,Yes,2,Mac,800,1280,Chrome,386T3MLZLNQ3495HHHAJETZUEAV805,3T1XT3I8SXZB1M17G2PNLMVAGJG6HR,English conversations,Answer questions about English conversations.,language research fun cognitive science university,$0.50,Thu Dec 20 09:13:25 PST 2018,9,0,0,0,Reviewable,NotReviewed,1 cond,1800,60000,Sat Jan 19 09:13:25 PST 2019,https://requester.mturk.com/mturk/manageHIT?HITId=386T3MLZLNQ3495HHHAJETZUEAV805,3L2IS5HSFBE7AM2UCSIOAG9KOYMUN2,6,Submitted,Fri Dec 21 02:17:11 PST 2018,Thu Dec 20 09:13:46 PST 2018,Thu Dec 20 09:37:11 PST 2018,,,,,,[],7.5484333333333336
6,0.35,NA,0.6,0.6,0.6,0.8,0.9,NA,NA,NA,122,213,213,multi_slider,4,121212,False,NA,1696,6,red,solid,striped,cloud,green,circle,NA,english,1,Female,31,,Yes,2,Mac,800,1280,Chrome,386T3MLZLNQ3495HHHAJETZUEAV805,3T1XT3I8SXZB1M17G2PNLMVAGJG6HR,English conversations,Answer questions about English conversations.,language research fun cognitive science university,$0.50,Thu Dec 20 09:13:25 PST 2018,9,0,0,0,Reviewable,NotReviewed,1 cond,1800,60000,Sat Jan 19 09:13:25 PST 2019,https://requester.mturk.com/mturk/manageHIT?HITId=386T3MLZLNQ3495HHHAJETZUEAV805,3L2IS5HSFBE7AM2UCSIOAG9KOYMUN2,6,Submitted,Fri Dec 21 02:17:11 PST 2018,Thu Dec 20 09:13:46 PST 2018,Thu Dec 20 09:37:11 PST 2018,,,,,,[],7.5484333333333336
6,0.5,NA,0.6,0.9,0.9,0.65,1,NA,NA,NA,211,323,211,multi_slider,5,212121,False,NA,913,6,striped,square,circle,blue,green,solid,NA,english,1,Female,31,,Yes,2,Mac,800,1280,Chrome,386T3MLZLNQ3495HHHAJETZUEAV805,3T1XT3I8SXZB1M17G2PNLMVAGJG6HR,English conversations,Answer questions about English conversations.,language research fun cognitive science university,$0.50,Thu Dec 20 09:13:25 PST 2018,9,0,0,0,Reviewable,NotReviewed,1 cond,1800,60000,Sat Jan 19 09:13:25 PST 2019,https://requester.mturk.com/mturk/manageHIT?HITId=386T3MLZLNQ3495HHHAJETZUEAV805,3L2IS5HSFBE7AM2UCSIOAG9KOYMUN2,6,Submitted,Fri Dec 21 02:17:11 PST 2018,Thu Dec 20 09:13:46 PST 2018,Thu Dec 20 09:37:11 PST 2018,,,,,,[],7.5484333333333336
6,0.8,NA,0.85,0.8,0,1,0.6,NA,NA,NA,311,221,111,multi_slider,6,322111,True,NA,1444,6,solid,blue,striped,square,cloud,circle,NA,english,1,Female,31,,Yes,2,Mac,800,1280,Chrome,386T3MLZLNQ3495HHHAJETZUEAV805,3T1XT3I8SXZB1M17G2PNLMVAGJG6HR,English conversations,Answer questions about English conversations.,language research fun cognitive science university,$0.50,Thu Dec 20 09:13:25 PST 2018,9,0,0,0,Reviewable,NotReviewed,1 cond,1800,60000,Sat Jan 19 09:13:25 PST 2019,https://requester.mturk.com/mturk/manageHIT?HITId=386T3MLZLNQ3495HHHAJETZUEAV805,3L2IS5HSFBE7AM2UCSIOAG9KOYMUN2,6,Submitted,Fri Dec 21 02:17:11 PST 2018,Thu Dec 20 09:13:46 PST 2018,Thu Dec 20 09:37:11 PST 2018,,,,,,[],7.5484333333333336
6,0.85,0.8,0.85,0.85,0.9,0.85,0.6,0.8,NA,NA,221,132,323,multi_slider,7,211111,True,cloud,498,8,striped,green,square,circle,red,polka-dotted,blue,english,1,Female,31,,Yes,2,Mac,800,1280,Chrome,386T3MLZLNQ3495HHHAJETZUEAV805,3T1XT3I8SXZB1M17G2PNLMVAGJG6HR,English conversations,Answer questions about English conversations.,language research fun cognitive science university,$0.50,Thu Dec 20 09:13:25 PST 2018,9,0,0,0,Reviewable,NotReviewed,1 cond,1800,60000,Sat Jan 19 09:13:25 PST 2019,https://requester.mturk.com/mturk/manageHIT?HITId=386T3MLZLNQ3495HHHAJETZUEAV805,3L2IS5HSFBE7AM2UCSIOAG9KOYMUN2,6,Submitted,Fri Dec 21 02:17:11 PST 2018,Thu Dec 20 09:13:46 PST 2018,Thu Dec 20 09:37:11 PST 2018,,,,,,[],7.5484333333333336
6,0.7,0.75,0.9,0.7,0.9,0.9,0.9,0.7,NA,NA,213,332,122,multi_slider,8,111112,True,striped,2147,8,green,circle,cloud,square,red,solid,polka-dotted,english,1,Female,31,,Yes,2,Mac,800,1280,Chrome,386T3MLZLNQ3495HHHAJETZUEAV805,3T1XT3I8SXZB1M17G2PNLMVAGJG6HR,English conversations,Answer questions about English conversations.,language research fun cognitive science university,$0.50,Thu Dec 20 09:13:25 PST 2018,9,0,0,0,Reviewable,NotReviewed,1 cond,1800,60000,Sat Jan 19 09:13:25 PST 2019,https://requester.mturk.com/mturk/manageHIT?HITId=386T3MLZLNQ3495HHHAJETZUEAV805,3L2IS5HSFBE7AM2UCSIOAG9KOYMUN2,6,Submitted,Fri Dec 21 02:17:11 PST 2018,Thu Dec 20 09:13:46 PST 2018,Thu Dec 20 09:37:11 PST 2018,,,,,,[],7.5484333333333336
6,0.85,NA,0.65,0.65,0.95,0.9,0.6,NA,NA,NA,312,233,312,multi_slider,9,212121,False,NA,905,6,square,polka-dotted,circle,solid,red,green,NA,english,1,Female,31,,Yes,2,Mac,800,1280,Chrome,386T3MLZLNQ3495HHHAJETZUEAV805,3T1XT3I8SXZB1M17G2PNLMVAGJG6HR,English conversations,Answer questions about English conversations.,language research fun cognitive science university,$0.50,Thu Dec 20 09:13:25 PST 2018,9,0,0,0,Reviewable,NotReviewed,1 cond,1800,60000,Sat Jan 19 09:13:25 PST 2019,https://requester.mturk.com/mturk/manageHIT?HITId=386T3MLZLNQ3495HHHAJETZUEAV805,3L2IS5HSFBE7AM2UCSIOAG9KOYMUN2,6,Submitted,Fri Dec 21 02:17:11 PST 2018,Thu Dec 20 09:13:46 PST 2018,Thu Dec 20 09:37:11 PST 2018,,,,,,[],7.5484333333333336
6,0.85,0.7,0.9,0.6,0.95,0.85,0.6,NA,NA,NA,332,113,213,multi_slider,10,121112,True,NA,968,7,solid,cloud,square,polka-dotted,green,red,circle,english,1,Female,31,,Yes,2,Mac,800,1280,Chrome,386T3MLZLNQ3495HHHAJETZUEAV805,3T1XT3I8SXZB1M17G2PNLMVAGJG6HR,English conversations,Answer questions about English conversations.,language research fun cognitive science university,$0.50,Thu Dec 20 09:13:25 PST 2018,9,0,0,0,Reviewable,NotReviewed,1 cond,1800,60000,Sat Jan 19 09:13:25 PST 2019,https://requester.mturk.com/mturk/manageHIT?HITId=386T3MLZLNQ3495HHHAJETZUEAV805,3L2IS5HSFBE7AM2UCSIOAG9KOYMUN2,6,Submitted,Fri Dec 21 02:17:11 PST 2018,Thu Dec 20 09:13:46 PST 2018,Thu Dec 20 09:37:11 PST 2018,,,,,,[],7.5484333333333336
6,0.85,0.7,0.7,0.75,0.9,0.95,0.85,NA,NA,NA,312,231,131,multi_slider,11,121112,True,NA,969,7,circle,cloud,red,polka-dotted,solid,square,blue,english,1,Female,31,,Yes,2,Mac,800,1280,Chrome,386T3MLZLNQ3495HHHAJETZUEAV805,3T1XT3I8SXZB1M17G2PNLMVAGJG6HR,English conversations,Answer questions about English conversations.,language research fun cognitive science university,$0.50,Thu Dec 20 09:13:25 PST 2018,9,0,0,0,Reviewable,NotReviewed,1 cond,1800,60000,Sat Jan 19 09:13:25 PST 2019,https://requester.mturk.com/mturk/manageHIT?HITId=386T3MLZLNQ3495HHHAJETZUEAV805,3L2IS5HSFBE7AM2UCSIOAG9KOYMUN2,6,Submitted,Fri Dec 21 02:17:11 PST 2018,Thu Dec 20 09:13:46 PST 2018,Thu Dec 20 09:37:11 PST 2018,,,,,,[],7.5484333333333336
6,0.65,NA,0.9,0.7,0.95,0.65,0.9,NA,NA,NA,331,222,331,multi_slider,12,212121,False,NA,944,6,circle,striped,polka-dotted,red,blue,square,NA,english,1,Female,31,,Yes,2,Mac,800,1280,Chrome,386T3MLZLNQ3495HHHAJETZUEAV805,3T1XT3I8SXZB1M17G2PNLMVAGJG6HR,English conversations,Answer questions about English conversations.,language research fun cognitive science university,$0.50,Thu Dec 20 09:13:25 PST 2018,9,0,0,0,Reviewable,NotReviewed,1 cond,1800,60000,Sat Jan 19 09:13:25 PST 2019,https://requester.mturk.com/mturk/manageHIT?HITId=386T3MLZLNQ3495HHHAJETZUEAV805,3L2IS5HSFBE7AM2UCSIOAG9KOYMUN2,6,Submitted,Fri Dec 21 02:17:11 PST 2018,Thu Dec 20 09:13:46 PST 2018,Thu Dec 20 09:37:11 PST 2018,,,,,,[],7.5484333333333336
6,0.7,0.85,0.85,0.9,0.85,0.9,0.9,0.85,NA,NA,222,111,233,multi_slider,13,211111,True,blue,490,8,cloud,red,green,striped,polka-dotted,circle,solid,english,1,Female,31,,Yes,2,Mac,800,1280,Chrome,386T3MLZLNQ3495HHHAJETZUEAV805,3T1XT3I8SXZB1M17G2PNLMVAGJG6HR,English conversations,Answer questions about English conversations.,language research fun cognitive science university,$0.50,Thu Dec 20 09:13:25 PST 2018,9,0,0,0,Reviewable,NotReviewed,1 cond,1800,60000,Sat Jan 19 09:13:25 PST 2019,https://requester.mturk.com/mturk/manageHIT?HITId=386T3MLZLNQ3495HHHAJETZUEAV805,3L2IS5HSFBE7AM2UCSIOAG9KOYMUN2,6,Submitted,Fri Dec 21 02:17:11 PST 2018,Thu Dec 20 09:13:46 PST 2018,Thu Dec 20 09:37:11 PST 2018,,,,,,[],7.5484333333333336
6,NA,NA,0.85,0.9,0.1,0.7,0.65,NA,NA,NA,331,233,233,multi_slider,14,123212,True,NA,1865,5,green,polka-dotted,circle,square,blue,NA,NA,english,1,Female,31,,Yes,2,Mac,800,1280,Chrome,386T3MLZLNQ3495HHHAJETZUEAV805,3T1XT3I8SXZB1M17G2PNLMVAGJG6HR,English conversations,Answer questions about English conversations.,language research fun cognitive science university,$0.50,Thu Dec 20 09:13:25 PST 2018,9,0,0,0,Reviewable,NotReviewed,1 cond,1800,60000,Sat Jan 19 09:13:25 PST 2019,https://requester.mturk.com/mturk/manageHIT?HITId=386T3MLZLNQ3495HHHAJETZUEAV805,3L2IS5HSFBE7AM2UCSIOAG9KOYMUN2,6,Submitted,Fri Dec 21 02:17:11 PST 2018,Thu Dec 20 09:13:46 PST 2018,Thu Dec 20 09:37:11 PST 2018,,,,,,[],7.5484333333333336
6,0.9,NA,0.5,0.8,0.65,0.9,0.6,NA,NA,NA,122,331,321,multi_slider,15,211212,True,NA,774,6,blue,striped,cloud,square,red,polka-dotted,NA,english,1,Female,31,,Yes,2,Mac,800,1280,Chrome,386T3MLZLNQ3495HHHAJETZUEAV805,3T1XT3I8SXZB1M17G2PNLMVAGJG6HR,English conversations,Answer questions about English conversations.,language research fun cognitive science university,$0.50,Thu Dec 20 09:13:25 PST 2018,9,0,0,0,Reviewable,NotReviewed,1 cond,1800,60000,Sat Jan 19 09:13:25 PST 2019,https://requester.mturk.com/mturk/manageHIT?HITId=386T3MLZLNQ3495HHHAJETZUEAV805,3L2IS5HSFBE7AM2UCSIOAG9KOYMUN2,6,Submitted,Fri Dec 21 02:17:11 PST 2018,Thu Dec 20 09:13:46 PST 2018,Thu Dec 20 09:37:11 PST 2018,,,,,,[],7.5484333333333336
6,NA,NA,NA,NA,0.05,0.05,0.1,NA,NA,NA,113,113,113,multi_slider,16,323232,False,NA,1967,3,green,cloud,solid,NA,NA,NA,NA,english,1,Female,31,,Yes,2,Mac,800,1280,Chrome,386T3MLZLNQ3495HHHAJETZUEAV805,3T1XT3I8SXZB1M17G2PNLMVAGJG6HR,English conversations,Answer questions about English conversations.,language research fun cognitive science university,$0.50,Thu Dec 20 09:13:25 PST 2018,9,0,0,0,Reviewable,NotReviewed,1 cond,1800,60000,Sat Jan 19 09:13:25 PST 2019,https://requester.mturk.com/mturk/manageHIT?HITId=386T3MLZLNQ3495HHHAJETZUEAV805,3L2IS5HSFBE7AM2UCSIOAG9KOYMUN2,6,Submitted,Fri Dec 21 02:17:11 PST 2018,Thu Dec 20 09:13:46 PST 2018,Thu Dec 20 09:37:11 PST 2018,,,,,,[],7.5484333333333336
6,NA,NA,0.55,0,0.55,0.7,0.85,NA,NA,NA,332,212,232,multi_slider,17,213212,True,NA,588,5,solid,circle,square,polka-dotted,red,NA,NA,english,1,Female,31,,Yes,2,Mac,800,1280,Chrome,386T3MLZLNQ3495HHHAJETZUEAV805,3T1XT3I8SXZB1M17G2PNLMVAGJG6HR,English conversations,Answer questions about English conversations.,language research fun cognitive science university,$0.50,Thu Dec 20 09:13:25 PST 2018,9,0,0,0,Reviewable,NotReviewed,1 cond,1800,60000,Sat Jan 19 09:13:25 PST 2019,https://requester.mturk.com/mturk/manageHIT?HITId=386T3MLZLNQ3495HHHAJETZUEAV805,3L2IS5HSFBE7AM2UCSIOAG9KOYMUN2,6,Submitted,Fri Dec 21 02:17:11 PST 2018,Thu Dec 20 09:13:46 PST 2018,Thu Dec 20 09:37:11 PST 2018,,,,,,[],7.5484333333333336
7,NA,NA,0.05,0.1,0.95,0.8,0.95,NA,NA,NA,322,312,321,multi_slider,3,322122,True,NA,2003,5,red,striped,square,solid,blue,NA,NA,english,2,Male,28,"God bless and have a nice day! Jesus loves you. You gonna have an awesome career full of blessings! 
",Yes,2,Windows,864,1536,Chrome,386T3MLZLNQ3495HHHAJETZUEAV805,3T1XT3I8SXZB1M17G2PNLMVAGJG6HR,English conversations,Answer questions about English conversations.,language research fun cognitive science university,$0.50,Thu Dec 20 09:13:25 PST 2018,9,0,0,0,Reviewable,NotReviewed,1 cond,1800,60000,Sat Jan 19 09:13:25 PST 2019,https://requester.mturk.com/mturk/manageHIT?HITId=386T3MLZLNQ3495HHHAJETZUEAV805,39ASUFLU6Y3VXKJCOYQS40EF4O2XE8,7,Submitted,Fri Dec 21 02:18:36 PST 2018,Thu Dec 20 09:13:38 PST 2018,Thu Dec 20 09:38:36 PST 2018,,,,,,[],24.76985
7,0.9,NA,0.05,0.95,0.95,0.95,0.9,NA,NA,NA,213,212,123,multi_slider,4,212222,True,NA,276,6,red,striped,circle,solid,green,cloud,NA,english,2,Male,28,"God bless and have a nice day! Jesus loves you. You gonna have an awesome career full of blessings! 
",Yes,2,Windows,864,1536,Chrome,386T3MLZLNQ3495HHHAJETZUEAV805,3T1XT3I8SXZB1M17G2PNLMVAGJG6HR,English conversations,Answer questions about English conversations.,language research fun cognitive science university,$0.50,Thu Dec 20 09:13:25 PST 2018,9,0,0,0,Reviewable,NotReviewed,1 cond,1800,60000,Sat Jan 19 09:13:25 PST 2019,https://requester.mturk.com/mturk/manageHIT?HITId=386T3MLZLNQ3495HHHAJETZUEAV805,39ASUFLU6Y3VXKJCOYQS40EF4O2XE8,7,Submitted,Fri Dec 21 02:18:36 PST 2018,Thu Dec 20 09:13:38 PST 2018,Thu Dec 20 09:38:36 PST 2018,,,,,,[],24.76985
7,0.75,0.75,0.9,0.5,0.9,0,0.95,0.8,0.9,polka-dotted,213,321,132,multi_slider,5,111111,False,striped,1279,9,cloud,circle,solid,red,square,green,blue,english,2,Male,28,"God bless and have a nice day! Jesus loves you. You gonna have an awesome career full of blessings! 
",Yes,2,Windows,864,1536,Chrome,386T3MLZLNQ3495HHHAJETZUEAV805,3T1XT3I8SXZB1M17G2PNLMVAGJG6HR,English conversations,Answer questions about English conversations.,language research fun cognitive science university,$0.50,Thu Dec 20 09:13:25 PST 2018,9,0,0,0,Reviewable,NotReviewed,1 cond,1800,60000,Sat Jan 19 09:13:25 PST 2019,https://requester.mturk.com/mturk/manageHIT?HITId=386T3MLZLNQ3495HHHAJETZUEAV805,39ASUFLU6Y3VXKJCOYQS40EF4O2XE8,7,Submitted,Fri Dec 21 02:18:36 PST 2018,Thu Dec 20 09:13:38 PST 2018,Thu Dec 20 09:38:36 PST 2018,,,,,,[],24.76985
7,NA,NA,0.9,0.95,0.95,0.95,1,NA,NA,NA,231,222,232,multi_slider,6,322112,True,NA,1546,5,striped,red,blue,polka-dotted,circle,NA,NA,english,2,Male,28,"God bless and have a nice day! Jesus loves you. You gonna have an awesome career full of blessings! 
",Yes,2,Windows,864,1536,Chrome,386T3MLZLNQ3495HHHAJETZUEAV805,3T1XT3I8SXZB1M17G2PNLMVAGJG6HR,English conversations,Answer questions about English conversations.,language research fun cognitive science university,$0.50,Thu Dec 20 09:13:25 PST 2018,9,0,0,0,Reviewable,NotReviewed,1 cond,1800,60000,Sat Jan 19 09:13:25 PST 2019,https://requester.mturk.com/mturk/manageHIT?HITId=386T3MLZLNQ3495HHHAJETZUEAV805,39ASUFLU6Y3VXKJCOYQS40EF4O2XE8,7,Submitted,Fri Dec 21 02:18:36 PST 2018,Thu Dec 20 09:13:38 PST 2018,Thu Dec 20 09:38:36 PST 2018,,,,,,[],24.76985
7,NA,NA,NA,NA,0.95,0.95,0.95,NA,NA,NA,111,111,111,multi_slider,7,323232,False,NA,1980,3,cloud,blue,solid,NA,NA,NA,NA,english,2,Male,28,"God bless and have a nice day! Jesus loves you. You gonna have an awesome career full of blessings! 
",Yes,2,Windows,864,1536,Chrome,386T3MLZLNQ3495HHHAJETZUEAV805,3T1XT3I8SXZB1M17G2PNLMVAGJG6HR,English conversations,Answer questions about English conversations.,language research fun cognitive science university,$0.50,Thu Dec 20 09:13:25 PST 2018,9,0,0,0,Reviewable,NotReviewed,1 cond,1800,60000,Sat Jan 19 09:13:25 PST 2019,https://requester.mturk.com/mturk/manageHIT?HITId=386T3MLZLNQ3495HHHAJETZUEAV805,39ASUFLU6Y3VXKJCOYQS40EF4O2XE8,7,Submitted,Fri Dec 21 02:18:36 PST 2018,Thu Dec 20 09:13:38 PST 2018,Thu Dec 20 09:38:36 PST 2018,,,,,,[],24.76985
7,0.9,NA,0.15,1,0.9,1,0.95,NA,NA,NA,322,313,321,multi_slider,8,213211,True,NA,345,6,square,red,blue,solid,striped,green,NA,english,2,Male,28,"God bless and have a nice day! Jesus loves you. You gonna have an awesome career full of blessings! 
",Yes,2,Windows,864,1536,Chrome,386T3MLZLNQ3495HHHAJETZUEAV805,3T1XT3I8SXZB1M17G2PNLMVAGJG6HR,English conversations,Answer questions about English conversations.,language research fun cognitive science university,$0.50,Thu Dec 20 09:13:25 PST 2018,9,0,0,0,Reviewable,NotReviewed,1 cond,1800,60000,Sat Jan 19 09:13:25 PST 2019,https://requester.mturk.com/mturk/manageHIT?HITId=386T3MLZLNQ3495HHHAJETZUEAV805,39ASUFLU6Y3VXKJCOYQS40EF4O2XE8,7,Submitted,Fri Dec 21 02:18:36 PST 2018,Thu Dec 20 09:13:38 PST 2018,Thu Dec 20 09:38:36 PST 2018,,,,,,[],24.76985
7,0.05,NA,0.1,1,0.95,0.95,0.9,NA,NA,NA,323,112,323,multi_slider,9,212121,False,NA,909,6,green,striped,red,square,cloud,solid,NA,english,2,Male,28,"God bless and have a nice day! Jesus loves you. You gonna have an awesome career full of blessings! 
",Yes,2,Windows,864,1536,Chrome,386T3MLZLNQ3495HHHAJETZUEAV805,3T1XT3I8SXZB1M17G2PNLMVAGJG6HR,English conversations,Answer questions about English conversations.,language research fun cognitive science university,$0.50,Thu Dec 20 09:13:25 PST 2018,9,0,0,0,Reviewable,NotReviewed,1 cond,1800,60000,Sat Jan 19 09:13:25 PST 2019,https://requester.mturk.com/mturk/manageHIT?HITId=386T3MLZLNQ3495HHHAJETZUEAV805,39ASUFLU6Y3VXKJCOYQS40EF4O2XE8,7,Submitted,Fri Dec 21 02:18:36 PST 2018,Thu Dec 20 09:13:38 PST 2018,Thu Dec 20 09:38:36 PST 2018,,,,,,[],24.76985
7,0.5,0.5,0.1,0.5,0.85,0.8,0.8,NA,NA,NA,232,321,121,multi_slider,10,111212,True,NA,1938,7,circle,red,blue,polka-dotted,square,striped,cloud,english,2,Male,28,"God bless and have a nice day! Jesus loves you. You gonna have an awesome career full of blessings! 
",Yes,2,Windows,864,1536,Chrome,386T3MLZLNQ3495HHHAJETZUEAV805,3T1XT3I8SXZB1M17G2PNLMVAGJG6HR,English conversations,Answer questions about English conversations.,language research fun cognitive science university,$0.50,Thu Dec 20 09:13:25 PST 2018,9,0,0,0,Reviewable,NotReviewed,1 cond,1800,60000,Sat Jan 19 09:13:25 PST 2019,https://requester.mturk.com/mturk/manageHIT?HITId=386T3MLZLNQ3495HHHAJETZUEAV805,39ASUFLU6Y3VXKJCOYQS40EF4O2XE8,7,Submitted,Fri Dec 21 02:18:36 PST 2018,Thu Dec 20 09:13:38 PST 2018,Thu Dec 20 09:38:36 PST 2018,,,,,,[],24.76985
7,NA,NA,0.95,0.5,0.9,0.65,0.95,NA,NA,NA,332,323,322,multi_slider,11,122132,True,NA,400,5,square,striped,polka-dotted,red,green,NA,NA,english,2,Male,28,"God bless and have a nice day! Jesus loves you. You gonna have an awesome career full of blessings! 
",Yes,2,Windows,864,1536,Chrome,386T3MLZLNQ3495HHHAJETZUEAV805,3T1XT3I8SXZB1M17G2PNLMVAGJG6HR,English conversations,Answer questions about English conversations.,language research fun cognitive science university,$0.50,Thu Dec 20 09:13:25 PST 2018,9,0,0,0,Reviewable,NotReviewed,1 cond,1800,60000,Sat Jan 19 09:13:25 PST 2019,https://requester.mturk.com/mturk/manageHIT?HITId=386T3MLZLNQ3495HHHAJETZUEAV805,39ASUFLU6Y3VXKJCOYQS40EF4O2XE8,7,Submitted,Fri Dec 21 02:18:36 PST 2018,Thu Dec 20 09:13:38 PST 2018,Thu Dec 20 09:38:36 PST 2018,,,,,,[],24.76985
7,NA,NA,NA,NA,0.95,1,1,NA,NA,NA,223,223,223,multi_slider,12,323232,False,NA,1960,3,circle,striped,green,NA,NA,NA,NA,english,2,Male,28,"God bless and have a nice day! Jesus loves you. You gonna have an awesome career full of blessings! 
",Yes,2,Windows,864,1536,Chrome,386T3MLZLNQ3495HHHAJETZUEAV805,3T1XT3I8SXZB1M17G2PNLMVAGJG6HR,English conversations,Answer questions about English conversations.,language research fun cognitive science university,$0.50,Thu Dec 20 09:13:25 PST 2018,9,0,0,0,Reviewable,NotReviewed,1 cond,1800,60000,Sat Jan 19 09:13:25 PST 2019,https://requester.mturk.com/mturk/manageHIT?HITId=386T3MLZLNQ3495HHHAJETZUEAV805,39ASUFLU6Y3VXKJCOYQS40EF4O2XE8,7,Submitted,Fri Dec 21 02:18:36 PST 2018,Thu Dec 20 09:13:38 PST 2018,Thu Dec 20 09:38:36 PST 2018,,,,,,[],24.76985
7,0.9,NA,0.95,0.9,0.5,0.9,0.5,NA,NA,NA,121,323,221,multi_slider,13,112132,True,NA,550,6,green,cloud,blue,square,circle,striped,NA,english,2,Male,28,"God bless and have a nice day! Jesus loves you. You gonna have an awesome career full of blessings! 
",Yes,2,Windows,864,1536,Chrome,386T3MLZLNQ3495HHHAJETZUEAV805,3T1XT3I8SXZB1M17G2PNLMVAGJG6HR,English conversations,Answer questions about English conversations.,language research fun cognitive science university,$0.50,Thu Dec 20 09:13:25 PST 2018,9,0,0,0,Reviewable,NotReviewed,1 cond,1800,60000,Sat Jan 19 09:13:25 PST 2019,https://requester.mturk.com/mturk/manageHIT?HITId=386T3MLZLNQ3495HHHAJETZUEAV805,39ASUFLU6Y3VXKJCOYQS40EF4O2XE8,7,Submitted,Fri Dec 21 02:18:36 PST 2018,Thu Dec 20 09:13:38 PST 2018,Thu Dec 20 09:38:36 PST 2018,,,,,,[],24.76985
7,0.5,NA,0.95,0.5,0.75,0.2,0.9,NA,NA,NA,211,222,213,multi_slider,14,213211,True,NA,331,6,solid,red,green,circle,blue,striped,NA,english,2,Male,28,"God bless and have a nice day! Jesus loves you. You gonna have an awesome career full of blessings! 
",Yes,2,Windows,864,1536,Chrome,386T3MLZLNQ3495HHHAJETZUEAV805,3T1XT3I8SXZB1M17G2PNLMVAGJG6HR,English conversations,Answer questions about English conversations.,language research fun cognitive science university,$0.50,Thu Dec 20 09:13:25 PST 2018,9,0,0,0,Reviewable,NotReviewed,1 cond,1800,60000,Sat Jan 19 09:13:25 PST 2019,https://requester.mturk.com/mturk/manageHIT?HITId=386T3MLZLNQ3495HHHAJETZUEAV805,39ASUFLU6Y3VXKJCOYQS40EF4O2XE8,7,Submitted,Fri Dec 21 02:18:36 PST 2018,Thu Dec 20 09:13:38 PST 2018,Thu Dec 20 09:38:36 PST 2018,,,,,,[],24.76985
7,NA,NA,0.25,0.2,0.95,0.7,0.8,NA,NA,NA,122,223,223,multi_slider,15,321212,True,NA,1104,5,green,striped,circle,red,cloud,NA,NA,english,2,Male,28,"God bless and have a nice day! Jesus loves you. You gonna have an awesome career full of blessings! 
",Yes,2,Windows,864,1536,Chrome,386T3MLZLNQ3495HHHAJETZUEAV805,3T1XT3I8SXZB1M17G2PNLMVAGJG6HR,English conversations,Answer questions about English conversations.,language research fun cognitive science university,$0.50,Thu Dec 20 09:13:25 PST 2018,9,0,0,0,Reviewable,NotReviewed,1 cond,1800,60000,Sat Jan 19 09:13:25 PST 2019,https://requester.mturk.com/mturk/manageHIT?HITId=386T3MLZLNQ3495HHHAJETZUEAV805,39ASUFLU6Y3VXKJCOYQS40EF4O2XE8,7,Submitted,Fri Dec 21 02:18:36 PST 2018,Thu Dec 20 09:13:38 PST 2018,Thu Dec 20 09:38:36 PST 2018,,,,,,[],24.76985
7,0.95,NA,0.2,1,0.95,0.2,0.2,NA,NA,NA,223,132,132,multi_slider,16,121212,False,NA,1672,6,green,red,striped,circle,cloud,polka-dotted,NA,english,2,Male,28,"God bless and have a nice day! Jesus loves you. You gonna have an awesome career full of blessings! 
",Yes,2,Windows,864,1536,Chrome,386T3MLZLNQ3495HHHAJETZUEAV805,3T1XT3I8SXZB1M17G2PNLMVAGJG6HR,English conversations,Answer questions about English conversations.,language research fun cognitive science university,$0.50,Thu Dec 20 09:13:25 PST 2018,9,0,0,0,Reviewable,NotReviewed,1 cond,1800,60000,Sat Jan 19 09:13:25 PST 2019,https://requester.mturk.com/mturk/manageHIT?HITId=386T3MLZLNQ3495HHHAJETZUEAV805,39ASUFLU6Y3VXKJCOYQS40EF4O2XE8,7,Submitted,Fri Dec 21 02:18:36 PST 2018,Thu Dec 20 09:13:38 PST 2018,Thu Dec 20 09:38:36 PST 2018,,,,,,[],24.76985
7,0.15,0.15,0.95,0.15,0.95,0.95,0.7,NA,NA,NA,333,211,111,multi_slider,17,121112,True,NA,981,7,circle,cloud,blue,solid,square,polka-dotted,green,english,2,Male,28,"God bless and have a nice day! Jesus loves you. You gonna have an awesome career full of blessings! 
",Yes,2,Windows,864,1536,Chrome,386T3MLZLNQ3495HHHAJETZUEAV805,3T1XT3I8SXZB1M17G2PNLMVAGJG6HR,English conversations,Answer questions about English conversations.,language research fun cognitive science university,$0.50,Thu Dec 20 09:13:25 PST 2018,9,0,0,0,Reviewable,NotReviewed,1 cond,1800,60000,Sat Jan 19 09:13:25 PST 2019,https://requester.mturk.com/mturk/manageHIT?HITId=386T3MLZLNQ3495HHHAJETZUEAV805,39ASUFLU6Y3VXKJCOYQS40EF4O2XE8,7,Submitted,Fri Dec 21 02:18:36 PST 2018,Thu Dec 20 09:13:38 PST 2018,Thu Dec 20 09:38:36 PST 2018,,,,,,[],24.76985
8,0.7,0.5,0.65,0.5,0.65,0.65,0.3,0.75,NA,NA,113,232,221,multi_slider,3,111112,True,circle,2118,8,polka-dotted,striped,cloud,green,solid,red,blue,English,1,Male,25,,Yes,1,Windows,1080,1920,Chrome,386T3MLZLNQ3495HHHAJETZUEAV805,3T1XT3I8SXZB1M17G2PNLMVAGJG6HR,English conversations,Answer questions about English conversations.,language research fun cognitive science university,$0.50,Thu Dec 20 09:13:25 PST 2018,9,0,0,0,Reviewable,NotReviewed,1 cond,1800,60000,Sat Jan 19 09:13:25 PST 2019,https://requester.mturk.com/mturk/manageHIT?HITId=386T3MLZLNQ3495HHHAJETZUEAV805,37WLF8U1WQML05RQJXS52IE0RH26KA,8,Submitted,Fri Dec 21 02:29:35 PST 2018,Thu Dec 20 09:41:43 PST 2018,Thu Dec 20 09:49:35 PST 2018,,,,,,[],3.68045
8,NA,NA,1,0.8,0.6,0.5,0.4,NA,NA,NA,221,111,221,multi_slider,4,212132,True,NA,233,5,cloud,solid,circle,blue,striped,NA,NA,English,1,Male,25,,Yes,1,Windows,1080,1920,Chrome,386T3MLZLNQ3495HHHAJETZUEAV805,3T1XT3I8SXZB1M17G2PNLMVAGJG6HR,English conversations,Answer questions about English conversations.,language research fun cognitive science university,$0.50,Thu Dec 20 09:13:25 PST 2018,9,0,0,0,Reviewable,NotReviewed,1 cond,1800,60000,Sat Jan 19 09:13:25 PST 2019,https://requester.mturk.com/mturk/manageHIT?HITId=386T3MLZLNQ3495HHHAJETZUEAV805,37WLF8U1WQML05RQJXS52IE0RH26KA,8,Submitted,Fri Dec 21 02:29:35 PST 2018,Thu Dec 20 09:41:43 PST 2018,Thu Dec 20 09:49:35 PST 2018,,,,,,[],3.68045
8,NA,NA,1,NA,0.25,0.6,1,NA,NA,NA,331,231,331,multi_slider,5,213232,True,NA,2262,4,square,circle,polka-dotted,blue,NA,NA,NA,English,1,Male,25,,Yes,1,Windows,1080,1920,Chrome,386T3MLZLNQ3495HHHAJETZUEAV805,3T1XT3I8SXZB1M17G2PNLMVAGJG6HR,English conversations,Answer questions about English conversations.,language research fun cognitive science university,$0.50,Thu Dec 20 09:13:25 PST 2018,9,0,0,0,Reviewable,NotReviewed,1 cond,1800,60000,Sat Jan 19 09:13:25 PST 2019,https://requester.mturk.com/mturk/manageHIT?HITId=386T3MLZLNQ3495HHHAJETZUEAV805,37WLF8U1WQML05RQJXS52IE0RH26KA,8,Submitted,Fri Dec 21 02:29:35 PST 2018,Thu Dec 20 09:41:43 PST 2018,Thu Dec 20 09:49:35 PST 2018,,,,,,[],3.68045
8,NA,NA,1,0.4,1,1,0.75,NA,NA,NA,223,233,213,multi_slider,6,323211,True,NA,2212,5,polka-dotted,green,circle,striped,solid,NA,NA,English,1,Male,25,,Yes,1,Windows,1080,1920,Chrome,386T3MLZLNQ3495HHHAJETZUEAV805,3T1XT3I8SXZB1M17G2PNLMVAGJG6HR,English conversations,Answer questions about English conversations.,language research fun cognitive science university,$0.50,Thu Dec 20 09:13:25 PST 2018,9,0,0,0,Reviewable,NotReviewed,1 cond,1800,60000,Sat Jan 19 09:13:25 PST 2019,https://requester.mturk.com/mturk/manageHIT?HITId=386T3MLZLNQ3495HHHAJETZUEAV805,37WLF8U1WQML05RQJXS52IE0RH26KA,8,Submitted,Fri Dec 21 02:29:35 PST 2018,Thu Dec 20 09:41:43 PST 2018,Thu Dec 20 09:49:35 PST 2018,,,,,,[],3.68045
8,NA,NA,0.25,0.6,0.75,0.75,0.45,NA,NA,NA,233,212,233,multi_slider,7,212132,True,NA,219,5,circle,polka-dotted,green,solid,red,NA,NA,English,1,Male,25,,Yes,1,Windows,1080,1920,Chrome,386T3MLZLNQ3495HHHAJETZUEAV805,3T1XT3I8SXZB1M17G2PNLMVAGJG6HR,English conversations,Answer questions about English conversations.,language research fun cognitive science university,$0.50,Thu Dec 20 09:13:25 PST 2018,9,0,0,0,Reviewable,NotReviewed,1 cond,1800,60000,Sat Jan 19 09:13:25 PST 2019,https://requester.mturk.com/mturk/manageHIT?HITId=386T3MLZLNQ3495HHHAJETZUEAV805,37WLF8U1WQML05RQJXS52IE0RH26KA,8,Submitted,Fri Dec 21 02:29:35 PST 2018,Thu Dec 20 09:41:43 PST 2018,Thu Dec 20 09:49:35 PST 2018,,,,,,[],3.68045
8,0.75,0.35,0.5,0.3,0.4,0.6,0.8,0.25,0.35,green,132,221,313,multi_slider,8,111111,False,blue,1300,9,striped,polka-dotted,circle,red,square,cloud,solid,English,1,Male,25,,Yes,1,Windows,1080,1920,Chrome,386T3MLZLNQ3495HHHAJETZUEAV805,3T1XT3I8SXZB1M17G2PNLMVAGJG6HR,English conversations,Answer questions about English conversations.,language research fun cognitive science university,$0.50,Thu Dec 20 09:13:25 PST 2018,9,0,0,0,Reviewable,NotReviewed,1 cond,1800,60000,Sat Jan 19 09:13:25 PST 2019,https://requester.mturk.com/mturk/manageHIT?HITId=386T3MLZLNQ3495HHHAJETZUEAV805,37WLF8U1WQML05RQJXS52IE0RH26KA,8,Submitted,Fri Dec 21 02:29:35 PST 2018,Thu Dec 20 09:41:43 PST 2018,Thu Dec 20 09:49:35 PST 2018,,,,,,[],3.68045
8,0.45,0.75,0.6,0.65,0.6,0.4,0.35,0.6,0.35,cloud,332,223,111,multi_slider,9,111111,False,red,1270,9,solid,striped,green,polka-dotted,square,blue,circle,English,1,Male,25,,Yes,1,Windows,1080,1920,Chrome,386T3MLZLNQ3495HHHAJETZUEAV805,3T1XT3I8SXZB1M17G2PNLMVAGJG6HR,English conversations,Answer questions about English conversations.,language research fun cognitive science university,$0.50,Thu Dec 20 09:13:25 PST 2018,9,0,0,0,Reviewable,NotReviewed,1 cond,1800,60000,Sat Jan 19 09:13:25 PST 2019,https://requester.mturk.com/mturk/manageHIT?HITId=386T3MLZLNQ3495HHHAJETZUEAV805,37WLF8U1WQML05RQJXS52IE0RH26KA,8,Submitted,Fri Dec 21 02:29:35 PST 2018,Thu Dec 20 09:41:43 PST 2018,Thu Dec 20 09:49:35 PST 2018,,,,,,[],3.68045
8,NA,NA,1,1,0.95,0.25,0.3,NA,NA,NA,331,231,311,multi_slider,10,322122,True,NA,2018,5,polka-dotted,solid,circle,blue,square,NA,NA,English,1,Male,25,,Yes,1,Windows,1080,1920,Chrome,386T3MLZLNQ3495HHHAJETZUEAV805,3T1XT3I8SXZB1M17G2PNLMVAGJG6HR,English conversations,Answer questions about English conversations.,language research fun cognitive science university,$0.50,Thu Dec 20 09:13:25 PST 2018,9,0,0,0,Reviewable,NotReviewed,1 cond,1800,60000,Sat Jan 19 09:13:25 PST 2019,https://requester.mturk.com/mturk/manageHIT?HITId=386T3MLZLNQ3495HHHAJETZUEAV805,37WLF8U1WQML05RQJXS52IE0RH26KA,8,Submitted,Fri Dec 21 02:29:35 PST 2018,Thu Dec 20 09:41:43 PST 2018,Thu Dec 20 09:49:35 PST 2018,,,,,,[],3.68045
8,NA,NA,0.7,0.45,0.75,1,0.65,NA,NA,NA,221,121,231,multi_slider,11,322122,True,NA,2024,5,circle,cloud,blue,polka-dotted,striped,NA,NA,English,1,Male,25,,Yes,1,Windows,1080,1920,Chrome,386T3MLZLNQ3495HHHAJETZUEAV805,3T1XT3I8SXZB1M17G2PNLMVAGJG6HR,English conversations,Answer questions about English conversations.,language research fun cognitive science university,$0.50,Thu Dec 20 09:13:25 PST 2018,9,0,0,0,Reviewable,NotReviewed,1 cond,1800,60000,Sat Jan 19 09:13:25 PST 2019,https://requester.mturk.com/mturk/manageHIT?HITId=386T3MLZLNQ3495HHHAJETZUEAV805,37WLF8U1WQML05RQJXS52IE0RH26KA,8,Submitted,Fri Dec 21 02:29:35 PST 2018,Thu Dec 20 09:41:43 PST 2018,Thu Dec 20 09:49:35 PST 2018,,,,,,[],3.68045
8,0.3,NA,0.65,0.6,0.4,0.35,0.55,NA,NA,NA,331,213,333,multi_slider,12,212112,True,NA,1729,6,blue,polka-dotted,circle,square,green,solid,NA,English,1,Male,25,,Yes,1,Windows,1080,1920,Chrome,386T3MLZLNQ3495HHHAJETZUEAV805,3T1XT3I8SXZB1M17G2PNLMVAGJG6HR,English conversations,Answer questions about English conversations.,language research fun cognitive science university,$0.50,Thu Dec 20 09:13:25 PST 2018,9,0,0,0,Reviewable,NotReviewed,1 cond,1800,60000,Sat Jan 19 09:13:25 PST 2019,https://requester.mturk.com/mturk/manageHIT?HITId=386T3MLZLNQ3495HHHAJETZUEAV805,37WLF8U1WQML05RQJXS52IE0RH26KA,8,Submitted,Fri Dec 21 02:29:35 PST 2018,Thu Dec 20 09:41:43 PST 2018,Thu Dec 20 09:49:35 PST 2018,,,,,,[],3.68045
8,NA,NA,0.45,0.35,0.3,0.6,0.8,NA,NA,NA,312,322,311,multi_slider,13,322122,True,NA,2032,5,red,solid,striped,square,blue,NA,NA,English,1,Male,25,,Yes,1,Windows,1080,1920,Chrome,386T3MLZLNQ3495HHHAJETZUEAV805,3T1XT3I8SXZB1M17G2PNLMVAGJG6HR,English conversations,Answer questions about English conversations.,language research fun cognitive science university,$0.50,Thu Dec 20 09:13:25 PST 2018,9,0,0,0,Reviewable,NotReviewed,1 cond,1800,60000,Sat Jan 19 09:13:25 PST 2019,https://requester.mturk.com/mturk/manageHIT?HITId=386T3MLZLNQ3495HHHAJETZUEAV805,37WLF8U1WQML05RQJXS52IE0RH26KA,8,Submitted,Fri Dec 21 02:29:35 PST 2018,Thu Dec 20 09:41:43 PST 2018,Thu Dec 20 09:49:35 PST 2018,,,,,,[],3.68045
8,0.45,NA,0.3,0.3,0.75,0.35,0.55,NA,NA,NA,123,211,123,multi_slider,14,212121,False,NA,916,6,solid,green,striped,cloud,blue,circle,NA,English,1,Male,25,,Yes,1,Windows,1080,1920,Chrome,386T3MLZLNQ3495HHHAJETZUEAV805,3T1XT3I8SXZB1M17G2PNLMVAGJG6HR,English conversations,Answer questions about English conversations.,language research fun cognitive science university,$0.50,Thu Dec 20 09:13:25 PST 2018,9,0,0,0,Reviewable,NotReviewed,1 cond,1800,60000,Sat Jan 19 09:13:25 PST 2019,https://requester.mturk.com/mturk/manageHIT?HITId=386T3MLZLNQ3495HHHAJETZUEAV805,37WLF8U1WQML05RQJXS52IE0RH26KA,8,Submitted,Fri Dec 21 02:29:35 PST 2018,Thu Dec 20 09:41:43 PST 2018,Thu Dec 20 09:49:35 PST 2018,,,,,,[],3.68045
8,0.4,0.5,0.45,0.4,0.35,0.35,0.45,0.45,NA,NA,223,132,331,multi_slider,15,111112,True,blue,2102,8,cloud,polka-dotted,circle,green,striped,red,square,English,1,Male,25,,Yes,1,Windows,1080,1920,Chrome,386T3MLZLNQ3495HHHAJETZUEAV805,3T1XT3I8SXZB1M17G2PNLMVAGJG6HR,English conversations,Answer questions about English conversations.,language research fun cognitive science university,$0.50,Thu Dec 20 09:13:25 PST 2018,9,0,0,0,Reviewable,NotReviewed,1 cond,1800,60000,Sat Jan 19 09:13:25 PST 2019,https://requester.mturk.com/mturk/manageHIT?HITId=386T3MLZLNQ3495HHHAJETZUEAV805,37WLF8U1WQML05RQJXS52IE0RH26KA,8,Submitted,Fri Dec 21 02:29:35 PST 2018,Thu Dec 20 09:41:43 PST 2018,Thu Dec 20 09:49:35 PST 2018,,,,,,[],3.68045
8,0.6,0.35,0.65,0.4,0.3,0.4,0.4,0.3,0.65,blue,112,231,323,multi_slider,16,111111,False,cloud,1294,9,polka-dotted,red,circle,square,striped,green,solid,English,1,Male,25,,Yes,1,Windows,1080,1920,Chrome,386T3MLZLNQ3495HHHAJETZUEAV805,3T1XT3I8SXZB1M17G2PNLMVAGJG6HR,English conversations,Answer questions about English conversations.,language research fun cognitive science university,$0.50,Thu Dec 20 09:13:25 PST 2018,9,0,0,0,Reviewable,NotReviewed,1 cond,1800,60000,Sat Jan 19 09:13:25 PST 2019,https://requester.mturk.com/mturk/manageHIT?HITId=386T3MLZLNQ3495HHHAJETZUEAV805,37WLF8U1WQML05RQJXS52IE0RH26KA,8,Submitted,Fri Dec 21 02:29:35 PST 2018,Thu Dec 20 09:41:43 PST 2018,Thu Dec 20 09:49:35 PST 2018,,,,,,[],3.68045
8,0.55,NA,0.4,0.4,0.7,0.65,0.3,NA,NA,NA,112,321,112,multi_slider,17,212121,False,NA,926,6,red,solid,cloud,blue,square,striped,NA,English,1,Male,25,,Yes,1,Windows,1080,1920,Chrome,386T3MLZLNQ3495HHHAJETZUEAV805,3T1XT3I8SXZB1M17G2PNLMVAGJG6HR,English conversations,Answer questions about English conversations.,language research fun cognitive science university,$0.50,Thu Dec 20 09:13:25 PST 2018,9,0,0,0,Reviewable,NotReviewed,1 cond,1800,60000,Sat Jan 19 09:13:25 PST 2019,https://requester.mturk.com/mturk/manageHIT?HITId=386T3MLZLNQ3495HHHAJETZUEAV805,37WLF8U1WQML05RQJXS52IE0RH26KA,8,Submitted,Fri Dec 21 02:29:35 PST 2018,Thu Dec 20 09:41:43 PST 2018,Thu Dec 20 09:49:35 PST 2018,,,,,,[],3.68045
